player_appearance_id,fixture_id,checkpoint,true_label,xgboost_base_checkpoint,xgboost_sprints_shots,xgboost_base_plus_passing,xgboost_base_plus_pressure,xgboost_recent_only,xgboost_cumulative_only,xgboost_external_context,xgboost_all_features,logistic_all_features,extra_trees_all_features,random_forest_all_features,lightgbm_all_features,stacked_all_features
39421,1159,H1_15,0,0.012095079757273197,0.0023207124322652817,0.007773456629365683,0.010814560577273369,0.001730231917463243,0.032622382044792175,0.32273921370506287,0.0015155121218413115,0.00044723592795997436,0.0,0.0041695460340248685,0.0007347178574996795,0.034681067135616826
39422,1159,H1_15,0,0.07992365956306458,0.08048629015684128,0.12189523875713348,0.06132425740361214,0.07499989122152328,0.024287806823849678,0.32273921370506287,0.04418284818530083,0.40270228859464036,0.09002663206533644,0.11452883858647912,0.019275718974914306,0.051171619429270704
39423,1159,H1_15,0,0.23199613392353058,0.013348421081900597,0.30619680881500244,0.2156563550233841,0.15481677651405334,0.4821339547634125,0.32273921370506287,0.12686792016029358,0.5178242006097057,0.21852193930164324,0.19339807121156025,0.05977291127600003,0.08373053478743148
39424,1159,H1_15,0,0.13256235420703888,0.1497902125120163,0.1324368715286255,0.10590118169784546,0.15619468688964844,0.09208530932664871,0.32273921370506287,0.19854648411273956,0.5903166885348134,0.1548673226434016,0.1541696878422094,0.1264152639687931,0.0703502476508518
39425,1159,H1_15,0,0.009121033363044262,0.2835153639316559,0.013346108607947826,0.008612994104623795,0.07089675962924957,0.004458345007151365,0.32273921370506287,0.02748154103755951,0.4424019749059569,0.17010381968850127,0.17997066168633002,0.003567655901127408,0.06996279382350756
39426,1159,H1_15,1,0.02337828278541565,0.4433181583881378,0.02813497558236122,0.02118663489818573,0.030791953206062317,0.02750702016055584,0.32273921370506287,0.018191328272223473,0.43005400556981155,0.21110264866860357,0.14161123560449843,0.025058477132708066,0.07166103658045947
39429,1159,H1_15,0,0.15567712485790253,0.1032099574804306,0.22359837591648102,0.20797815918922424,0.41825076937675476,0.19093124568462372,0.32273921370506287,0.26637932658195496,0.924543041851337,0.2389831463971855,0.27287193445287583,0.12301484496518514,0.10261006988940126
39431,1159,H1_15,0,0.07945995777845383,0.24561670422554016,0.07767599821090698,0.09506890922784805,0.06577478349208832,0.06745898723602295,0.32273921370506287,0.04980258643627167,0.37163970556603143,0.1658157601255004,0.19871970362336627,0.07285467156973911,0.08052651787692579
39433,1159,H1_15,0,0.00882607139647007,0.0903131291270256,0.01349224615842104,0.005215905606746674,0.04145612567663193,0.009033203125,0.32273921370506287,0.007397843990474939,0.4344792697040928,0.1420279043898679,0.11330761600465285,0.0030744714366441137,0.055763593103928255
39435,1159,H1_15,1,0.007623526267707348,0.01580856554210186,0.00581388222053647,0.006155302282422781,0.014563466422259808,0.004448791034519672,0.32273921370506287,0.005885270889848471,0.33282904287228526,0.13017334642462372,0.09914762744256099,0.001753209503819043,0.053824815684131146
39436,1159,H1_15,0,0.09822814911603928,0.38409683108329773,0.17032963037490845,0.08377689123153687,0.1514992117881775,0.03909127041697502,0.32273921370506287,0.16201965510845184,0.488356417861963,0.09320298427234523,0.08431923504894526,0.06468791584096752,0.048896187707788495
39437,1159,H1_15,0,0.012117588892579079,0.02047615684568882,0.014443567954003811,0.008743498474359512,0.012126079760491848,0.011517379432916641,0.4352051019668579,0.008720575831830502,0.0009238907197437929,0.011240224977400093,0.024125356063892416,0.00459176259305563,0.03761300211554446
39438,1159,H1_15,1,0.002158508403226733,0.10998047888278961,0.002363559091463685,0.002215549349784851,0.005108816549181938,0.0019117966294288635,0.4352051019668579,0.0062464517541229725,0.1106687386445692,0.02975184978491832,0.03687027927772149,0.001439792022722929,0.03907484869002992
39439,1159,H1_15,0,0.3245517909526825,0.2116321623325348,0.18908195197582245,0.2972927391529083,0.07536175101995468,0.45549914240837097,0.4352051019668579,0.20834268629550934,0.022233522449645982,0.12551647474152886,0.1811375847746999,0.20416333016828342,0.09044772535096897
39440,1159,H1_15,1,0.0033733549062162638,0.007369131315499544,0.0033376922365278006,0.0038440737407654524,0.02151690237224102,0.0022300793789327145,0.4352051019668579,0.004531437531113625,0.14141569854726588,0.05298528670019245,0.07826448671564079,0.0018854712714531656,0.04541818822686561
39441,1159,H1_15,0,0.055766623467206955,0.17825177311897278,0.04218924418091774,0.0653991773724556,0.2046217918395996,0.04795221984386444,0.4352051019668579,0.07118890434503555,0.5582894010826989,0.28876705521200724,0.32164501379864074,0.03810901528193178,0.1279683874793401
39442,1159,H1_15,0,0.30940088629722595,0.14502310752868652,0.4149872064590454,0.13511638343334198,0.2840818166732788,0.27891820669174194,0.4352051019668579,0.21090640127658844,0.0035970365501589428,0.29778118460983827,0.262142830621965,0.1931563920146971,0.15499147978711322
39443,1159,H1_15,0,0.2764091193675995,0.6685963273048401,0.2925862967967987,0.2708769142627716,0.06764592975378036,0.07921328395605087,0.4352051019668579,0.32842230796813965,0.292550420982902,0.16130339143188707,0.15910079703652552,0.39124820572263325,0.1103124881356795
39444,1159,H1_15,1,0.019920676946640015,0.40492165088653564,0.0355013906955719,0.021219870075583458,0.0942777544260025,0.02135094627737999,0.4352051019668579,0.024910328909754753,0.3652388224270342,0.186267789789214,0.2057161378993292,0.008207932930925069,0.07936728599544417
39445,1159,H1_15,0,0.04787837713956833,0.10837346315383911,0.070830337703228,0.07203659415245056,0.30297529697418213,0.0540585033595562,0.4352051019668579,0.08569113165140152,0.7140432688644729,0.23124267834833717,0.18756605472616736,0.04486424641796631,0.07939031786931344
39448,1159,H1_15,0,0.07098887115716934,0.07048691064119339,0.0898718386888504,0.07323472201824188,0.04171296954154968,0.09566938877105713,0.4352051019668579,0.07376779615879059,0.5899684176176666,0.24662592347716478,0.19753975478922028,0.03699114848610918,0.08607306900440574
39449,1159,H1_15,0,0.014607096090912819,0.034551627933979034,0.01776033081114292,0.022794710472226143,0.03384549543261528,0.03898311033844948,0.4352051019668579,0.057062778621912,0.5207654114995088,0.16521840632459853,0.18030895097433222,0.06797030204241744,0.0733738362168424
39421,1159,H1_30,0,0.005292869172990322,0.0023207124322652817,0.0061998204328119755,0.004232891369611025,0.003771941177546978,0.0043077245354652405,0.19855882227420807,0.0013804585905745625,0.0020093381129475886,0.0,0.0,0.00041834416464171223,0.03427838769643755
39422,1159,H1_30,0,0.002682967809960246,0.013021226041018963,0.002196656307205558,0.0014871391467750072,0.03947645425796509,0.001425272785127163,0.19855882227420807,0.002619780832901597,0.23408889705610178,0.06277588082234374,0.032810784593355465,0.0017918085447746,0.04019056069722955
39423,1159,H1_30,0,0.01386396773159504,0.09215230494737625,0.014445089735090733,0.018276624381542206,0.03084757551550865,0.016203267499804497,0.19855882227420807,0.019532585516572,0.1293919666112738,0.0630294499302539,0.05350084925812732,0.004745433909678164,0.043842942946082264
39424,1159,H1_30,0,0.05615473538637161,0.05633312463760376,0.06668667495250702,0.06196414679288864,0.269134521484375,0.0937887579202652,0.19855882227420807,0.18710532784461975,0.5892972988585616,0.07879342598791307,0.12542514634786472,0.11724508643910836,0.054729566533008644
39425,1159,H1_30,0,0.04015132784843445,0.46033716201782227,0.04257385432720184,0.03467009961605072,0.03638511523604393,0.018224021419882774,0.19855882227420807,0.08275862038135529,0.7030956566370851,0.2786244943757805,0.24973272638859828,0.02578262357290203,0.10016361601264762
39426,1159,H1_30,1,0.01776900887489319,0.3853077292442322,0.02539321593940258,0.01906299963593483,0.40991324186325073,0.016223102807998657,0.19855882227420807,0.02980322763323784,0.2221607775427396,0.16323988295083952,0.15762999143208098,0.013643022277876837,0.07010940144649418
39429,1159,H1_30,0,0.016040386632084846,0.07224349677562714,0.023417092859745026,0.026158547028899193,0.05022362247109413,0.037172675132751465,0.19855882227420807,0.015594052150845528,0.3123291271386666,0.15485922838148974,0.1527101821109246,0.004628738022758,0.06564933893134979
39431,1159,H1_30,0,0.14920808374881744,0.2743006646633148,0.08867477625608444,0.16545997560024261,0.22996550798416138,0.20151060819625854,0.19855882227420807,0.1468464434146881,0.501037696007401,0.33305621273408414,0.3259143423900463,0.16483220225445044,0.1654479910604453
39433,1159,H1_30,0,0.038176074624061584,0.2307579666376114,0.03260139748454094,0.03058680146932602,0.01962815597653389,0.040326327085494995,0.19855882227420807,0.014111317694187164,0.014240694460300712,0.13687307775122026,0.15520197281443973,0.004589389639828144,0.06913673236292821
39435,1159,H1_30,1,0.03847738355398178,0.16587822139263153,0.022389911115169525,0.02683977223932743,0.14882396161556244,0.036333777010440826,0.19855882227420807,0.09469278156757355,0.0005592315812031404,0.11122912676521086,0.15467718711984407,0.04105931375033751,0.0680821529528617
39436,1159,H1_30,0,0.007000871002674103,0.05578674376010895,0.011436643078923225,0.005908928345888853,0.03251762315630913,0.009103002026677132,0.19855882227420807,0.015321999788284302,0.39173460936640936,0.07248472981969693,0.035272026470488764,0.003257414992082557,0.039539762141046424
39437,1159,H1_30,0,0.028254183009266853,0.006421421654522419,0.03308020159602165,0.02006559446454048,0.02353721857070923,0.012162256054580212,0.35070154070854187,0.020578371360898018,0.03241291654767345,0.005573129302839828,0.025446814527880387,0.0032396081569066593,0.03682239502061122
39438,1159,H1_30,0,0.0004936668556183577,0.07296265661716461,0.0003816685057245195,0.0003116561274509877,0.004016371443867683,0.0005233477568253875,0.35070154070854187,0.0005839139921590686,0.10802561622074816,0.04276565387425934,0.021105486367732407,5.509438370817452e-05,0.038607271761593
39439,1159,H1_30,0,0.3338514268398285,0.18907228112220764,0.23495995998382568,0.37003326416015625,0.040687721222639084,0.4129716753959656,0.35070154070854187,0.2212766855955124,0.455916606837576,0.11305566392353449,0.16767273416911715,0.1538871184497401,0.07113780759797819
39440,1159,H1_30,1,0.006701180711388588,0.06522955745458603,0.007344130426645279,0.005062999669462442,0.005191534757614136,0.014511528424918652,0.35070154070854187,0.004318596329540014,0.003534414692000211,0.03037962421985945,0.050988848297433324,0.0016659143474576576,0.041918332804663914
39441,1159,H1_30,0,0.0013225373113527894,0.16510455310344696,0.0011667300714179873,0.001233001472428441,0.0020187776535749435,0.0019254557555541396,0.35070154070854187,0.000830675708130002,0.08647243488465475,0.07713907332204309,0.05373051216720422,0.0007116382192462828,0.04568465658647558
39442,1159,H1_30,0,0.009686427190899849,0.11756216734647751,0.015753278508782387,0.011425855569541454,0.009025015868246555,0.050638340413570404,0.35070154070854187,0.017281848937273026,0.10454063756633705,0.1392348314798803,0.1348352877074179,0.0019471722138722602,0.06411350619389361
39443,1159,H1_30,0,0.019478799775242805,0.5675686001777649,0.01176660880446434,0.009450839832425117,0.0230995062738657,0.003910883329808712,0.35070154070854187,0.016954874619841576,0.057256013322233214,0.07444485096215153,0.07628571066688025,0.004282851989528038,0.048688978407951417
39444,1159,H1_30,0,0.05638323351740837,0.053330425173044205,0.10308487713336945,0.047738559544086456,0.04179785028100014,0.08464061468839645,0.35070154070854187,0.060915250331163406,0.7289850025743567,0.3567433214490138,0.22342981990737737,0.022979817181122346,0.10986981416416551
39445,1159,H1_30,0,0.014922330155968666,0.0038708632346242666,0.014262204989790916,0.018915103748440742,0.03876807913184166,0.007891958579421043,0.35070154070854187,0.01587606407701969,0.3118947523007644,0.16959487818765512,0.13312473842704206,0.013243428489328813,0.06523020942603472
39448,1159,H1_30,0,0.26412779092788696,0.1665891706943512,0.18514971435070038,0.24493882060050964,0.24216389656066895,0.08549895137548447,0.35070154070854187,0.27488458156585693,0.5603684604907636,0.23122783509349418,0.23571207081179774,0.1505813582998405,0.10450471795975254
39449,1159,H1_30,0,0.00783283170312643,0.02204054594039917,0.006076269317418337,0.007980289869010448,0.002294090809300542,0.02859865315258503,0.35070154070854187,0.00870288535952568,0.15100915909833187,0.044046954713070595,0.05018120993384653,0.0030227511049857416,0.04133987631096703
39421,1159,H1_45,0,0.004265389870852232,0.0034588382113724947,0.005800430662930012,0.0032183730509132147,0.0071920789778232574,0.004359516780823469,0.18694087862968445,0.005075582768768072,0.000633673364293251,0.017811620671632875,0.02949791012401297,0.0013914601577389826,0.03857074807494758
39422,1159,H1_45,0,0.0019463577773422003,0.02091841772198677,0.005257467273622751,0.002612166805192828,0.06160686910152435,0.0013538954081013799,0.18694087862968445,0.005334117449820042,0.14708438884930716,0.02314421018005989,0.03748399364847406,0.0016616895822485062,0.03815911990220836
39423,1159,H1_45,0,0.0076157343573868275,0.007315138820558786,0.011424520052969456,0.013320986181497574,0.02580004371702671,0.006549517158418894,0.18694087862968445,0.006646431516855955,0.2959743322197956,0.04968899204743222,0.06544264346191035,0.002159554786682146,0.04171290407689951
39424,1159,H1_45,0,0.01454339548945427,0.023447290062904358,0.018616385757923126,0.007022460922598839,0.0500124953687191,0.02602727711200714,0.18694087862968445,0.005636338610202074,0.025637908476984484,0.04863034122018253,0.055141487222919464,0.0015802880754961538,0.04383649635379946
39425,1159,H1_45,0,0.06038852781057358,0.5585461258888245,0.07617109268903732,0.04842754080891609,0.1307423859834671,0.02369118109345436,0.18694087862968445,0.03715508058667183,0.7164232757469936,0.25178614008100375,0.15697925103258048,0.005833349342208906,0.07346093456974499
39426,1159,H1_45,1,0.03426818549633026,0.08958527445793152,0.04836653918027878,0.03348493203520775,0.35232752561569214,0.017953351140022278,0.18694087862968445,0.07077425718307495,0.17160913257792754,0.11486508926858008,0.15557732698773066,0.031847574860453164,0.06488495675437916
39429,1159,H1_45,0,0.20495708286762238,0.3731040060520172,0.18886347115039825,0.1527632176876068,0.13815636932849884,0.06595305353403091,0.18694087862968445,0.23748654127120972,0.5539624391598486,0.196172038531797,0.20839909271553636,0.06018965584315462,0.081305752615062
39431,1159,H1_45,0,0.1557387113571167,0.07820382714271545,0.2500007450580597,0.24157743155956268,0.2644449770450592,0.05863986909389496,0.18694087862968445,0.26040205359458923,0.7523879120125467,0.28851228555295594,0.2416269252828333,0.0475228293360734,0.10019905737370961
39433,1159,H1_45,0,0.019941259175539017,0.12131321430206299,0.021796148270368576,0.019793041050434113,0.07274214923381805,0.016261762008070946,0.18694087862968445,0.020169559866189957,0.5604935039815568,0.1411485269392448,0.13866587943249048,0.00863135871066665,0.05768670772374714
39435,1159,H1_45,1,0.007171668577939272,0.0011437120847404003,0.009982689283788204,0.004912043921649456,0.004250901751220226,0.024040648713707924,0.18694087862968445,0.004429517779499292,0.5533211495491146,0.06925711016754504,0.047298835793722946,0.0016518339556676842,0.03865113745504377
39436,1159,H1_45,0,0.008267577737569809,0.12712420523166656,0.013568191789090633,0.00857126247137785,0.021347651258111,0.014242066070437431,0.18694087862968445,0.007304495666176081,0.04929671386707381,0.06794724489399745,0.047439759901812664,0.0030736926887604747,0.04463434612562228
39437,1159,H1_45,0,0.004378803540021181,0.0011555672390386462,0.004922587890177965,0.0033656014129519463,0.002452556509524584,0.002932885894551873,0.33963459730148315,0.0033663420472294092,0.006563275488911086,0.001193823216187433,0.008014764497329576,0.0007146833148808142,0.03505354400036336
39438,1159,H1_45,0,0.0027392986230552197,0.03198676556348801,0.0029983401764184237,0.002850860822945833,0.07785042375326157,0.0017719604074954987,0.33963459730148315,0.0026273708790540695,0.16192993385175553,0.0343856306480156,0.015444111525494648,0.0009231513057725095,0.03677660914670102
39439,1159,H1_45,0,0.024267587810754776,0.4331372082233429,0.012283140793442726,0.023401057347655296,0.008659923449158669,0.186926007270813,0.33963459730148315,0.017748448997735977,0.08201167560140031,0.06224532008334246,0.06767733672897491,0.00574399737878809,0.04609024635019371
39440,1159,H1_45,1,0.01978243514895439,0.1448850780725479,0.015691006556153297,0.023869000375270844,0.02016841061413288,0.06617309153079987,0.33963459730148315,0.018415549769997597,0.07598221585007588,0.042509303552760266,0.07254108311707654,0.0062363332400973215,0.04476248034676114
39441,1159,H1_45,0,0.003324645571410656,0.009435425512492657,0.00336166238412261,0.00400960398837924,0.002221768954768777,0.007826230488717556,0.33963459730148315,0.0032442407682538033,0.1225285884560356,0.06495477193637526,0.06091870923760782,0.0026385419367609417,0.044906391423085966
39442,1159,H1_45,0,0.02203650400042534,0.023137355223298073,0.019267406314611435,0.03803607076406479,0.039658937603235245,0.03243320435285568,0.33963459730148315,0.03668603673577309,0.20064086066486825,0.17733318688425664,0.16415636883501147,0.010950955209371702,0.07364623885449391
39443,1159,H1_45,0,0.0005274293944239616,0.029005298390984535,0.0008947294554673135,0.0008203302277252078,0.0020472335163503885,0.0006292300531640649,0.33963459730148315,0.0011375898029655218,0.049549526253162814,0.04279412294244419,0.045107015929049345,0.0012314893476929097,0.04185859020061768
39444,1159,H1_45,0,0.18625588715076447,0.6861572265625,0.26382458209991455,0.36919620633125305,0.06081487983465195,0.18478253483772278,0.33963459730148315,0.18616603314876556,0.9646154049094305,0.25315081869592765,0.1889648022219833,0.16036129801611362,0.09070970777393587
39445,1159,H1_45,0,0.004419796168804169,0.008299415931105614,0.009555129334330559,0.00536351976916194,0.023796239867806435,0.0017374353483319283,0.33963459730148315,0.007075808942317963,0.1268049384040974,0.16544748562671227,0.14474633685972627,0.004810352972672693,0.06944463473587867
39448,1159,H1_45,0,0.02642936259508133,0.3733516335487366,0.030776072293519974,0.037901755422353745,0.035063501447439194,0.06566639989614487,0.33963459730148315,0.04286568984389305,0.335259795483406,0.21405832233835578,0.16625903107507659,0.027391532613751213,0.07875040945466934
39449,1159,H1_45,0,0.005031334701925516,0.0421593114733696,0.009330031462013721,0.009900957345962524,0.08847187459468842,0.012695400975644588,0.33963459730148315,0.012480022385716438,0.3007835012505461,0.058041417093648406,0.05199738855168703,0.004589028531235723,0.041100242118916504
39421,1159,H2_15,0,0.004146050661802292,0.0010741215664893389,0.004615369252860546,0.002541276626288891,0.004533447325229645,0.00491084111854434,0.06761042028665543,0.0055318246595561504,0.002334215227753198,0.0015634588563458855,0.006847456455630458,0.001399682246655797,0.035045661475498806
39422,1159,H2_15,0,0.002485224511474371,0.008501079864799976,0.002349316840991378,0.0025597200728952885,0.022694220766425133,0.002984005957841873,0.06761042028665543,0.002000931417569518,0.024130986019458744,0.008694123701770024,0.01198732525720019,0.0005837347776665954,0.03582801886272193
39423,1159,H2_15,0,0.0019265980226919055,0.03708233684301376,0.0024188084062188864,0.0023121379781514406,0.002840959932655096,0.018842075020074844,0.06761042028665543,0.0047512114979326725,0.0035700305499171553,0.024760358535278592,0.03443732778331658,0.002597044284425255,0.039704877081860775
39424,1159,H2_15,0,0.004320220556110144,0.00044668096234090626,0.005578772164881229,0.005598761141300201,0.025466445833444595,0.005903833080083132,0.06761042028665543,0.00320178153924644,0.01697387241501326,0.04910027928526144,0.03818452672680687,0.0016596398902323595,0.042127354311760006
39425,1159,H2_15,0,0.0164203904569149,0.12086166441440582,0.010244838893413544,0.01923731341958046,0.12137187272310257,0.008323677815496922,0.06761042028665543,0.00862521305680275,0.03266108718781897,0.1084262023779861,0.13002975554331053,0.0011565307532194736,0.06042831618253458
39426,1159,H2_15,0,0.0042156740091741085,0.013284957967698574,0.006867799907922745,0.007442839909344912,0.015797151252627373,0.00493610929697752,0.06761042028665543,0.002214723266661167,0.3323828000821063,0.21090311183804344,0.1023229420962821,0.0014786667674915822,0.06482880827199304
39429,1159,H2_15,0,0.07097183167934418,0.12287051230669022,0.03421797603368759,0.04326027259230614,0.04891161993145943,0.02417627163231373,0.06761042028665543,0.07398129254579544,0.4335793241858831,0.11436733248081969,0.15405556848709204,0.018263484637298658,0.05899337359566528
39431,1159,H2_15,0,0.14605018496513367,0.018947044387459755,0.14777512848377228,0.15417569875717163,0.048169270157814026,0.1235252395272255,0.06761042028665543,0.10312983393669128,0.22159371015078075,0.1830821550735365,0.18586584567137626,0.0381009142639281,0.08045194376281571
39433,1159,H2_15,0,0.008197398856282234,0.0599822998046875,0.005836205556988716,0.005803717765957117,0.21976256370544434,0.010025788098573685,0.06761042028665543,0.010695488192141056,0.04605913472251889,0.09530660196843853,0.11049547749753984,0.00187927472706078,0.05569110415197175
39435,1159,H2_15,0,0.01731015183031559,0.1641467809677124,0.01657787151634693,0.016337063163518906,0.08859293907880783,0.019376324489712715,0.06761042028665543,0.02306845597922802,0.25136925536793925,0.15091342868247232,0.0936080614923573,0.007127193139922408,0.0571644429350443
39436,1159,H2_15,0,0.003020784119144082,0.007275742944329977,0.002806387608870864,0.0018105661729350686,0.0035132807679474354,0.003900492563843727,0.06761042028665543,0.0017501059919595718,0.2756601695201053,0.060005372913357224,0.03603956658230193,0.00024647386595346,0.039718831643430104
39437,1159,H2_15,0,0.0036226059310138226,0.0011848792200908065,0.003887625178322196,0.002876827958971262,0.003124379087239504,0.0034186921548098326,0.3195919394493103,0.0049111489206552505,0.003062456906635222,0.0028246058754833312,0.008468792344993212,0.0007722450372659113,0.03526058263849944
39438,1159,H2_15,0,0.0006107666413299739,0.0025105795357376337,0.0005486185546033084,0.0004049220879096538,0.0024035184178501368,0.0007827768567949533,0.3195919394493103,0.00036274478770792484,0.06272740138101517,0.02724790200149243,0.010389133425980211,0.0002796048709706127,0.03676527502911564
39439,1159,H2_15,0,0.013144446536898613,0.2671619951725006,0.012357835657894611,0.004654814023524523,0.02456599473953247,0.0447782538831234,0.3195919394493103,0.008814848959445953,0.11185318744914935,0.0933046640502993,0.0853655629693167,0.00564407913804732,0.05125275887332165
39440,1159,H2_15,1,0.03854367136955261,0.06127072870731354,0.0462697371840477,0.04525276646018028,0.015395721420645714,0.04198822006583214,0.3195919394493103,0.02138357050716877,0.03728281807528855,0.042390430239215224,0.06765358340340145,0.0052991865154141836,0.04464229202253783
39441,1159,H2_15,0,0.0025384051259607077,0.017070533707737923,0.0023447114508599043,0.0022917697206139565,0.04692107066512108,0.00881846621632576,0.3195919394493103,0.00791922863572836,0.0250209402391823,0.0628973762831028,0.033774908699264465,0.002106436876630191,0.04286605582386874
39442,1159,H2_15,0,0.008612220175564289,0.039438147097826004,0.007138979155570269,0.011932279914617538,0.005940488539636135,0.0888984277844429,0.3195919394493103,0.01058236975222826,0.00026895146246998843,0.16322651033713353,0.1331951102766752,0.011435714090190017,0.07015355472735223
39443,1159,H2_15,0,0.002323013497516513,0.040907081216573715,0.0014700146857649088,0.003210165537893772,0.014552466571331024,0.00035037193447351456,0.3195919394493103,0.004300579894334078,0.024858256263616627,0.04949063933859634,0.07450672190636774,0.003258126268415515,0.04627080880997509
39444,1159,H2_15,0,0.006538762710988522,0.014694690704345703,0.014963234774768353,0.018634403124451637,0.04726405814290047,0.026698295027017593,0.3195919394493103,0.031040970236063004,0.9145693339759597,0.11335450791855997,0.09549638815313476,0.03301693067099501,0.04561863298320503
39448,1159,H2_15,0,0.06089097633957863,0.05791764333844185,0.09515112638473511,0.08966176211833954,0.06024685502052307,0.05034336447715759,0.3195919394493103,0.14609797298908234,0.34839949821336197,0.19044716939079323,0.18703860723046647,0.0337362977183671,0.07849664649808528
39451,1159,H2_15,0,0.03986506909132004,0.13657593727111816,0.04626970365643501,0.05163102224469185,0.04152263328433037,0.05858315899968147,0.7990986704826355,0.042255252599716187,0.7138760212056089,0.12006150833989125,0.1001916360724197,0.012036321619571974,0.04799267304945611
39452,1159,H2_15,0,0.0491313673555851,0.005340770352631807,0.05359327048063278,0.043334003537893295,0.007798808626830578,0.09641969949007034,0.6882991194725037,0.0329543761909008,0.4007753504391958,0.07513377232943463,0.09019119451555281,0.009215474489055684,0.04598990659203158
39421,1159,H2_30,0,0.0043580904603004456,0.0010741215664893389,0.005572706926614046,0.003408234566450119,0.005487157963216305,0.005296424962580204,0.020507007837295532,0.007125124800950289,0.006304700393293994,0.004354260038063848,0.013925889440630982,0.0016856609194780216,0.03588641379498059
39422,1159,H2_30,0,0.0010027159005403519,0.00679429667070508,0.002038403647020459,0.001489319372922182,0.004678348544985056,0.004093575291335583,0.020507007837295532,0.002356945537030697,0.04621986198965889,0.016945695799500553,0.008730642580640158,0.0013790041048662971,0.03598806588230601
39423,1159,H2_30,0,0.003985811956226826,0.021748485043644905,0.0075215608812868595,0.005584155209362507,0.009944086894392967,0.03497669845819473,0.020507007837295532,0.011422994546592236,0.00839985891185458,0.02534580572260068,0.033435415724261466,0.005012372850767181,0.039695341986761674
39424,1159,H2_30,0,0.0033305175602436066,0.014918305911123753,0.006198692135512829,0.007303995080292225,0.01439562439918518,0.01934397779405117,0.020507007837295532,0.0071281748823821545,0.06392537737770791,0.0496300496757966,0.044064021446758965,0.001697290883180252,0.04221641791706126
39425,1159,H2_30,0,0.004046722315251827,0.014459989964962006,0.0050583709962666035,0.0048081413842737675,0.018662357702851295,0.005759691819548607,0.020507007837295532,0.0034903534688055515,0.276000450673866,0.08687839617107371,0.0940646655664472,0.0008600180429159961,0.049002494536949215
39426,1159,H2_30,0,0.019301647320389748,0.03564131259918213,0.026542292907834053,0.03131106495857239,0.25680142641067505,0.009996888227760792,0.020507007837295532,0.028938371688127518,0.6753442042971654,0.15914646213669753,0.10586222972124215,0.024856314003324283,0.05463639872455591
39429,1159,H2_30,0,0.019648471847176552,0.018733277916908264,0.022239653393626213,0.014479444362223148,0.01681007631123066,0.008289559744298458,0.020507007837295532,0.009105553850531578,0.3477756541104222,0.08681756048932766,0.08802220292797905,0.0030815545765337845,0.04737591712511113
39431,1159,H2_30,0,0.10993720591068268,0.00866636447608471,0.09023316949605942,0.12394333630800247,0.017806774005293846,0.07830210775136948,0.020507007837295532,0.1269722431898117,0.21808804629750356,0.11761988202842008,0.14700836595483988,0.07239093259819464,0.0660106135061928
39433,1159,H2_30,0,0.0025681904517114162,0.005818455945700407,0.0013195882784202695,0.002489205216988921,0.004611366428434849,0.002516071544960141,0.020507007837295532,0.0007511356379836798,0.715705895414231,0.09807876832160717,0.0804000432238383,0.0005867315384329034,0.04292253714374089
39435,1159,H2_30,0,0.01512319128960371,0.0357523038983345,0.01585095375776291,0.009998894296586514,0.03544171527028084,0.013027384877204895,0.020507007837295532,0.011829853989183903,0.008526648336507342,0.07466233569444365,0.06595871641372195,0.008860383590966154,0.048413744902073785
39436,1159,H2_30,0,0.015701277181506157,0.02723359502851963,0.014731686562299728,0.019957078620791435,0.020633483305573463,0.010673497803509235,0.020507007837295532,0.025420302525162697,0.40728443943746634,0.06267544111759996,0.039000283003668146,0.004349552057568663,0.03890142419283584
39437,1159,H2_30,0,0.0027584275230765343,0.0011848792200908065,0.0030754851177334785,0.0030207254458218813,0.002745500998571515,0.003875208552926779,0.2357761710882187,0.004058015067130327,0.0006738322795891673,0.0028246058754833312,0.00971649829029689,0.0006301612502631698,0.03539641503317711
39438,1159,H2_30,0,0.0011351623106747866,0.0052712103351950645,0.0008556233951821923,0.000732464250177145,0.023803334683179855,0.0011627692729234695,0.2357761710882187,0.0019945239182561636,0.07143048809548833,0.049357196892547486,0.018693375524478098,0.0005805688407476725,0.03938846253334042
39439,1159,H2_30,0,0.028578389436006546,0.057107653468847275,0.017766987904906273,0.013933850452303886,0.015337440185248852,0.07269664853811264,0.2357761710882187,0.005629942286759615,0.07977921561447467,0.07090139848134558,0.0680309966066163,0.0048522170523932345,0.047050407428069214
39440,1159,H2_30,1,0.15751001238822937,0.06607726961374283,0.14131465554237366,0.09368259459733963,0.024607744067907333,0.0808640792965889,0.2357761710882187,0.042332716286182404,0.0865354846709108,0.0563092718110083,0.135487643540954,0.022675949790084134,0.05505120154457235
39441,1159,H2_30,0,0.008014965802431107,0.07193370163440704,0.003861655481159687,0.004372023046016693,0.004590415395796299,0.005855995696038008,0.2357761710882187,0.003535696305334568,0.06209204130011932,0.09682453270230733,0.06894360115935451,0.0012767729658767412,0.05001341056101625
39442,1159,H2_30,0,0.0664302408695221,0.03829621151089668,0.04910527914762497,0.05833975970745087,0.04084630310535431,0.03900875151157379,0.2357761710882187,0.04519657418131828,0.002395785238881938,0.2308595442813735,0.22982453506337863,0.039786210099653496,0.10593442979881405
39443,1159,H2_30,0,0.01581477001309395,0.06795968860387802,0.013615262694656849,0.00978547427803278,0.0067428965121507645,0.002371117938309908,0.2357761710882187,0.015163484960794449,0.04743508780818051,0.04920416392135724,0.054107837697148914,0.006700795101439051,0.043735378067029845
39446,1159,H2_30,0,0.08415298908948898,0.171041339635849,0.05329541116952896,0.04312848672270775,0.1835276186466217,0.05638469383120537,0.6613869071006775,0.0685683935880661,0.40265120814742106,0.19827735015729897,0.21256796498641986,0.04450405472821431,0.08541774546063696
39450,1159,H2_30,0,0.02487475797533989,0.12958364188671112,0.026106350123882294,0.02390999346971512,0.07101795077323914,0.03342287614941597,0.6613869071006775,0.04268155246973038,0.08609096040135553,0.3075622029934801,0.22539648232219764,0.017351143216681922,0.11715982630757467
39451,1159,H2_30,0,0.023524640128016472,0.032307468354701996,0.021133726462721825,0.00900405365973711,0.08837880194187164,0.05549062788486481,0.22040967643260956,0.01099513191729784,0.14171489267209128,0.1758830643347162,0.1613584436243831,0.00861219629920384,0.0740509021503034
39452,1159,H2_30,0,0.010309443809092045,0.013844006694853306,0.010373965837061405,0.01890373043715954,0.12313912808895111,0.03413641080260277,0.6171955466270447,0.0338255949318409,0.3361189823346721,0.062403103667382366,0.05996279598092786,0.005383318849871225,0.041911623563505564
39467,1160,H1_15,0,0.0028807013295590878,0.0023207124322652817,0.0018304879777133465,0.001528797554783523,0.0031617621425539255,0.0014047669246792793,0.4679825007915497,0.0014955407241359353,0.038406998447073785,0.007298835819519061,0.014076347335096518,0.0007259807488796288,0.035762783278586695
39468,1160,H1_15,0,0.022584084421396255,0.023301178589463234,0.013292673975229263,0.024094706401228905,0.026029732078313828,0.010652310214936733,0.4679825007915497,0.015691066160798073,0.17678329188388148,0.11150487650512131,0.10933475609685347,0.008021286181522518,0.05579959488951838
39469,1160,H1_15,0,0.021920865401625633,0.225131094455719,0.008388310670852661,0.011617466807365417,0.012339336797595024,0.015274877659976482,0.4679825007915497,0.014073740690946579,0.10529329195917733,0.09897299826687879,0.10069514593025265,0.0026082730313566186,0.05385589398375277
39470,1160,H1_15,0,0.016533726826310158,0.13616137206554413,0.016454149037599564,0.01442747749388218,0.006657430436462164,0.008031359873712063,0.4679825007915497,0.011344951577484608,0.8479281841385976,0.07791100586903997,0.08514045643988524,0.004219417147560826,0.040239358390580834
39471,1160,H1_15,0,0.026532800868153572,0.12411307543516159,0.02019837126135826,0.02807123027741909,0.02610974758863449,0.010241103358566761,0.4679825007915497,0.01684330403804779,0.8438982445441546,0.1296551564053468,0.11138152542741628,0.008187573269512196,0.04861891974790868
39472,1160,H1_15,0,0.009859496727585793,0.12159635871648788,0.010293138213455677,0.010195109993219376,0.005199352279305458,0.005039746407419443,0.4679825007915497,0.00628198217600584,0.042770202179939536,0.07283175694406942,0.08839485309136565,0.004317479457731994,0.050293718657970915
39473,1160,H1_15,0,0.01043152716010809,0.09056131541728973,0.009437261149287224,0.004202562849968672,0.0040496885776519775,0.0018817443633452058,0.4679825007915497,0.003841713536530733,0.038823471902689255,0.13837205073928185,0.08971127335966249,0.0027667566379763107,0.05830651279660559
39476,1160,H1_15,0,0.13525189459323883,0.12084347754716873,0.16453073918819427,0.16238249838352203,0.05888555571436882,0.05325215309858322,0.4679825007915497,0.17596791684627533,0.8905229093714359,0.1876360892846421,0.16116812783569895,0.21025188143426266,0.08042094373322366
39477,1160,H1_15,1,0.03151216730475426,0.06035931408405304,0.020782915875315666,0.014908010140061378,0.011617795564234257,0.010263165459036827,0.4679825007915497,0.031093955039978027,0.02078707749586368,0.16364401018644661,0.10974694043357709,0.026448266420961798,0.06692427925463289
39479,1160,H1_15,0,0.03899550065398216,0.12395576387643814,0.04172953590750694,0.02071520872414112,0.009240172803401947,0.022077608853578568,0.4679825007915497,0.030962586402893066,0.5144227726474435,0.12926729592935074,0.09471990639299077,0.006306628120152049,0.050674739339910235
39480,1160,H1_15,0,0.04172336310148239,0.09208784252405167,0.02908816561102867,0.0226731076836586,0.02515270933508873,0.017304271459579468,0.4679825007915497,0.062428005039691925,0.5385441465444994,0.2710146427706568,0.14177820354926068,0.01929982927398222,0.07844808382285975
39482,1160,H1_15,0,0.0052933539263904095,0.0023207124322652817,0.0028849653899669647,0.003668306628242135,0.001024781260639429,0.0033125989139080048,0.4236195683479309,0.0010000269394367933,0.0026588790172422305,0.0025123365071777885,0.004622670645030566,0.0003989924600017464,0.03488298080314008
39484,1160,H1_15,0,0.010782817378640175,0.5052064061164856,0.010967778041958809,0.007246503606438637,0.012069114483892918,0.021564321592450142,0.4236195683479309,0.03536739945411682,0.9011606139664886,0.07068019024290259,0.09875333524774141,0.012996364297595767,0.04081766886675008
39485,1160,H1_15,0,0.005885241087526083,0.03656894713640213,0.0031911220867186785,0.003740838263183832,0.013239848427474499,0.005373921245336533,0.4236195683479309,0.00356204342097044,0.7206832793219494,0.07760387940389404,0.04883130559710337,0.0005205705477050489,0.03771302894168384
39486,1160,H1_15,0,0.0015606448287144303,0.5493407249450684,0.00109298771712929,0.001244042650796473,0.0077900029718875885,0.0009821871062740684,0.4236195683479309,0.005929832812398672,0.3192827482750776,0.09624923817327224,0.08495287238098488,0.002908181325595152,0.048393863917051506
39487,1160,H1_15,0,0.007757210172712803,0.15901315212249756,0.01966121606528759,0.01075691357254982,0.016039445996284485,0.003850252367556095,0.4236195683479309,0.036977775394916534,0.9949564811124706,0.21278740499165122,0.14087529561372397,0.02438143101857985,0.06180074698020247
39488,1160,H1_15,0,0.005000181961804628,0.004136705305427313,0.003998017869889736,0.0038053581956773996,0.006588236428797245,0.004524229560047388,0.4236195683479309,0.0024173108395189047,7.457245381635459e-05,0.15329381350674698,0.11320772556264204,0.001575294852276573,0.06457224699457371
39489,1160,H1_15,0,0.009483030065894127,0.17055299878120422,0.019003592431545258,0.010973312892019749,0.022011756896972656,0.010007682256400585,0.4236195683479309,0.030586130917072296,0.990593661814409,0.18103937166745807,0.14894027995336384,0.006119702868371403,0.057500650139650035
39491,1160,H1_15,0,0.014954881742596626,0.34526100754737854,0.013955676928162575,0.01646074838936329,0.04435896873474121,0.009160407818853855,0.4236195683479309,0.02374919317662716,0.6368603855889284,0.130747980518841,0.1179414412146811,0.0058242323115476335,0.052177119044661734
39493,1160,H1_15,0,0.0033811808098107576,0.029115203768014908,0.002553202910348773,0.0033655278384685516,0.024868514388799667,0.00044494052417576313,0.4236195683479309,0.007337229326367378,0.7555466679030006,0.1106688962820071,0.08937776911523555,0.0025084350787158184,0.04478715958914997
39494,1160,H1_15,0,0.014707316644489765,0.30080756545066833,0.010890614241361618,0.010508360341191292,0.026243677362799644,0.01028153020888567,0.4236195683479309,0.02121572196483612,0.8754669925747144,0.10249011565868567,0.12150288616708493,0.009109517797610383,0.046617314480792205
39496,1160,H1_15,0,0.01620146445930004,0.2896621525287628,0.013797739520668983,0.0587615892291069,0.02359415404498577,0.015743130818009377,0.4236195683479309,0.02572331391274929,0.8001875827580043,0.16975443223080738,0.1524369742906873,0.008870330214298146,0.059680299224012794
39467,1160,H1_30,0,0.0024967410136014223,0.0023207124322652817,0.0015511194942519069,0.0009630082058720291,0.0012518191942945123,0.0016908240504562855,0.46599438786506653,0.0008059212123043835,0.004927560140460178,0.0011938232161874333,0.004686021008030576,0.0003208851885885485,0.03475825624907657
39468,1160,H1_30,0,0.006218657363206148,0.0985676497220993,0.005314627196639776,0.011320791207253933,0.009994619525969028,0.0035606306046247482,0.46599438786506653,0.007800860796123743,0.44461415465460113,0.08451324036877424,0.11737135635847688,0.002921552582100944,0.04945098487514446
39469,1160,H1_30,0,0.09812016040086746,0.08001063019037247,0.12088356912136078,0.07537730038166046,0.05434151738882065,0.034420426934957504,0.46599438786506653,0.02960497885942459,0.26117160847078114,0.14869232556396586,0.09787876447222427,0.011924518515125167,0.057656563783148596
39470,1160,H1_30,0,0.009474419988691807,0.012376678176224232,0.010022309608757496,0.01731458678841591,0.02124445140361786,0.003530243644490838,0.46599438786506653,0.01198612805455923,0.9729288674265686,0.09893079620569752,0.1092661155826166,0.010549919325003095,0.04381863344508897
39471,1160,H1_30,0,0.005316175054758787,0.10017181187868118,0.009210179559886456,0.011634401977062225,0.007108611054718494,0.002885220805183053,0.46599438786506653,0.007274379953742027,0.19659772765221556,0.055290102775523875,0.07980933028746037,0.0011713972931588137,0.0450540594099034
39472,1160,H1_30,0,0.010354871861636639,0.1360718309879303,0.008562291972339153,0.0074716294184327126,0.006812236737459898,0.009311565198004246,0.46599438786506653,0.004513028543442488,0.14380471116606386,0.030678810472382273,0.03448696288499465,0.00462699997744156,0.03869173746112776
39473,1160,H1_30,0,0.08992692828178406,0.030917586758732796,0.06141447275876999,0.057839613407850266,0.026454908773303032,0.01359542552381754,0.46599438786506653,0.023317158222198486,0.06323972417659152,0.1995776196436194,0.15872081899648613,0.030587027890852117,0.08119371002498088
39476,1160,H1_30,0,0.033633556216955185,0.0875484049320221,0.033570025116205215,0.024540279060602188,0.012481016106903553,0.024384383112192154,0.46599438786506653,0.03243835270404816,0.8854918756138365,0.20878180926605847,0.1301955164718981,0.00663821108897194,0.05991272396841146
39477,1160,H1_30,0,0.045693282037973404,0.05325799435377121,0.014983433298766613,0.04089256376028061,0.004979788325726986,0.014277451671659946,0.46599438786506653,0.00940175261348486,0.09828105949080523,0.17325697330097553,0.12180547554020545,0.010833538651323334,0.06771144877807578
39479,1160,H1_30,0,0.007583755534142256,0.0464496985077858,0.010541881434619427,0.009982924908399582,0.042040757834911346,0.0066589186899363995,0.46599438786506653,0.011495208367705345,0.12462001133925583,0.1339321996979386,0.09604554048044477,0.002642396503579595,0.057188284238045194
39480,1160,H1_30,0,0.17267180979251862,0.19615274667739868,0.11513759195804596,0.07613001018762589,0.12521153688430786,0.05656621232628822,0.46599438786506653,0.15311776101589203,0.9206464313542054,0.34718954170847427,0.15895590618627256,0.08782330287291312,0.09478004120404683
39482,1160,H1_30,0,0.0036434608045965433,0.011779602617025375,0.002090752124786377,0.0027130250819027424,0.005047291051596403,0.0025474969297647476,0.4503873288631439,0.002207014011219144,0.10014251233223778,0.023095160933462276,0.013852903076601716,0.0008523933934429347,0.03636334319731168
39484,1160,H1_30,0,0.003912058193236589,0.022294092923402786,0.002695727627724409,0.0018314211629331112,0.005923707969486713,0.0030950044747442007,0.4503873288631439,0.00936609972268343,0.7227787551216038,0.08653616601348539,0.06246435118360102,0.0031418222875083533,0.03995569653716479
39485,1160,H1_30,0,0.002014902886003256,0.02420993149280548,0.0016297990223392844,0.002785338554531336,0.03139534965157509,0.002887384733185172,0.4503873288631439,0.002352348528802395,0.23140784263560074,0.08408563680818659,0.04974901846327855,0.00029949625039247586,0.043993614312260586
39486,1160,H1_30,0,0.01209227740764618,0.2463451474905014,0.009067218750715256,0.002741473726928234,0.00971859972923994,0.001531389425508678,0.4503873288631439,0.008448946289718151,0.08056117589840102,0.0625826203096724,0.05815762476446551,0.0046725431202289,0.04499992728126407
39487,1160,H1_30,0,0.0183454230427742,0.09215665608644485,0.012759487144649029,0.009315929375588894,0.002768374979496002,0.020599516108632088,0.4503873288631439,0.035526860505342484,0.18174408563189481,0.15885782557452158,0.11917247412539897,0.006649023268320035,0.06320712624436063
39488,1160,H1_30,0,0.001988654024899006,0.007419131230562925,0.0014828128041699529,0.0018117496510967612,0.010745933279395103,0.0019892228301614523,0.4503873288631439,0.0020101889967918396,0.19879861654951747,0.16323284970163096,0.11535347218937798,0.0016436882717215536,0.0626679784321172
39489,1160,H1_30,0,0.01509498618543148,0.028957605361938477,0.01019023172557354,0.01153313834220171,0.019069835543632507,0.006447079591453075,0.4503873288631439,0.009556704200804234,0.9384814674442321,0.1266813757510282,0.1117801699301753,0.003867518760864442,0.04693403172753593
39491,1160,H1_30,0,0.00962809007614851,0.03442816808819771,0.00609752768650651,0.0081885801628232,0.005748932249844074,0.0038633558433502913,0.4503873288631439,0.005093328654766083,0.4989376675504674,0.07179171116868312,0.07877861657954435,0.0007119558134320538,0.04275858374609675
39493,1160,H1_30,0,0.008787228725850582,0.011925719678401947,0.0027898678090423346,0.004322276450693607,0.0026271920651197433,0.0017190767684951425,0.4503873288631439,0.005990035366266966,0.24968184239687852,0.055124778960272194,0.07308313461623027,0.0018516952905725992,0.043628578109138845
39494,1160,H1_30,0,0.020551474764943123,0.45022860169410706,0.015592237934470177,0.01958916150033474,0.01570727676153183,0.014474640600383282,0.4503873288631439,0.012767340987920761,0.22847711258970127,0.07729864743622421,0.09481250962590043,0.004073888758426539,0.04888039828185738
39496,1160,H1_30,0,0.004746751859784126,0.20811691880226135,0.006484650075435638,0.004933041520416737,0.009386034682393074,0.005614805035293102,0.4503873288631439,0.007374444976449013,0.9680850918004084,0.12037769725822377,0.09943892623920811,0.0008708079033223619,0.044320451512121446
39467,1160,H1_45,0,0.0030906512401998043,0.0007077198242768645,0.0025734873488545418,0.0010480667697265744,0.016020584851503372,0.0004114943149033934,0.46673715114593506,0.005314291920512915,0.029330179306209164,0.037621842835698735,0.09388497411931836,0.003197583008464055,0.047292869721372956
39468,1160,H1_45,0,0.0020078830420970917,0.06284500658512115,0.003204969922080636,0.002488122321665287,0.009011324495077133,0.0013445644872263074,0.46673715114593506,0.0023483994882553816,0.9224018813714528,0.057572125034309196,0.0802548474500307,0.000769937726789131,0.03708011280778726
39469,1160,H1_45,0,0.0075285485945641994,0.0679568275809288,0.0095190005376935,0.005767085589468479,0.0032213495578616858,0.00532489875331521,0.46673715114593506,0.004758075810968876,0.41801420590467353,0.07329644049132594,0.07563127641353455,0.0037278483086861645,0.04370002567522665
39470,1160,H1_45,0,0.0011617467971518636,0.008254654705524445,0.0018524579936638474,0.0011743404902517796,0.004154102876782417,0.0005017906660214067,0.46673715114593506,0.0015297062927857041,0.9865630596484339,0.046401948938540764,0.07545220128293371,0.0009538676362425797,0.03512600365999785
39471,1160,H1_45,0,0.0373774990439415,0.1290578693151474,0.031029554083943367,0.061486586928367615,0.06501442193984985,0.009365219622850418,0.46673715114593506,0.09405121207237244,0.7810417850429724,0.10798932165762896,0.141348238379423,0.029833069880041457,0.05194015505647535
39472,1160,H1_45,0,0.010167944245040417,0.02193327806890011,0.01660681515932083,0.027815841138362885,0.005710074678063393,0.0029325541108846664,0.46673715114593506,0.024564258754253387,0.36396761246587284,0.1134548118449875,0.12130240041378469,0.018990809804405855,0.05550164348283449
39473,1160,H1_45,0,0.01932053081691265,0.1173863634467125,0.01871981844305992,0.013500778935849667,0.006873513106256723,0.014780045486986637,0.46673715114593506,0.008420546539127827,0.8971559199137604,0.14490385470709208,0.11086455486524678,0.005302279110934413,0.04939004805846114
39476,1160,H1_45,0,0.009339031763374805,0.17136818170547485,0.01827177405357361,0.0067035420797765255,0.013067562133073807,0.007273146882653236,0.46673715114593506,0.021433131769299507,0.9951991718616737,0.20128777881479795,0.12133714013563922,0.0032923535662155628,0.05583384687305565
39477,1160,H1_45,0,0.0018272774759680033,0.06762491166591644,0.003522544400766492,0.001892094500362873,0.023645194247364998,0.006285293493419886,0.46673715114593506,0.0028990404680371284,0.9164175494544895,0.14944538177487343,0.11280308608268286,0.0028760356616725526,0.04975701208179629
39479,1160,H1_45,0,0.004013040568679571,0.04570159688591957,0.00770904403179884,0.009157698601484299,0.05639553815126419,0.0036721564829349518,0.46673715114593506,0.019951079040765762,0.9765102632649816,0.07976655914440613,0.08125301315823183,0.005796425023060774,0.038723706501890116
39480,1160,H1_45,0,0.029666926711797714,0.06997786462306976,0.020268771797418594,0.01763410121202469,0.004990471992641687,0.027729744091629982,0.46673715114593506,0.00907067209482193,0.6829455438402494,0.23935072842520286,0.15761109658012973,0.004060337806991251,0.07226456328874775
39482,1160,H1_45,0,0.006000369321554899,0.002977750962600112,0.003560889046639204,0.0038261497393250465,0.0023257434368133545,0.0020244293846189976,0.4302942156791687,0.001245605293661356,0.09719354519446967,0.0014722878907276072,0.00105886813916011,0.0005023632635597649,0.03351595573642279
39484,1160,H1_45,0,0.00775668490678072,0.14002078771591187,0.0068346057087183,0.006036282051354647,0.06810721009969711,0.006333358585834503,0.4302942156791687,0.005586189217865467,0.7288921774039351,0.04553795011086318,0.09415029606006557,0.0013879812157445717,0.03941572975109027
39485,1160,H1_45,0,0.0016944538801908493,0.1536807268857956,0.0032405757810920477,0.002920011756941676,0.023013660684227943,0.0008744880906306207,0.4302942156791687,0.0029470829758793116,0.7842296267024403,0.13271866173291175,0.07016016706381827,0.0006188809264026646,0.044346996198638494
39486,1160,H1_45,0,0.006977496203035116,0.06445284932851791,0.006067558657377958,0.003872510977089405,0.011168905533850193,0.0018724716501310468,0.4302942156791687,0.011249699629843235,0.9713624944973211,0.10237515624927764,0.08895514830578065,0.0017161637160738336,0.04142716492366389
39487,1160,H1_45,0,0.02852691523730755,0.1960381418466568,0.028283819556236267,0.022468140348792076,0.026377564296126366,0.030110638588666916,0.4302942156791687,0.033198412507772446,0.8865646395966966,0.1839551396072953,0.14440008547036462,0.015429747445970246,0.05946435207760725
39488,1160,H1_45,0,0.004790115635842085,0.02422212064266205,0.006324893329292536,0.0019397211726754904,0.028218254446983337,0.0014329813420772552,0.4302942156791687,0.0028298560064285994,0.10974741862274685,0.12144732461877335,0.0928828324509974,0.001569816208406883,0.05538777753948341
39489,1160,H1_45,0,0.07406824827194214,0.07608745992183685,0.09180537611246109,0.028339512646198273,0.1602686643600464,0.021759819239377975,0.4302942156791687,0.01848495565354824,0.957212570257056,0.11081386718275187,0.1235402046497445,0.012773616675550296,0.04697985479184014
39491,1160,H1_45,0,0.013196567073464394,0.19150106608867645,0.008222444914281368,0.013593321666121483,0.028398826718330383,0.019135059788823128,0.4302942156791687,0.02876473031938076,0.9333008086879931,0.06039796882877618,0.1123125210508194,0.007973370784103283,0.04071896434412753
39493,1160,H1_45,0,0.012029347941279411,0.00549132376909256,0.013169744051992893,0.009393703192472458,0.07079070806503296,0.005511336028575897,0.4302942156791687,0.007345941383391619,0.22901066673630807,0.051259189218501866,0.06446930071502589,0.004473929393317583,0.04269036353715111
39494,1160,H1_45,0,0.018969254568219185,0.21454960107803345,0.033060770481824875,0.023365121334791183,0.06149344518780708,0.004318194463849068,0.4302942156791687,0.04657542705535889,0.9713639629606449,0.08478653303586858,0.09638094183116164,0.032284241289063056,0.04215507376980073
39496,1160,H1_45,0,0.01127986516803503,0.06782449781894684,0.018379339948296547,0.020182959735393524,0.04186268523335457,0.01972251571714878,0.4302942156791687,0.02094845660030842,0.9983528291245071,0.15753955999134392,0.16120586952841012,0.016977373709171073,0.057085651321581145
39467,1160,H2_15,0,0.0013759074499830604,0.0003442492743488401,0.0016295160166919231,0.0013063212390989065,0.017049750313162804,0.00041400102782063186,0.44110608100891113,0.004180115647614002,0.0023440567202623577,0.023548801982802296,0.0692380260939925,0.0016759483530929852,0.04328738793902855
39468,1160,H2_15,0,0.011511333286762238,0.192691832780838,0.020397789776325226,0.0076324124820530415,0.04966350644826889,0.002512922277674079,0.44110608100891113,0.007509131915867329,0.8813366087164886,0.06333237183792544,0.0724120266138237,0.0018926285108804416,0.03724361393956214
39469,1160,H2_15,0,0.0033132447861135006,0.0003772674535866827,0.0024887826293706894,0.001946006901562214,0.002086000982671976,0.0022421241737902164,0.44110608100891113,0.000893822347279638,0.07104112778697529,0.07319001401191604,0.04239986487414554,0.0004911604970595956,0.04417298911673428
39470,1160,H2_15,0,0.0012036269763484597,0.0035206435713917017,0.0009521454921923578,0.0008334578014910221,0.0033993669785559177,0.0004671745409723371,0.44110608100891113,0.0005813608295284212,0.8860309718914345,0.049396883278561926,0.04349447580782124,0.00014336504714423316,0.03337665589813734
39471,1160,H2_15,0,0.009597043506801128,0.19646450877189636,0.009061538614332676,0.010672692209482193,0.015600994229316711,0.004396362695842981,0.44110608100891113,0.005881628952920437,0.11852094329491046,0.039806686114438605,0.047397385565987896,0.002076999524083634,0.04100711580194002
39472,1160,H2_15,0,0.013700633309781551,0.207944855093956,0.024864494800567627,0.01592447981238365,0.1048271656036377,0.019285932183265686,0.44110608100891113,0.018867021426558495,0.5160018974976623,0.09401535673126629,0.08024732129505435,0.009315842895785067,0.04533780933616782
39473,1160,H2_15,0,0.037998016923666,0.014105050824582577,0.022120513021945953,0.01602249965071678,0.012346550822257996,0.00826637726277113,0.44110608100891113,0.013563916087150574,0.07641658607358365,0.1537973292745833,0.11310846792062232,0.011058781910366244,0.06388549424736477
39476,1160,H2_15,0,0.0212234053760767,0.023791970685124397,0.0187714621424675,0.009584339335560799,0.031032755970954895,0.02038634940981865,0.44110608100891113,0.009246697649359703,0.8521112537963262,0.16041876893402143,0.12222633342389193,0.00193374778041968,0.05301017756806122
39477,1160,H2_15,0,0.013518801890313625,0.00539843924343586,0.010243123397231102,0.004485866986215115,0.0036776424385607243,0.002070050220936537,0.44110608100891113,0.0015496558044105768,0.5457247144969625,0.14613296039415777,0.10850926828714764,0.00259859024495571,0.053906942420721145
39479,1160,H2_15,0,0.004502998664975166,0.13858777284622192,0.005825416650623083,0.005505281034857035,0.039186298847198486,0.0024707524571567774,0.44110608100891113,0.00820088479667902,0.8004012406592304,0.03943701813508353,0.054742063113864085,0.002667567340063079,0.034471393990574466
39480,1160,H2_15,0,0.020285150036215782,0.025307299569249153,0.009060990996658802,0.009654929861426353,0.004529016558080912,0.006316246930509806,0.44110608100891113,0.003508056281134486,0.8603613391366799,0.2010251849674226,0.10930611879300356,0.0016163420870011602,0.05600766972182131
39482,1160,H2_15,0,0.00410840567201376,0.003061231691390276,0.0029634584207087755,0.002597642131149769,0.0012294820044189692,0.0019131893059238791,0.2997945249080658,0.0010551809100434184,0.004014122170479531,0.0,0.0013389121338912135,0.0004239193888190802,0.03437787520545917
39485,1160,H2_15,0,0.006207698956131935,0.1186847910284996,0.009818482212722301,0.008962235413491726,0.014172333292663097,0.002192223910242319,0.2997945249080658,0.007352711167186499,0.9811457367250479,0.08058556081320613,0.05690611570863645,0.001524076015414505,0.03621304891521825
39486,1160,H2_15,0,0.02118331380188465,0.024794165045022964,0.013602090068161488,0.018590683117508888,0.041974812746047974,0.0016120150685310364,0.2997945249080658,0.01051015593111515,0.6295825861174472,0.10035725800852643,0.10594204989425685,0.004163160205102966,0.04733884740922097
39487,1160,H2_15,0,0.015105935744941235,0.04029916971921921,0.01760849542915821,0.007513819728046656,0.022925088182091713,0.023171402513980865,0.2997945249080658,0.010499474592506886,0.3006609734148587,0.15159252438566825,0.13110812765499122,0.003716430022258152,0.06188082949548035
39488,1160,H2_15,0,0.004011196084320545,0.002790316240862012,0.005920269060879946,0.0016596042551100254,0.12592440843582153,0.0015917503042146564,0.2997945249080658,0.0022174171172082424,0.18506918079009899,0.09138890587939355,0.0816923603176393,0.0004980460467875785,0.049206890872523
39489,1160,H2_15,0,0.010935856960713863,0.04586813226342201,0.02367396652698517,0.010523831471800804,0.17738066613674164,0.011086052283644676,0.2997945249080658,0.011636228300631046,0.9589332032658796,0.2044974222500333,0.12223086216999612,0.004584074610496325,0.05703785725726154
39490,1160,H2_15,0,0.016362905502319336,0.22057178616523743,0.03872246295213699,0.012821581214666367,0.04031449928879738,0.020322566851973534,0.41176190972328186,0.012099513784050941,0.6208817456839374,0.232963623193485,0.19269256687026487,0.0018745543682594172,0.07882169057103694
39491,1160,H2_15,0,0.005785638932138681,0.01677834615111351,0.007951313629746437,0.015060230158269405,0.036425963044166565,0.009959656745195389,0.2997945249080658,0.008443394675850868,0.4045335898778175,0.058115530769739895,0.08599700484867899,0.005005279311711224,0.04360725423603026
39493,1160,H2_15,0,0.0031248903833329678,0.004763398785144091,0.005513115786015987,0.0014906766591593623,0.012348772026598454,0.004149087704718113,0.2997945249080658,0.002142359269782901,0.9710481231501603,0.10302601232913185,0.08861195579505496,0.0008813195116090445,0.04144662547811517
39496,1160,H2_15,0,0.03378095105290413,0.053220801055431366,0.04260940104722977,0.028161397203803062,0.8572742938995361,0.018455954268574715,0.2997945249080658,0.04488269239664078,0.9987587429754049,0.1436091084588006,0.17573776699031393,0.008675889536721786,0.05666796552632606
39497,1160,H2_15,0,0.03464778885245323,0.09767477214336395,0.04816197231411934,0.024425756186246872,0.015010016970336437,0.05062098801136017,0.41176190972328186,0.02080526016652584,0.7065546089346193,0.06572044785689575,0.13640017541867983,0.003923412581337788,0.046360183901144485
39467,1160,H2_30,0,0.0003290908643975854,0.0003442492743488401,0.0003328221500851214,0.0002649692178238183,0.0012005588505417109,0.00041400102782063186,0.09919291734695435,0.0008498944225721061,6.036763741669608e-05,0.0,0.028713782075666352,0.00029562588086101124,0.03694803999400993
39468,1160,H2_30,0,0.01520652137696743,0.023600371554493904,0.01709008403122425,0.0087592713534832,0.007873189635574818,0.0048559075221419334,0.09919291734695435,0.006217237561941147,0.1563063022835967,0.09392201399500805,0.09221257649682665,0.0023813848705826965,0.05136307679451771
39469,1160,H2_30,0,0.004340955521911383,0.014549554325640202,0.0065253181383013725,0.002663690596818924,0.0035955202765762806,0.0034317788667976856,0.09919291734695435,0.003496270626783371,0.059232793107889904,0.05547912978423001,0.0621115990764049,0.004285180577975039,0.045020929271484274
39470,1160,H2_30,0,0.0010951593285426497,0.006626664195209742,0.001295594614930451,0.0008382753003388643,0.013907276093959808,0.00032563722925260663,0.09919291734695435,0.001065562479197979,0.7988451546199898,0.03408351169738617,0.048377395494191656,0.00020286839082111105,0.03342409352186706
39471,1160,H2_30,0,0.002528865821659565,0.03678314387798309,0.0020702946931123734,0.0016441489569842815,0.009583918377757072,0.002814461709931493,0.09919291734695435,0.0013737076660618186,0.08660212261542617,0.06470978164883999,0.03778835140431389,0.0004815259718967623,0.04263190851226728
39472,1160,H2_30,0,0.012870191596448421,0.2884039282798767,0.017187248915433884,0.010382182896137238,0.031060010194778442,0.01674584299325943,0.09919291734695435,0.02332373522222042,0.24807271214628426,0.05313055790693406,0.07239861467021214,0.013412968837068969,0.043946426440513144
39473,1160,H2_30,0,0.018069639801979065,0.002486694138497114,0.016221413388848305,0.012208976782858372,0.010589522309601307,0.004384232219308615,0.09919291734695435,0.013452868908643723,0.15953864837599946,0.13763301861279034,0.09453127469187025,0.0042165578678925045,0.05696080772835316
39474,1160,H2_30,0,0.10021228343248367,0.015998056158423424,0.08352331817150116,0.0813509002327919,0.059241436421871185,0.0351736955344677,0.791484534740448,0.08176352828741074,0.20739214342537418,0.21748099865878642,0.17061197907689316,0.043646095207011064,0.08445684382664155
39475,1160,H2_30,0,0.08096084743738174,0.24582578241825104,0.04979221895337105,0.057980574667453766,0.08097296208143234,0.04135540872812271,0.791484534740448,0.07089567184448242,0.628750864846424,0.3623699769198283,0.20661417645901783,0.08479198456054861,0.11815299903833441
39477,1160,H2_30,0,0.014647246338427067,0.011582334525883198,0.012192081660032272,0.012080787681043148,0.16015386581420898,0.0008521877462044358,0.09919291734695435,0.008838783018290997,0.23985329446942694,0.20557531617842517,0.13985409113153843,0.010261787206654353,0.07297952873399971
39479,1160,H2_30,0,0.01245046779513359,0.018361087888479233,0.015421835705637932,0.017200777307152748,0.3944125473499298,0.0040151928551495075,0.09919291734695435,0.0308004692196846,0.243818225289839,0.11631359485388444,0.0916044566504712,0.008615350483011146,0.052861534968229984
39482,1160,H2_30,0,0.0070937578566372395,0.003061231691390276,0.004303709603846073,0.00396833848208189,0.005065745674073696,0.002247624797746539,0.30602264404296875,0.0015430047642439604,0.014598337232380361,0.0,0.0025576399913065945,0.0005662417110687062,0.034381354762138334
39483,1160,H2_30,0,0.00410787109285593,0.010894390754401684,0.0039019014220684767,0.003045006887987256,0.014282040297985077,0.001603581476956606,0.09103981405496597,0.003154496429488063,0.22613600729001312,0.060463024743935494,0.06185757869067627,0.000709150357047439,0.043135183084706645
39485,1160,H2_30,0,0.0035998213570564985,0.22908882796764374,0.008236019872128963,0.004120006691664457,0.03315412253141403,0.0028999459464102983,0.30602264404296875,0.007686050143092871,0.8979255138896434,0.08812772900160273,0.02322880245548854,0.0026574146620827396,0.034545046240593076
39486,1160,H2_30,0,0.0005542096332646906,0.002740133786574006,0.0003154810983687639,0.0004053859447594732,0.0019270859193056822,0.0010189615422859788,0.30602264404296875,0.0003136418526992202,0.06945381211835604,0.06928179040127426,0.03894398933570317,0.00014309723548880057,0.043404556570021346
39488,1160,H2_30,0,0.0004948328714817762,0.04500091075897217,0.0008429671288467944,0.00035725420457310975,0.038764581084251404,0.000919092504773289,0.30602264404296875,0.0005325172678567469,0.12485838021866756,0.1100934424098705,0.05770792389046774,0.00018137239020056967,0.0490840102268505
39489,1160,H2_30,0,0.003439301857724786,0.029593277722597122,0.00784042477607727,0.0023384164087474346,0.06193055212497711,0.015419187024235725,0.30602264404296875,0.005432435777038336,0.8603177070771504,0.1202705319933311,0.08999744869870177,0.0026509775791644296,0.04459298109923609
39490,1160,H2_30,0,0.03099013864994049,0.06795583665370941,0.03099953383207321,0.029245173558592796,0.012960805557668209,0.04258258268237114,0.343791663646698,0.0829949826002121,0.8124091718826958,0.1973902402457503,0.17527058578026852,0.029362047747082082,0.06838574738739638
39491,1160,H2_30,0,0.004396393895149231,0.241537943482399,0.0035394260194152594,0.0021703019738197327,0.003218327183276415,0.005725401919335127,0.30602264404296875,0.0023887939751148224,0.08119424169441462,0.05807009848663891,0.06481904099315595,0.0002771840115312238,0.04508720782517164
39495,1160,H2_30,0,0.012600316666066647,0.25212377309799194,0.009173743426799774,0.017143599689006805,0.01661187782883644,0.011115108616650105,0.07815530896186829,0.011842618696391582,0.17927257726594945,0.17043319352677297,0.17426752117818578,0.008318853719593218,0.07475078395565982
39496,1160,H2_30,0,0.004699696786701679,0.07878130674362183,0.005079236812889576,0.005086152348667383,0.05384960398077965,0.013269340619444847,0.30602264404296875,0.013705155812203884,0.9940366421392072,0.08597071510202009,0.11174168899740414,0.004490909340919202,0.04225256204303048
39497,1160,H2_30,0,0.2561628818511963,0.10450077056884766,0.20748354494571686,0.2420884221792221,0.03731277212500572,0.33369871973991394,0.343791663646698,0.16068197786808014,0.798644325165754,0.09392740246111837,0.14822390616680514,0.04946901497232153,0.05200008954265784
65575,1161,H1_15,0,0.0022273792419582605,0.002416750881820917,0.002987432526424527,0.0028978288173675537,0.0011140814749523997,0.0028751667123287916,0.19285829365253448,0.00118873524479568,1.9695983598576526e-09,0.0,0.011529631790273408,0.00027765492147079806,0.03426091847469038
65576,1161,H1_15,0,0.0645502582192421,0.03028053045272827,0.04487419128417969,0.09180966764688492,0.11406274884939194,0.12020772695541382,0.19285829365253448,0.047277167439460754,4.122542164281362e-12,0.2560770962840933,0.17394448883544905,0.03487297730277091,0.09371454723892342
65577,1161,H1_15,0,0.11020929366350174,0.35091131925582886,0.12632682919502258,0.13794644176959991,0.10919860750436783,0.12652136385440826,0.19285829365253448,0.12941637635231018,0.6095789292216482,0.1314674352380939,0.1259193463327481,0.04181599505620143,0.05559750208174467
65580,1161,H1_15,1,0.001872311462648213,0.009141341783106327,0.002446451224386692,0.0034906817600131035,0.011052144691348076,0.005101778078824282,0.19285829365253448,0.0018172813579440117,0.005248458371740412,0.14405964436744778,0.12180459531001694,0.0011714810082005455,0.06201884057543463
65581,1161,H1_15,0,0.2768504023551941,0.5165343284606934,0.35134777426719666,0.293429434299469,0.22367283701896667,0.3656711280345917,0.19285829365253448,0.2588643729686737,0.1517509585279976,0.22780672138363423,0.22277885387753685,0.3920285228710526,0.1082720578703009
65582,1161,H1_15,0,0.14075824618339539,0.27986788749694824,0.20495757460594177,0.09082402288913727,0.1483066827058792,0.21046310663223267,0.19285829365253448,0.10148913413286209,0.11600608310899443,0.2209582946523482,0.17988012764166103,0.0897487172434548,0.08733284901001719
65584,1161,H1_15,0,0.018703503534197807,0.0032894739415496588,0.02366681769490242,0.022458700463175774,0.06276607513427734,0.126382976770401,0.19285829365253448,0.03429494798183441,0.0038280452795610566,0.20938194004669575,0.20293273883470173,0.007519742070033488,0.08807634714787867
65585,1161,H1_15,0,0.04911952093243599,0.05301513522863388,0.0856594443321228,0.07707162201404572,0.06184032931923866,0.09904026240110397,0.19285829365253448,0.0947851836681366,0.05230626654595124,0.23633971392156486,0.2118317261353309,0.03913259418036169,0.09765830099759726
65586,1161,H1_15,0,0.0037612824235111475,0.1288624256849289,0.009665358811616898,0.00520780635997653,0.018818547949194908,0.004149371292442083,0.19285829365253448,0.012494227848947048,0.021971521730703426,0.15047928983653122,0.12070533210623843,0.0017688160205941675,0.06291245410426073
65587,1161,H1_15,0,0.0327167883515358,0.13674210011959076,0.0603189542889595,0.01766793429851532,0.03751785680651665,0.04832376912236214,0.19285829365253448,0.03434307128190994,0.09831356895525305,0.20317779316447387,0.19458240532534218,0.008512480075746825,0.0833079387247188
65588,1161,H1_15,0,0.015189562924206257,0.48654454946517944,0.016729330644011497,0.021853424608707428,0.007686839904636145,0.04351841285824776,0.19285829365253448,0.012098795734345913,0.00434208068909382,0.13781940204983947,0.120358605869088,0.006078671201968033,0.061241472672037424
65592,1161,H1_15,0,0.02472524344921112,0.07483004778623581,0.018572356551885605,0.029050668701529503,0.2186463326215744,0.03982047364115715,0.3927875757217407,0.00977986678481102,0.23203242746980815,0.21793734725007274,0.19148105684397787,0.004451198698641695,0.08218461293344748
65593,1161,H1_15,1,0.0036666770465672016,0.0916842669248581,0.005222958978265524,0.003010569605976343,0.06338132917881012,0.018969502300024033,0.3927875757217407,0.008136345073580742,0.3997827053012057,0.10519161877905722,0.1340935498526214,0.003108259733881154,0.0524519389009436
65594,1161,H1_15,0,0.012663322500884533,0.46332353353500366,0.018566247075796127,0.022392822429537773,0.04876621440052986,0.021978793665766716,0.3927875757217407,0.016703981906175613,0.7382510279416455,0.2440824591016411,0.16992411075659147,0.01565885483259571,0.07526871264737318
65596,1161,H1_15,0,0.0241337139159441,0.06431279331445694,0.02640463411808014,0.022496314719319344,0.04628661647439003,0.024679003283381462,0.3927875757217407,0.013559706509113312,0.05880991018645047,0.1815559763049076,0.12654507127021997,0.003469249280272361,0.0682116061707546
65597,1161,H1_15,1,0.004898260347545147,0.26893946528434753,0.005442623980343342,0.008911269716918468,0.0095386216416955,0.009621080942451954,0.3927875757217407,0.005184110254049301,0.14069214959858853,0.08520887659516588,0.09409693334285801,0.0013590729270129276,0.04881066789651212
65599,1161,H1_15,0,0.12288963794708252,0.3013336658477783,0.06626158207654953,0.11259903013706207,0.12611223757266998,0.14264628291130066,0.3927875757217407,0.09338229894638062,0.1432168027518039,0.17255308278946457,0.20411597388316702,0.13287665539291418,0.08140033694162756
65600,1161,H1_15,0,0.01641581580042839,0.10481418669223785,0.014177229255437851,0.02308906614780426,0.04892957955598831,0.03813193365931511,0.3927875757217407,0.009825600311160088,0.05758776575862299,0.12771442655725362,0.12334313100126469,0.002263442636705319,0.05921186392731478
65601,1161,H1_15,0,0.025821534916758537,0.5811028480529785,0.04922730103135109,0.024234941229224205,0.14662978053092957,0.14771050214767456,0.3927875757217407,0.04063541814684868,0.30967175749005194,0.18468020600089385,0.18189540763755002,0.016587354623807667,0.07387120701278282
65602,1161,H1_15,0,0.08881444483995438,0.08963443338871002,0.14876550436019897,0.0706363394856453,0.09820595383644104,0.40531688928604126,0.3927875757217407,0.04544840753078461,0.3591596878696149,0.11039331764175238,0.17626918513583095,0.004825808737979974,0.059991618440173554
65603,1161,H1_15,0,0.09740817546844482,0.5435208678245544,0.10434990376234055,0.061347443610429764,0.18371327221393585,0.026133321225643158,0.3927875757217407,0.13010822236537933,0.016060919819804797,0.33195413769069726,0.2022149190681143,0.35665981933016855,0.12788405447158532
65606,1161,H1_15,0,0.0017229748191311955,0.0032448512502014637,0.0011826690752059221,0.0031345838215202093,0.024873919785022736,0.0009169905097223818,0.3927875757217407,0.0028157331980764866,0.0010521170530457622,0.04077663082603269,0.055451159114094505,0.0016737793946102208,0.04172979932568919
65575,1161,H1_30,0,0.0019658287055790424,0.0008519543334841728,0.0038851334247738123,0.003541776677593589,0.14535751938819885,0.0019268400501459837,0.17158980667591095,0.001685479306615889,5.794572552985178e-06,0.09147598514742632,0.1034790202951703,0.0006952984086857449,0.052463061774025176
65576,1161,H1_30,0,0.005219644866883755,0.3259386420249939,0.018067769706249237,0.011976086534559727,0.05628785490989685,0.005621640477329493,0.17158980667591095,0.007941314950585365,0.0007630150680122178,0.10245018822091549,0.08544514058780955,0.002382629276820347,0.05194322020235866
65577,1161,H1_30,0,0.023686666041612625,0.08756307512521744,0.01915675774216652,0.016350071877241135,0.009243744425475597,0.017927484586834908,0.17158980667591095,0.008701548911631107,0.0016756877065764487,0.06556855022198069,0.07141391931685974,0.003238691610214297,0.04604824731837313
65580,1161,H1_30,1,0.03813249245285988,0.14906343817710876,0.031483061611652374,0.03118903934955597,0.039068643003702164,0.035061225295066833,0.17158980667591095,0.05278770998120308,0.006407553247827527,0.11689886181926283,0.0905830787416565,0.017059092076514442,0.055665397603855825
65581,1161,H1_30,0,0.20911282300949097,0.06376425176858902,0.27694445848464966,0.2071409523487091,0.17253905534744263,0.08563337475061417,0.17158980667591095,0.07008197158575058,0.10026896753232041,0.2090935190477524,0.20863774759996342,0.13304054161437648,0.08967164092193021
65582,1161,H1_30,0,0.011653455905616283,0.21377962827682495,0.01209214050322771,0.009404953569173813,0.06586728990077972,0.013462213799357414,0.17158980667591095,0.012770448811352253,0.010718521215756043,0.1209078622710265,0.1068539332094444,0.005494296317987292,0.056967926684739954
65584,1161,H1_30,0,0.0012928772484883666,0.05981002748012543,0.001239013858139515,0.0014530302723869681,0.0033978617284446955,0.005154867190867662,0.17158980667591095,0.0017360341735184193,0.0013818917509906138,0.11696522972461193,0.08627402886542287,0.0003117774994454854,0.053731473171373195
65585,1161,H1_30,0,0.0066508278250694275,0.023565268144011497,0.01020605769008398,0.005860305391252041,0.008112732321023941,0.013705356977880001,0.17158980667591095,0.006076879799365997,0.007550889334781145,0.08520230720365853,0.0834065722345671,0.003375270201809068,0.049452377873096365
65586,1161,H1_30,0,0.02061661332845688,0.014769328758120537,0.023648958653211594,0.012082819826900959,0.011227492243051529,0.04373350739479065,0.17158980667591095,0.01148615125566721,0.002269326761321321,0.08534206612104078,0.10903442941865324,0.007114279248374276,0.05260118472164455
65587,1161,H1_30,0,0.01294705830514431,0.25764867663383484,0.01813538931310177,0.03699706122279167,0.0889386385679245,0.02000931277871132,0.17158980667591095,0.050806861370801926,0.008994369138158901,0.15762468875580446,0.11220261575818113,0.0612653034182159,0.06473688700259267
65588,1161,H1_30,0,0.00704045919701457,0.07698946446180344,0.006538007408380508,0.0090095866471529,0.00509994151070714,0.010505990125238895,0.17158980667591095,0.0057457988150417805,3.3996128130321934e-06,0.08048270127816685,0.0731352848896237,0.01169250704074392,0.047942304156032456
65592,1161,H1_30,0,0.07631892710924149,0.004991637077182531,0.0911257341504097,0.045925311744213104,0.12154574692249298,0.0349590964615345,0.3117590844631195,0.07236018776893616,0.42348254905535115,0.12238021620160894,0.1383028800136673,0.008188068876127948,0.05671035853158072
65593,1161,H1_30,1,0.007699784357100725,0.01658531278371811,0.0121846878901124,0.012901179492473602,0.057582877576351166,0.03028833493590355,0.3117590844631195,0.0023095840588212013,0.059948534361077915,0.09558230217804597,0.09223871670625737,0.00037417855322587144,0.0508758098572397
65594,1161,H1_30,0,0.019314149394631386,0.37366196513175964,0.011388215236365795,0.019393129274249077,0.12743251025676727,0.17002232372760773,0.3117590844631195,0.037437792867422104,0.011653169281575268,0.19173583399706054,0.14989270367577856,0.01993260882786828,0.07539588432186571
65596,1161,H1_30,0,0.0016022423515096307,0.47521117329597473,0.0017067514127120376,0.002374899573624134,0.027993502095341682,0.0009414873202331364,0.3117590844631195,0.0007404897478409111,0.0016702503807906825,0.1040524561262033,0.08723746368196342,0.0002757852044837565,0.05213939552156104
65597,1161,H1_30,1,0.003884401172399521,0.4297654926776886,0.003205797402188182,0.003877206239849329,0.00179649970959872,0.009574399329721928,0.3117590844631195,0.0022201500833034515,0.0035795639979727205,0.05167729939166849,0.05466543971292993,0.0012469693397772097,0.04272028365407939
65599,1161,H1_30,0,0.004875466227531433,0.0999978706240654,0.017216915264725685,0.0075551350601017475,0.029195964336395264,0.004590922966599464,0.3117590844631195,0.007794492412358522,0.4047184184277011,0.07623012119476212,0.07969528623933343,0.003172063527800209,0.04317917133646406
65600,1161,H1_30,0,0.016906606033444405,0.03784042224287987,0.01980387046933174,0.006242407485842705,0.020320558920502663,0.008121815510094166,0.3117590844631195,0.0033549165818840265,4.2625505863223e-06,0.07888116435645592,0.07188584970557833,0.001312720855656515,0.04748952753082777
65601,1161,H1_30,0,0.024615928530693054,0.028193335980176926,0.03392311930656433,0.013575412333011627,0.035558465868234634,0.15153439342975616,0.3117590844631195,0.01036467868834734,0.0012562529764011449,0.1604972772375875,0.1714412397342401,0.0018060193765492836,0.07228414971013612
65602,1161,H1_30,0,0.034250978380441666,0.0527769960463047,0.03302929922938347,0.02962515316903591,0.015574908815324306,0.09465292096138,0.3117590844631195,0.025502236559987068,0.06812219012718077,0.07083289755439527,0.09220622403567891,0.0034920669898424444,0.048362987853691496
65603,1161,H1_30,0,0.006409758701920509,0.09263933449983597,0.003611005377024412,0.006057203747332096,0.01505530159920454,0.012790248729288578,0.3117590844631195,0.004030853975564241,0.00021470105198496644,0.20913821637126712,0.09054840616019236,0.0010199817579550035,0.06827502549776591
65606,1161,H1_30,0,0.0004959593643434346,0.0007867556414566934,0.0006809721817262471,0.0005967128672637045,0.0013701205607503653,0.0005021248944103718,0.3117590844631195,0.0004375166608951986,9.70090335197042e-05,0.0014804083885209712,0.013702070851230685,0.00015888657865774724,0.03453602633126055
65575,1161,H1_45,0,0.0002601016021799296,0.00043053945410065353,0.0004321803280618042,0.0004017013416159898,0.0012433076044544578,0.0006431542569771409,0.2461334466934204,0.00022288126638159156,8.500226625603106e-09,0.0,0.010856969326851646,9.596464358291793e-05,0.03419087320532174
65576,1161,H1_45,0,0.0014394698664546013,0.09114903956651688,0.0018975160783156753,0.002884174231439829,0.06752127408981323,0.0018966220086440444,0.2461334466934204,0.003373771673068404,4.4450043468793785e-07,0.07785286601743116,0.04691264202539349,0.0012278475026921037,0.044817324565741536
65577,1161,H1_45,0,0.047229163348674774,0.06268838047981262,0.03714713454246521,0.041521504521369934,0.40848854184150696,0.01511526107788086,0.2461334466934204,0.03555320203304291,0.001063590728786846,0.06420089388953291,0.09628180191928347,0.019435205101054242,0.04930072739180456
65580,1161,H1_45,1,0.002731264103204012,0.042970553040504456,0.002074688207358122,0.0014281246112659574,0.016558930277824402,0.03941398486495018,0.2461334466934204,0.004579425323754549,0.0014516936672448887,0.0721420406066614,0.05659438527748813,0.0019361633770773377,0.045172562602566156
65581,1161,H1_45,0,0.054353538900613785,0.147264763712883,0.03364420309662819,0.034822750836610794,0.03624461591243744,0.0390358492732048,0.2461334466934204,0.01661214418709278,0.0027559151519290083,0.22178606872836226,0.15679228355054728,0.007729288466397144,0.0816598656865153
65582,1161,H1_45,0,0.0015645103994756937,0.16067932546138763,0.004574645776301622,0.0027610049583017826,0.13375450670719147,0.0033175963908433914,0.2461334466934204,0.008414720185101032,0.0002178163440093,0.09611357051820797,0.06517545228121181,0.0018837092683845437,0.048921692965163945
65584,1161,H1_45,0,0.00032529528834857047,0.004695687908679247,0.0004925843677483499,0.00034088839311152697,0.001035000546835363,0.00036062460276298225,0.2461334466934204,0.0002611445088405162,3.6514982591650124e-05,0.05365351497139663,0.049769242745566065,7.488333749988165e-05,0.04245074436408829
65585,1161,H1_45,0,0.0013751927763223648,0.04474526271224022,0.0018170269904658198,0.0012021654983982444,0.024011826142668724,0.0021697452757507563,0.2461334466934204,0.0007810102542862296,1.4348325579533964e-05,0.10582383123158236,0.05852915979731007,0.00010987388792431594,0.0491752613231455
65586,1161,H1_45,0,0.00359179824590683,0.029896041378378868,0.003453098703175783,0.005661886651068926,0.027299562469124794,0.0063189854845404625,0.2461334466934204,0.003228099551051855,6.956752737974123e-09,0.07733769895085277,0.0586793997486932,0.0008289328424043955,0.045939120427394786
65587,1161,H1_45,0,0.014558274298906326,0.00924677588045597,0.0320785716176033,0.014810288324952126,0.0585969015955925,0.02067563869059086,0.2461334466934204,0.005501590669155121,0.00123733367006152,0.11915352644054183,0.1067963288120051,0.007154114681690733,0.056670651874371
65588,1161,H1_45,0,0.004660483915358782,0.06620577722787857,0.005360806360840797,0.006468750070780516,0.014599237591028214,0.006848238408565521,0.2461334466934204,0.008682857267558575,1.537233208256006e-08,0.08609826144046238,0.07259559524289023,0.0036791690131925854,0.048553070476765166
65592,1161,H1_45,0,0.050577111542224884,0.17026403546333313,0.041004080325365067,0.0878526121377945,0.25790420174598694,0.031830135732889175,0.3013432025909424,0.12732794880867004,0.2841269696351709,0.11060467436202134,0.1763934704941394,0.27219310526914847,0.06641268822854744
65593,1161,H1_45,1,0.014008755795657635,0.00800273660570383,0.022546980530023575,0.01301147323101759,0.011101850308477879,0.03937961533665657,0.3013432025909424,0.004907368216663599,0.03188631172044376,0.07483120267012057,0.09209824202821594,0.000847882110882972,0.04878687085892211
65594,1161,H1_45,0,0.0537281408905983,0.30332598090171814,0.02475467137992382,0.049071576446294785,0.013639291748404503,0.34436285495758057,0.3013432025909424,0.027769720181822777,0.012568613761928237,0.16708377318013498,0.1229437678497557,0.03583307496357497,0.06677337931715426
65596,1161,H1_45,0,0.00013352386304177344,0.0035936112981289625,0.0001293802633881569,0.00016871451225597411,0.008763897232711315,0.0004029649426229298,0.3013432025909424,0.00010039977496489882,1.3050268452983442e-05,0.1114836842413541,0.054243211208135224,3.927436254577396e-05,0.049379405737079524
65597,1161,H1_45,1,0.001994183985516429,0.06064078211784363,0.0015198419569060206,0.001146351103670895,0.0005502435960806906,0.005447055213153362,0.3013432025909424,0.001432068063877523,0.00039721440340874045,0.05776625503955831,0.07507186795062563,0.0005439124672881152,0.045387989756285115
65599,1161,H1_45,0,0.0008043924462981522,0.05669349431991577,0.0007156773353926837,0.0012481772573664784,0.004644808359444141,0.005880288314074278,0.3013432025909424,0.00034402156597934663,0.0006795005312415145,0.029229376751768735,0.038663036090873376,9.452556909554835e-05,0.039033564294425394
65600,1161,H1_45,0,0.0012626468669623137,0.04088842123746872,0.0012937431456521153,0.0017702693585306406,0.005869939457625151,0.0010624758433550596,0.3013432025909424,0.0007526090485043824,7.57171838180349e-05,0.0555395479038408,0.037287330671605334,0.0004182640460037021,0.04148686919751454
65601,1161,H1_45,0,0.0021491150837391615,0.05103461071848869,0.0021054407116025686,0.002101914258673787,0.0029632991645485163,0.005106599070131779,0.3013432025909424,0.0025862432084977627,8.111209103434618e-06,0.10158738758130449,0.057063026580254216,0.0006491794510501306,0.04855577649119779
65602,1161,H1_45,0,0.01740969531238079,0.060688454657793045,0.009046223945915699,0.010841062292456627,0.006421986967325211,0.019380079582333565,0.3013432025909424,0.004029682371765375,0.0004156231480192645,0.05145968391160519,0.07253098976116341,0.0016639574812378117,0.04451681017548229
65603,1161,H1_45,0,0.027745991945266724,0.06288518756628036,0.031174203380942345,0.017649613320827484,0.028009513393044472,0.014506325125694275,0.3013432025909424,0.02401179075241089,4.968486712444499e-06,0.18599634034920035,0.1003049889049711,0.005950097095425683,0.06647710751183657
65606,1161,H1_45,0,0.000585267087444663,0.0007867556414566934,0.00048682818305678666,0.0006239390349946916,0.0009445191826671362,0.000508691999129951,0.3013432025909424,0.0005039534298703074,3.433081432549256e-05,0.0026120329756503637,0.010931586445636262,0.00020041920044292993,0.03441626418316438
65575,1161,H2_15,0,0.001081384951248765,0.0012805442092940211,0.0016680832486599684,0.0013597316574305296,0.025208305567502975,0.0009174152510240674,0.05956923961639404,0.0008430301677435637,4.798772521090446e-06,0.02417689360747934,0.05049727024932842,0.0006399874306075475,0.03962149939719111
65576,1161,H2_15,0,0.0024281656369566917,0.01986190304160118,0.0025664344429969788,0.0030276807956397533,0.02815813571214676,0.0032896599732339382,0.05956923961639404,0.003031904110684991,1.7134059468758218e-07,0.06731365366238155,0.06313519131591308,0.0009160350935130319,0.045275235860381874
65577,1161,H2_15,0,0.003502962412312627,0.053501542657613754,0.002593123121187091,0.007260458078235388,0.015784746035933495,0.005283887032419443,0.05956923961639404,0.004213360603898764,2.4419027814564306e-05,0.07293843923079824,0.05199208799475258,0.0017349010634329055,0.04480783273947108
65580,1161,H2_15,1,0.0032468060962855816,0.03652924671769142,0.002370824571698904,0.002824201015755534,0.002559191547334194,0.0038407868705689907,0.05956923961639404,0.0020772782154381275,0.00018978338097260314,0.049828450535823264,0.03970737780277134,0.0015145222141198815,0.041171517824054975
65581,1161,H2_15,0,0.019479254260659218,0.039924025535583496,0.011776883155107498,0.014056434854865074,0.12266289442777634,0.00643489183858037,0.05956923961639404,0.021732132881879807,0.00032776735118159446,0.12383753615749943,0.10470974909572245,0.005087351739989472,0.05751343245483382
65582,1161,H2_15,0,0.0011205844348296523,0.005669192876666784,0.0017652887618169188,0.0007146134157665074,0.007776462938636541,0.0017728194361552596,0.05956923961639404,0.0009975656867027283,1.7808246805440564e-06,0.05558122055230008,0.05303378146023217,0.00019524952255741307,0.042978162631440144
65584,1161,H2_15,0,0.0008544966112822294,0.015990912914276123,0.0007724767201580107,0.001212987583130598,0.005373505409806967,0.0006758293020538986,0.05956923961639404,0.0005024001584388316,2.3945869267117e-07,0.056066396289846714,0.03507377740377428,2.783801659929837e-05,0.0413284122076738
65585,1161,H2_15,0,0.0006594458827748895,0.008510606363415718,0.000581661588512361,0.0006551578990183771,0.006268153432756662,0.0019123699748888612,0.05956923961639404,0.0009054957190528512,3.926403989876096e-07,0.06574139046993459,0.02908009346658547,9.800503045015972e-05,0.04176151009846544
65586,1161,H2_15,0,0.018700679764151573,0.0667191669344902,0.014945099130272865,0.01698482409119606,0.012188843451440334,0.006468093954026699,0.05956923961639404,0.020801788195967674,6.857081104786618e-08,0.0564294106984856,0.07312030961574482,0.010879836710651646,0.04556981679951804
65587,1161,H2_15,0,0.0018630657577887177,0.0029411453288048506,0.0026511361356824636,0.0026491584721952677,0.002330661052837968,0.001426833332516253,0.05956923961639404,0.002445362275466323,1.909181468676517e-05,0.060448697426490734,0.037887199981919334,0.0013490598608443152,0.042083942904389604
65588,1161,H2_15,0,0.004494174849241972,0.008673894219100475,0.0022949599660933018,0.0032426451798528433,0.02881094627082348,0.004745616111904383,0.05956923961639404,0.003583871526643634,5.148046098930608e-10,0.04751809719669715,0.04513918829630453,0.002050264833870354,0.0414790321286855
65592,1161,H2_15,0,0.005431456491351128,0.008143055252730846,0.003112870967015624,0.006005012895911932,0.0062634823843836784,0.01288139820098877,0.1381942331790924,0.004805427044630051,0.004207457997024625,0.118848486659629,0.09300133699688518,0.0020585095828993118,0.05483872138805828
65593,1161,H2_15,0,0.0015311978058889508,0.006060012150555849,0.0009423847659491003,0.002402376616373658,0.019073912873864174,0.005203539039939642,0.1381942331790924,0.002135803457349539,0.0006397774672106642,0.10508869766505897,0.061762648269661186,0.0006226218299841477,0.04946629344019759
65594,1161,H2_15,0,0.05431940779089928,0.08234842866659164,0.049122802913188934,0.023937668651342392,0.06109652668237686,0.21563977003097534,0.1381942331790924,0.013670657761394978,0.002673743075212337,0.06464748229023404,0.11194111370189122,0.009798544725451008,0.05044021903989157
65596,1161,H2_15,0,0.0007443278445862234,0.038136936724185944,0.0006068089278414845,0.0007730477955192327,0.03493324667215347,0.0007835772703401744,0.1381942331790924,0.001096908701583743,1.215000648970579e-08,0.06303605534834546,0.06312784846779379,0.0003620773258450955,0.04475992286631214
65597,1161,H2_15,1,0.0032989932224154472,0.15238282084465027,0.0031184826511889696,0.0034490348771214485,0.009560415521264076,0.011139879003167152,0.1381942331790924,0.004282826092094183,0.00040350526446522226,0.09436555309927025,0.12012096222321865,0.0028268334533416706,0.05489016918778472
65599,1161,H2_15,0,0.002389949979260564,0.03549038618803024,0.0022914251312613487,0.002750083338469267,0.01810273714363575,0.005798303056508303,0.1381942331790924,0.0021996651776134968,5.811824109566806e-05,0.11011670790184981,0.05951233060962304,0.000714524383405334,0.049843825962135935
65600,1161,H2_15,0,0.00035500669036991894,0.018936511129140854,0.0010410716058686376,0.0005303032812662423,0.000881959917023778,0.00149106839671731,0.1381942331790924,0.0008495369693264365,1.4074045092989199e-05,0.05903260045320257,0.042599292490291915,0.00012707925070722334,0.04233941185764553
65601,1161,H2_15,0,0.001370445592328906,0.1314837634563446,0.0014575001550838351,0.004480571951717138,0.007005725521594286,0.002194903325289488,0.1381942331790924,0.004891589749604464,1.7954925009643504e-07,0.07636300980514323,0.0659267640707643,0.012162658810979363,0.046696624832950145
65602,1161,H2_15,0,0.0004743364988826215,0.017717724665999413,0.0005563165759667754,0.0007557803764939308,0.0007437698659487069,0.0012741382233798504,0.1381942331790924,0.0005948288016952574,1.4794071186685112e-06,0.056869531225092834,0.04897576412819902,0.0001742253608675255,0.04271552937539271
65603,1161,H2_15,0,0.013364451006054878,0.009985162876546383,0.01021308358758688,0.008944892324507236,0.02516222931444645,0.013251110911369324,0.1381942331790924,0.009661498479545116,2.1530624838454823e-07,0.0619696422984775,0.09068093206027496,0.0011031834313139845,0.04767728776829248
65606,1161,H2_15,0,0.0004438042233232409,0.0007385070202872157,0.0004066206165589392,0.0004636202356778085,0.0005871939938515425,0.0005204788176342845,0.1381942331790924,0.0003422438458073884,1.725871586512499e-05,0.004284537488220436,0.010813854491405277,0.00016739552908399128,0.03454227039823177
65575,1161,H2_30,0,0.00026829782291315496,0.0004188737366348505,0.00027649616822600365,0.0003826647298410535,0.0010008309036493301,0.000948844535741955,0.010416313074529171,0.00018632238788995892,2.5826608961112338e-08,0.008704508768478595,0.010437768951462558,6.438155704629965e-05,0.03487732598485795
65576,1161,H2_30,0,0.0019335395190864801,0.04726286232471466,0.00207270379178226,0.003228520043194294,0.005642847623676062,0.001986964838579297,0.010416313074529171,0.0015652291476726532,2.436604859303869e-05,0.0706419586770847,0.03494567969906311,0.0001631153813008049,0.04283353099122735
65577,1161,H2_30,0,0.0034868607763201,0.019669434055685997,0.005635892506688833,0.009319213218986988,0.05574174225330353,0.012042825110256672,0.010416313074529171,0.007008273620158434,7.664907942804783e-05,0.04574321664965794,0.037689756484635274,0.0013789480498082143,0.04068445946638508
65579,1161,H2_30,0,0.0031868505757302046,0.30761396884918213,0.005121050868183374,0.003308874322101474,0.04357736185193062,0.009151889942586422,0.016777323558926582,0.01615116000175476,0.09940521358597637,0.08470269600255352,0.14964981636584385,0.0059378243778224656,0.05607532592328007
65580,1161,H2_30,0,0.0028106477111577988,0.01891889050602913,0.003865916980430484,0.0037352461367845535,0.08116132766008377,0.005509869661182165,0.010416313074529171,0.011958405375480652,8.470976550375848e-05,0.08520943349959441,0.08373228190062111,0.005788682160880079,0.049753349309689034
65585,1161,H2_30,0,0.00037327571772038937,0.005395316518843174,0.0006270356243476272,0.00048168026842176914,0.02957654558122158,0.0007894791779108346,0.010416313074529171,0.0009550643153488636,9.251381014375407e-06,0.048592734836999794,0.03773820095233364,0.000554754102178068,0.04084063363528697
65586,1161,H2_30,0,0.006265094503760338,0.003192613599821925,0.01000689435750246,0.010634022764861584,0.03516702353954315,0.004972752183675766,0.010416313074529171,0.007515025790780783,5.134470884478424e-09,0.05351852556900359,0.05144154779524763,0.003332542056867914,0.04277513175029732
65587,1161,H2_30,0,0.001976620638743043,0.006885528098791838,0.0038724099285900593,0.003120278473943472,0.0070466455072164536,0.003693133592605591,0.010416313074529171,0.0021914043463766575,1.7699913615294987e-05,0.035093340810034915,0.039141068361873074,0.000749408131686037,0.03968026645660631
65588,1161,H2_30,0,0.002238675020635128,0.03764544799923897,0.002089658984914422,0.001760895480401814,0.014366176910698414,0.0017072942573577166,0.010416313074529171,0.0030488695483654737,1.2948569143248707e-08,0.07119375168852263,0.05149760270397273,0.0017906890206925371,0.04454372380843769
65589,1161,H2_30,0,0.17878732085227966,0.4647389054298401,0.3181591033935547,0.2934170961380005,0.5719172358512878,0.20608432590961456,0.016777323558926582,0.14922593533992767,0.8912549761644675,0.30528104377542353,0.3274059452086821,0.21007488178056768,0.12572467772809892
65590,1161,H2_30,0,0.0037771461065858603,0.00781666487455368,0.0041205622255802155,0.00401126267388463,0.06519198417663574,0.010607662610709667,0.016777323558926582,0.007056965492665768,0.011902056234274044,0.1482523134963607,0.17509088559958896,0.011332542218750824,0.07049514970729988
65592,1161,H2_30,0,0.0020416374318301678,0.04199868440628052,0.003848475171253085,0.0021141597535461187,0.02082495205104351,0.003496410558000207,0.17252643406391144,0.006419292185455561,0.3947577906484479,0.1269795728463181,0.06093616064256623,0.002389954906469907,0.04721430639643261
65594,1161,H2_30,0,0.028934216126799583,0.01040579006075859,0.032477639615535736,0.01601870357990265,0.014640427194535732,0.15576313436031342,0.17252643406391144,0.012108197435736656,0.0015196152264096347,0.06466801921321372,0.06012918957998367,0.007821946545456029,0.04492149022626254
65595,1161,H2_30,0,0.01058003306388855,0.64588862657547,0.01062603946775198,0.012520018965005875,0.13913996517658234,0.05675509199500084,0.07164068520069122,0.009753037244081497,0.12317695221993485,0.062259412041825064,0.11706710160715499,0.0051058996352962025,0.04893231495272594
65596,1161,H2_30,0,0.0012767402222380042,0.002816323656588793,0.001189860631711781,0.0011151103535667062,0.001208069152198732,0.002022631699219346,0.17252643406391144,0.0006941549363546073,4.411454346963363e-09,0.030886263262382217,0.04704103717540077,0.00026820213632038086,0.03994812723479429
65597,1161,H2_30,1,0.001126214861869812,0.008946330286562443,0.0013477382017299533,0.0026839999482035637,0.00929216481745243,0.0033266227692365646,0.17252643406391144,0.0022217119112610817,4.411011806427862e-06,0.054491670483350275,0.06974319192998431,0.003447726633391277,0.04454336133845265
65598,1161,H2_30,0,0.06001504883170128,0.1591595709323883,0.05634281784296036,0.05589551106095314,0.15156133472919464,0.13560263812541962,0.07164068520069122,0.03441135212779045,0.9999868517471067,0.18049639430099818,0.213508076323302,0.03727734462930095,0.0666284783836865
65599,1161,H2_30,0,0.0018429006449878216,0.01345045119524002,0.0025415208656340837,0.0031766698230057955,0.019128620624542236,0.005473026540130377,0.17252643406391144,0.0021628558170050383,0.003575231967144007,0.08042210677914956,0.047637722413625766,0.0006444687527088962,0.045096546526534026
65600,1161,H2_30,0,0.0007767336210235953,0.004824645817279816,0.001055993023328483,0.00036182018811814487,0.0007851412519812584,0.001284149126149714,0.17252643406391144,0.0008790033170953393,5.265990746227092e-05,0.05135929064276316,0.05386773148984832,0.00018552230718465597,0.04261730770881752
65601,1161,H2_30,0,0.005133874714374542,0.0395221970975399,0.005181850865483284,0.0029974153731018305,0.018194105476140976,0.003044889308512211,0.17252643406391144,0.004763163626194,1.1364626248913309e-06,0.053344822431789764,0.05288954195257553,0.0074895387593349365,0.0428665327524837
65602,1161,H2_30,0,0.0004514029424171895,0.0025059243198484182,0.0005221240571700037,0.000570422038435936,0.01583251729607582,0.0002166658960049972,0.17252643406391144,0.001202221610583365,7.176195294508652e-05,0.0747128020925431,0.038863487529901944,0.0001709751528906244,0.04363153484121135
65606,1161,H2_30,0,0.00038844457594677806,0.0007385070202872157,0.00033664758666418493,0.00040509196696802974,0.0009445191826671362,0.00047241069842129946,0.17252643406391144,0.00044383868225850165,2.351446499630858e-05,0.004284537488220436,0.009665227501342237,0.00016141095274627677,0.03445473196693808
39558,1162,H1_15,0,0.001894671586342156,0.0013170300517231226,0.004374240525066853,0.0015633866423740983,0.0018307598074898124,0.005980565678328276,0.5119479298591614,0.0005817292258143425,0.0003430028416672733,0.0,0.006186660403328241,0.00014094398166556712,0.030532162029156446
39559,1162,H1_15,0,0.05322612076997757,0.05698796734213829,0.024166272953152657,0.053273651748895645,0.030884308740496635,0.05269087851047516,0.5119479298591614,0.0069787390530109406,0.0628755102032983,0.04131710451126396,0.07752061726904799,0.00046530819062876185,0.04006404012269136
39560,1162,H1_15,0,0.0012525365455076098,0.013059841468930244,0.0009923800826072693,0.0029882253147661686,0.008963684551417828,0.0013776663690805435,0.5119479298591614,0.0027693994343280792,0.04478985722876472,0.03253369417420945,0.045596738681675374,0.0009747458066750406,0.035942358177077395
39561,1162,H1_15,0,0.0009346384322270751,0.04916427284479141,0.00332465348765254,0.0009148097014985979,0.04731713980436325,0.0018576522124931216,0.5119479298591614,0.0028124817181378603,0.13726391193145246,0.04302404517498222,0.03995398921571054,0.0015823146986964872,0.03494427288543087
39562,1162,H1_15,0,0.0015362033154815435,0.07296429574489594,0.0025798340793699026,0.001168278744444251,0.016669847071170807,0.002732034306973219,0.5119479298591614,0.0017467561410740018,0.12791205058308083,0.024415509749182843,0.01690053262756814,0.0003626543661738365,0.03165499525726478
39563,1162,H1_15,0,0.0077672433108091354,0.07446383684873581,0.006336318328976631,0.003216537879779935,0.007495262660086155,0.010275733657181263,0.5119479298591614,0.003454705234616995,0.24709347712532845,0.08490528461416427,0.04455866217789639,0.001162172887169677,0.03704741606726402
39564,1162,H1_15,0,0.02856919914484024,0.42382174730300903,0.045685868710279465,0.01631281152367592,0.043011631816625595,0.05826899781823158,0.5119479298591614,0.03515603020787239,0.8483993242958446,0.16387312438888757,0.15261612387303528,0.0073472390990481995,0.04789598582015866
39565,1162,H1_15,0,0.0015786626609042287,0.0111768813803792,0.007377471774816513,0.0009295368799939752,0.020483722910284996,0.0029198783449828625,0.5119479298591614,0.0019486478995531797,0.0025505802120174763,0.06417252455615592,0.07103459173237223,0.0018959464873985657,0.04225761334353045
39566,1162,H1_15,0,0.22074538469314575,0.45882290601730347,0.475866436958313,0.21689148247241974,0.17831267416477203,0.5255416631698608,0.5119479298591614,0.24171185493469238,0.8636730032789214,0.381662693228816,0.2781102979530623,0.11017794696288939,0.11067117813781875
39568,1162,H1_15,0,0.24003922939300537,0.5723341107368469,0.16614295542240143,0.22320732474327087,0.08143134415149689,0.35015273094177246,0.5119479298591614,0.11825747042894363,0.8568730488298664,0.2294974426467221,0.2611690186255666,0.21204101705098768,0.07961339131560086
39571,1162,H1_15,0,0.014527985826134682,0.012754240073263645,0.03682718425989151,0.018756911158561707,0.013862344436347485,0.055137135088443756,0.5119479298591614,0.04102570563554764,0.6398493418028873,0.15428230898441592,0.14244008365599595,0.010062946624774763,0.04915810422519184
39573,1162,H1_15,0,0.0028754796367138624,0.019252419471740723,0.001407595700584352,0.002693515969440341,0.0017937278607860208,0.002476911526173353,0.3648122549057007,0.0020568734034895897,0.003920261775403612,0.03322826156279075,0.016002384519498158,0.0007667727393816977,0.033463409082062974
39574,1162,H1_15,0,0.0009139798930846155,0.008689858950674534,0.000622658000793308,0.0022895813453942537,0.005372761748731136,0.006144850514829159,0.3648122549057007,0.001099676126614213,0.009446664815088471,0.09421392553449953,0.10144993172114607,0.001319637055743985,0.049798312607975646
39575,1162,H1_15,0,0.0035110595636069775,0.01945088990032673,0.005266754422336817,0.0036024078726768494,0.012573061510920525,0.0025552401784807444,0.3648122549057007,0.0040017468854784966,0.03579100691694921,0.054253910793195484,0.03158650257630222,0.0016578357555332632,0.03611570779476531
39576,1162,H1_15,0,0.02803165651857853,0.008948719128966331,0.017887666821479797,0.05849933996796608,0.010278386995196342,0.0760485827922821,0.3648122549057007,0.020699355751276016,0.24367725222427034,0.09061312745060848,0.12545617991889063,0.00820359398919244,0.04813625590463655
39577,1162,H1_15,0,0.06871499866247177,0.08495663106441498,0.06658955663442612,0.1580306440591812,0.02728746086359024,0.281934529542923,0.3648122549057007,0.03277184069156647,0.14162784102001083,0.16861267274322952,0.1837758950085443,0.04816745707526224,0.07428474566913962
39578,1162,H1_15,0,0.32530349493026733,0.15407522022724152,0.34270745515823364,0.37052056193351746,0.11037761718034744,0.2590739130973816,0.3648122549057007,0.26215416193008423,0.5919475770056261,0.32498133245546845,0.3274045401569135,0.24788433576054453,0.13646842550124796
39579,1162,H1_15,0,0.052397146821022034,0.03666899353265762,0.08222490549087524,0.05818203091621399,0.026846423745155334,0.06290042400360107,0.3648122549057007,0.04034261405467987,0.5257241977077023,0.366235617327685,0.2768934360238285,0.0468136316387268,0.13570887326799266
39580,1162,H1_15,0,0.015109071508049965,0.12973593175411224,0.012490104883909225,0.012959384359419346,0.005165054462850094,0.0499541312456131,0.3648122549057007,0.011177098378539085,0.2386737170937656,0.14100988763257208,0.13339770614618035,0.001983086586938652,0.055390325365538395
39582,1162,H1_15,0,0.00058005191385746,0.0013170300517231226,0.0004366991051938385,0.0006345695001073182,0.0006731263711117208,0.0009898777352645993,0.3648122549057007,0.00022462829656433314,2.240190429284492e-05,0.0,0.0013478611783696531,3.257263095037453e-05,0.03013040148258027
39584,1162,H1_15,0,0.005533692426979542,0.82905513048172,0.0038113968912512064,0.010001089423894882,0.0035055051557719707,0.01253095269203186,0.3648122549057007,0.009209479205310345,0.13688207240939287,0.1804240067349961,0.0914341659859886,0.004238752596552675,0.05467018820090053
39585,1162,H1_15,0,0.0015198542969301343,0.1362791210412979,0.0019248658791184425,0.0018901035655289888,0.023813774809241295,0.001821969635784626,0.3648122549057007,0.0069477492943406105,0.38616158421536406,0.10814583201069301,0.07498765726977388,0.0016872887266411794,0.04038228507254694
39558,1162,H1_30,0,0.001002066070213914,0.0013170300517231226,0.0011193521786481142,0.0010231145424768329,0.00042158173164352775,0.003497922560200095,0.38981014490127563,0.00038982139085419476,0.0007021399300973205,0.0014975247524752473,0.0,7.580051796523213e-05,0.030097877338703782
39559,1162,H1_30,0,0.018506165593862534,0.021447790786623955,0.029301006346940994,0.025179842486977577,0.043972961604595184,0.025737257674336433,0.38981014490127563,0.025786666199564934,0.02567208806484253,0.048367700871844034,0.13669137494494885,0.004502138244559931,0.050184763537126344
39560,1162,H1_30,0,0.0007276695687323809,0.012395214289426804,0.0008504542056471109,0.0005287746898829937,0.0012671008007600904,0.0005308077088557184,0.38981014490127563,0.0005452818004414439,0.0021237661843901846,0.01753510997171853,0.01998027380888842,0.00012183062929129377,0.03284497389621123
39561,1162,H1_30,0,0.0008077652892097831,0.009096282534301281,0.0018686685943976045,0.0008251490071415901,0.0029634765814989805,0.0018741381354629993,0.38981014490127563,0.0009924675105139613,0.0118127685819645,0.030167322100465768,0.027650996761494993,0.00011460719172492352,0.034323381398917684
39562,1162,H1_30,0,0.008006038144230843,0.014581208117306232,0.0038618515245616436,0.006896904669702053,0.321699321269989,0.00705204252153635,0.38981014490127563,0.00922775361686945,0.011868313056148558,0.07986664850522093,0.08772835930281275,0.0014272779518323532,0.04587682989090225
39563,1162,H1_30,0,0.002119772369042039,0.13692809641361237,0.0016479163896292448,0.0020632254891097546,0.02288815565407276,0.003591009648516774,0.38981014490127563,0.0025718819815665483,0.5472138911161164,0.11044548613605142,0.0732236213883002,0.0014406339332179736,0.0382625668315123
39564,1162,H1_30,0,0.0029733963310718536,0.035265520215034485,0.0035344986245036125,0.0031945277005434036,0.003574197646230459,0.00818538200110197,0.38981014490127563,0.0034150048159062862,0.16430608417804451,0.21280126464877414,0.14241506507772372,0.00017994447575893938,0.0697422258383071
39565,1162,H1_30,0,0.06988782435655594,0.07695522904396057,0.07129869610071182,0.06754998117685318,0.053298238664865494,0.04395153000950813,0.38981014490127563,0.06916607171297073,0.02551850433951486,0.12762393456493978,0.17938389153371995,0.08004740478545055,0.06999424626653618
39566,1162,H1_30,0,0.04051141068339348,0.18119359016418457,0.05082690715789795,0.035408809781074524,0.12043163925409317,0.09387810528278351,0.38981014490127563,0.026881234720349312,0.06846875877530463,0.26147038154725055,0.19431067439615549,0.015983676805516694,0.09977220382367712
39568,1162,H1_30,0,0.029747478663921356,0.30981874465942383,0.027036111801862717,0.03145792335271835,0.05729695037007332,0.013710429891943932,0.38981014490127563,0.03839994594454765,0.9633921758633271,0.28072546078749616,0.1723754221343588,0.028877863360607662,0.0621091706410588
39571,1162,H1_30,0,0.02327185869216919,0.10138072073459625,0.013204673305153847,0.01162200141698122,0.05567391589283943,0.01630927063524723,0.38981014490127563,0.02212745137512684,0.9441175390754326,0.2136771050003109,0.16137212323710504,0.006759769998664673,0.052725446463463256
39573,1162,H1_30,0,0.0004181715485174209,0.009126926772296429,0.00036463700234889984,0.00047624477883800864,0.002282507950440049,0.00039397779619321227,0.3256324827671051,0.0005622096941806376,0.012286470289595309,0.01304026053241305,0.012767795901395058,0.0001458922984320142,0.03178168456598094
39574,1162,H1_30,0,0.0010738775599747896,0.04415619373321533,0.0011279317550361156,0.000976268551312387,0.008474125526845455,0.0024324581027030945,0.3256324827671051,0.0015139204915612936,3.990649848356567e-05,0.05531573026619888,0.07233504239923065,0.0013173104636942188,0.041695850482251356
39575,1162,H1_30,0,0.005926300305873156,0.02189807780086994,0.010117967613041401,0.010624204762279987,0.1405358463525772,0.002506423741579056,0.3256324827671051,0.02419179491698742,0.06372165249889108,0.0702027410799345,0.05352829943706506,0.004099764952721405,0.03922548066542813
39576,1162,H1_30,0,0.004942021332681179,0.006289565470069647,0.013332302682101727,0.010785742662847042,0.01752283424139023,0.008523032069206238,0.3256324827671051,0.031970180571079254,0.18142066554284644,0.1427456191514875,0.09159474837963419,0.008885834111888844,0.04913411614684377
39577,1162,H1_30,0,0.24511387944221497,0.04025121033191681,0.2415986955165863,0.13447988033294678,0.36051657795906067,0.14078161120414734,0.3256324827671051,0.12730661034584045,0.16422123202063593,0.2560141694374646,0.1932371349406124,0.018269140725868778,0.08975401499480208
39578,1162,H1_30,0,0.1315060257911682,0.14989806711673737,0.15622881054878235,0.1254815012216568,0.034158602356910706,0.17852602899074554,0.3256324827671051,0.13061390817165375,0.43803501106592374,0.24255636975193046,0.24148933298042494,0.022339729663680818,0.09056480267377033
39579,1162,H1_30,0,0.21277092397212982,0.03230714052915573,0.2379448115825653,0.19296474754810333,0.20669931173324585,0.3071155548095703,0.3256324827671051,0.1055653840303421,0.6111226137545718,0.3336028450487765,0.2587412021549764,0.15022924442261254,0.11087592602130901
39580,1162,H1_30,0,0.008871534839272499,0.018980128690600395,0.016680728644132614,0.007229005452245474,0.005928250029683113,0.00394365144893527,0.3256324827671051,0.011372254230082035,0.06540061772491355,0.07348704860834963,0.06023732742278706,0.0019370447808328122,0.04046105486358553
39582,1162,H1_30,0,0.0004508077399805188,0.0013170300517231226,0.00034884994965977967,0.0005237859440967441,0.0005805541295558214,0.0006330735050141811,0.3256324827671051,0.0002395228366367519,1.2589333253700498e-05,0.0,0.0,3.477606266719488e-05,0.030018423159398455
39584,1162,H1_30,0,0.0014093226054683328,0.5208275318145752,0.0008104417938739061,0.0015802740817889571,0.0018701639492064714,0.0025609061121940613,0.3256324827671051,0.0012352807680144906,0.006880314927316837,0.07072530031403336,0.04056893796932518,0.00026936512701788783,0.038813726796071625
39585,1162,H1_30,0,0.0027594456914812326,0.14958685636520386,0.0031086874660104513,0.00894324854016304,0.43025341629981995,0.0018325599376112223,0.3256324827671051,0.011801191605627537,0.17473440063815243,0.110952045341936,0.10830158649890125,0.0038469667970073354,0.04898677867830867
39558,1162,H1_45,0,0.0005948460893705487,0.0013170300517231226,0.0006409293273463845,0.0008817775524221361,0.0006662684609182179,0.0021861689165234566,0.23979905247688293,0.0002996394759975374,0.00023802201577478665,0.0,0.0,4.930565238125374e-05,0.030015807986688774
39559,1162,H1_45,0,0.0030569692607969046,0.005305139813572168,0.012299245223402977,0.003801410086452961,0.03154795244336128,0.005284009501338005,0.23979905247688293,0.010287543758749962,0.32423096601522106,0.043489526287432426,0.09009246565860296,0.00293847469822374,0.037903338706429736
39560,1162,H1_45,0,0.0007634243229404092,0.013143339194357395,0.0012675002217292786,0.0003392912622075528,0.002761406823992729,0.0011616080300882459,0.23979905247688293,0.0002748713013716042,0.007771660008975689,0.002885676855088133,0.012362050532399181,0.00012252479386310781,0.031168839323062043
39561,1162,H1_45,0,0.0006443549646064639,0.02162054367363453,0.0011545687448233366,0.0006619049818255007,0.009120287373661995,0.0010474553564563394,0.23979905247688293,0.0008455829229205847,0.0456502428772628,0.011487293755579551,0.015639251401796662,0.00020048072416537,0.03159315830438147
39562,1162,H1_45,0,0.008100658655166626,0.04853038489818573,0.01302384864538908,0.009423305280506611,0.0629621297121048,0.025926638394594193,0.23979905247688293,0.00583314336836338,0.016338971489032267,0.028626767443594877,0.0576753734667956,0.00370470994621165,0.03737621014884128
39563,1162,H1_45,0,0.010610935278236866,0.1737677901983261,0.015396971255540848,0.005932174623012543,0.009544272907078266,0.05348842591047287,0.23979905247688293,0.005930459126830101,0.006292368618680823,0.09578024474869498,0.12091550005112774,0.004880745006881564,0.05354980506608483
39564,1162,H1_45,0,0.020273562520742416,0.32810285687446594,0.016247382387518883,0.020618947222828865,0.3651336133480072,0.019774973392486572,0.23979905247688293,0.038438837975263596,0.9574604910127225,0.21185137622050176,0.2156798379938321,0.007399682704775492,0.06182052706117765
39565,1162,H1_45,0,0.024448124691843987,0.056889183819293976,0.0554778091609478,0.024960868060588837,0.1134943887591362,0.044894713908433914,0.23979905247688293,0.04932621866464615,0.00707825766520531,0.1231561241700443,0.14096799003557328,0.050126264015740406,0.06070550948351067
39566,1162,H1_45,0,0.09905778616666794,0.08313862234354019,0.11606910824775696,0.0972418412566185,0.01595498062670231,0.10152567923069,0.23979905247688293,0.02983335219323635,0.0019994274541960265,0.20715424021715223,0.17714589475692014,0.003168433223182347,0.08503782094602667
39568,1162,H1_45,0,0.008601946756243706,0.006335174199193716,0.00882786512374878,0.010494045913219452,0.0017255733255296946,0.008321667090058327,0.23979905247688293,0.012075461447238922,0.6650422316987616,0.167909658328745,0.11647299414573656,0.008522434972707289,0.04664747529827748
39571,1162,H1_45,0,0.00865170732140541,0.013783548958599567,0.022734615951776505,0.011956929229199886,0.010180645622313023,0.011753525584936142,0.23979905247688293,0.013326362706720829,0.83574007726924,0.187402666661279,0.12994919679980205,0.001217820267882778,0.04738757414047582
39573,1162,H1_45,0,0.00038668978959321976,0.006933173164725304,0.00037480739410966635,0.0005028299055993557,0.002076859353110194,0.0028475457802414894,0.35420262813568115,0.0008476743241772056,0.011265411685839574,0.030628631495426818,0.012159369401763168,0.0001721609058946525,0.03285175269743628
39574,1162,H1_45,0,0.0007120482041500509,0.038971371948719025,0.0013161547249183059,0.0007933143642731011,0.026263035833835602,0.0018075817497447133,0.35420262813568115,0.0007117456989362836,0.0002122644774441914,0.08922521837814816,0.06486963318322023,0.0013806498367325585,0.04372016458159752
39575,1162,H1_45,0,0.006722884252667427,0.017392858862876892,0.005266389809548855,0.006701992824673653,0.007269281893968582,0.009046689607203007,0.35420262813568115,0.0018115434795618057,0.0537011897726734,0.04621577612510961,0.04661507195290915,0.000308887035910417,0.036952474806108984
39576,1162,H1_45,0,0.07936333864927292,0.016895338892936707,0.07987674325704575,0.08503688126802444,0.023335468024015427,0.056609563529491425,0.35420262813568115,0.03196017071604729,0.4003161112655807,0.030855713666583167,0.05169586806359698,0.004607328483616842,0.032105698742703415
39577,1162,H1_45,0,0.43993017077445984,0.1477636843919754,0.5224149227142334,0.4377495050430298,0.7562216520309448,0.3011642396450043,0.35420262813568115,0.5926269888877869,0.14370319260549214,0.28114723269439584,0.2913417906372006,0.2746619054612735,0.12264050937185478
39578,1162,H1_45,0,0.07789076119661331,0.015688644722104073,0.07609736919403076,0.08315358310937881,0.010829159058630466,0.08210497349500656,0.35420262813568115,0.15276099741458893,0.7404960644010282,0.13502564188502836,0.1561249531302046,0.021865128757220423,0.045824982797083254
39579,1162,H1_45,0,0.4818522334098816,0.12363980710506439,0.42493611574172974,0.4990024268627167,0.12794889509677887,0.4909873902797699,0.35420262813568115,0.24050630629062653,0.8782888873737013,0.28739091583284077,0.24491160232370174,0.3521347581790343,0.08353141037196428
39580,1162,H1_45,0,0.01006134133785963,0.09894295036792755,0.0170573852956295,0.005365641787648201,0.27557456493377686,0.0035967575386166573,0.35420262813568115,0.02284688875079155,0.11201535390873116,0.1614588070366335,0.10996208118301122,0.00954254764213955,0.05637474785206089
39582,1162,H1_45,0,0.0006295098573900759,0.0033090049400925636,0.000802061811555177,0.0013774629915133119,0.06128496676683426,0.0006211459403857589,0.35420262813568115,0.001035819761455059,0.0470501122374979,0.03583831190483051,0.01978239843567545,0.00019520832379289426,0.03351769694171486
39584,1162,H1_45,0,0.0012808552710339427,0.22269481420516968,0.001998433144763112,0.00131132488604635,0.0036544546019285917,0.0016615126514807343,0.35420262813568115,0.0011948193423449993,0.034173134410075155,0.0716349733038738,0.03417072046687584,0.0002730549456061415,0.03774467087832804
39585,1162,H1_45,0,0.00452330382540822,0.021219732239842415,0.008628190495073795,0.004583069588989019,0.09109082818031311,0.0016605968121439219,0.35420262813568115,0.019415616989135742,0.4854035252101406,0.09603662681281609,0.15830480917162998,0.005107261796160562,0.04906227824667451
39558,1162,H2_15,0,0.0004154141352046281,0.0010557888308539987,0.00032669605570845306,0.0003572370333131403,0.00037366486503742635,0.0010135676711797714,0.18759633600711823,0.00022068439284339547,3.261924521072788e-05,0.0015775749674054758,0.002296708413052642,0.00012428959957105828,0.03030300431317268
39559,1162,H2_15,0,0.004014159552752972,0.004169355146586895,0.005277417600154877,0.0037627907004207373,0.029012415558099747,0.014003375545144081,0.18759633600711823,0.0035968036390841007,0.017715048023609518,0.05615485996613945,0.0657070159243874,0.0012835597647149796,0.04056668018338275
39560,1162,H2_15,0,0.00036064640153199434,0.021860061213374138,0.00020096488879062235,0.0005936999805271626,0.003309371415525675,0.0015829546609893441,0.18759633600711823,0.0002972301153931767,0.0017867577994622127,0.015100229992574725,0.010484609533713113,9.83098729088891e-05,0.031816962479631915
39561,1162,H2_15,0,0.00045477866660803556,0.003933366388082504,0.0003318845992907882,0.0005521874991245568,0.024489570409059525,0.0005917173693887889,0.18759633600711823,0.00024257140466943383,0.03439707705496685,0.019187175217000706,0.026326548195352743,2.5171790821101736e-05,0.03319913267506376
39563,1162,H2_15,0,0.05968096852302551,0.043961890041828156,0.045812129974365234,0.04187196493148804,0.008891417644917965,0.04327962175011635,0.18759633600711823,0.01638663187623024,0.09364348266121422,0.09850950431498186,0.11013250760271238,0.007994695555156915,0.04967891982706416
39564,1162,H2_15,0,0.0028041291516274214,0.010258521884679794,0.0028666190337389708,0.001979200402274728,0.008909572847187519,0.007138823624700308,0.18759633600711823,0.0007460307679139078,0.31916094771989956,0.09489270516113946,0.07655935743770498,0.00031529824465914016,0.0405404634468933
39565,1162,H2_15,0,0.003508131019771099,0.01905858889222145,0.005237390287220478,0.004318143241107464,0.0035763888154178858,0.017678696662187576,0.18759633600711823,0.0013569560833275318,0.0007561441255722602,0.061045132274448334,0.05961062973107578,0.0009557531470198952,0.04049199958950888
39566,1162,H2_15,0,0.012568244710564613,0.006763860583305359,0.008147504180669785,0.011207811534404755,0.0024887851905077696,0.008673282340168953,0.18759633600711823,0.007717851083725691,0.0005772578424273045,0.09957520162458461,0.11072293458660208,0.00471797777899359,0.05217700359696312
39567,1162,H2_15,0,0.009823564440011978,0.00783309806138277,0.009162823669612408,0.037594735622406006,0.008682812564074993,0.026969481259584427,0.47854945063591003,0.0036509688943624496,0.1493450798496414,0.02986136019720934,0.05314308802778184,0.0016573238226884799,0.035223475587952725
39568,1162,H2_15,0,0.059220943599939346,0.10004310309886932,0.11954968422651291,0.08894750475883484,0.03287014365196228,0.06631960719823837,0.18759633600711823,0.06181946024298668,0.007454759327485053,0.1653648608720104,0.14283773350747112,0.013468086626808432,0.06662345061529576
39571,1162,H2_15,0,0.021714655682444572,0.03754473477602005,0.0330280140042305,0.03671589866280556,0.1811520904302597,0.007999008521437645,0.18759633600711823,0.06572373956441879,0.9449932965184411,0.13482206704855,0.12574740633657544,0.03399494865995736,0.040462001012266824
39573,1162,H2_15,0,0.0006813265499658883,0.014408349059522152,0.0021484463941305876,0.0032071734312921762,0.002215153072029352,0.001520601101219654,0.03835035860538483,0.0012080698506906629,0.22078557809933794,0.15697464556184862,0.10161962270390007,0.0004500823035817194,0.051976466641658385
39574,1162,H2_15,0,0.001063989708200097,0.003862380050122738,0.001096060499548912,0.0006826381431892514,0.003870515851303935,0.0011085105361416936,0.03835035860538483,0.00097755528986454,4.8406369125072424e-05,0.05084521024840254,0.040619518940954016,0.0003051170314009412,0.03737098694149708
39575,1162,H2_15,0,0.0023186136968433857,0.15341943502426147,0.0030744457617402077,0.0033456836827099323,0.013335250318050385,0.0032044106628745794,0.03835035860538483,0.003399635199457407,0.12153423079157293,0.08265757361784273,0.06114907049762095,0.0007449824992408557,0.04056781906342874
39576,1162,H2_15,0,0.01343628577888012,0.20367972552776337,0.030093703418970108,0.031936485320329666,0.020557399839162827,0.061987437307834625,0.03835035860538483,0.028395473957061768,0.8119578368263182,0.09672865286501928,0.06992512825849735,0.002044617886774074,0.03384152556775615
39577,1162,H2_15,0,0.0860876813530922,0.01278645545244217,0.04631391912698746,0.09236627072095871,0.011224660091102123,0.059417445212602615,0.03835035860538483,0.06025472655892372,0.033807139656056355,0.1020718854540798,0.12147447851352325,0.013430611662655852,0.052755203052095336
39578,1162,H2_15,0,0.012545215897262096,0.022486267611384392,0.012925867922604084,0.016366729512810707,0.032881636172533035,0.012114164419472218,0.03835035860538483,0.017597217112779617,0.045651694282667986,0.10510354837171168,0.06550493677135119,0.018398494594220768,0.04437197026251872
39579,1162,H2_15,0,0.08775974810123444,0.027363155037164688,0.07155787944793701,0.14050503075122833,0.06773614883422852,0.036510251462459564,0.03835035860538483,0.05751870572566986,0.8912946803329418,0.14429772674832486,0.18514012172520938,0.026738855643361557,0.04994501795632772
39580,1162,H2_15,0,0.007119516842067242,0.027546821162104607,0.014646061696112156,0.005643939599394798,0.04024708643555641,0.013748973608016968,0.03835035860538483,0.007392800413072109,0.03431228965802711,0.1390235060486575,0.10357334129284801,0.0037033019581017685,0.05462758019941303
39582,1162,H2_15,0,0.0003959350869990885,0.0011372339213266969,0.00029296084539964795,0.0004871080454904586,0.0004576087521854788,0.0002285145310452208,0.03835035860538483,0.0003292744804639369,0.00011680346419980609,0.0,0.0010313519648177047,0.00011627540062467476,0.030102840504585986
39584,1162,H2_15,0,0.0067717162892222404,0.04020129516720772,0.014795308001339436,0.004415417555719614,0.018466399982571602,0.011137489229440689,0.03835035860538483,0.009178798645734787,0.016047835048378714,0.07540387455547404,0.06454688147171685,0.0023208173974052647,0.04203270853976784
39585,1162,H2_15,0,0.01597842387855053,0.03926462307572365,0.024280203506350517,0.024560779333114624,0.01116440910845995,0.005060989875346422,0.03835035860538483,0.01774350367486477,0.09072750085536593,0.06588153751176762,0.10803077160353447,0.0021212196154751463,0.045954646267178066
39558,1162,H2_30,0,0.0004239093977957964,0.0002933029318228364,0.0004105891566723585,0.0004610932955984026,0.00044325750786811113,0.0009256922057829797,0.03528059273958206,0.0003279342781752348,4.9692028305396816e-05,0.0014252061248527677,0.01168407668955749,9.020306676017291e-05,0.03109806227481532
39559,1162,H2_30,0,0.0008433640468865633,0.0015329059679061174,0.0008929086034186184,0.000966001651249826,0.010862093418836594,0.0029623527079820633,0.03528059273958206,0.00035512176691554487,0.08777595454703375,0.036187984041982146,0.07025790290761857,4.651658423963824e-05,0.038456654932329935
39560,1162,H2_30,0,0.0009186604293063283,0.005822815466672182,0.0007037008181214333,0.001009188825264573,0.011891265399754047,0.0029879168141633272,0.03528059273958206,0.0007597451331093907,0.004740452526144386,0.048802313542964354,0.02738282226123726,0.00041073810136224646,0.03569799341015501
39561,1162,H2_30,0,0.0002708006650209427,0.004153191577643156,0.00019801534654106945,0.0003715268976520747,0.002878729719668627,0.0008196626440621912,0.03528059273958206,0.00020310816762503237,0.01687784520789876,0.01204564681334772,0.011518707461855739,2.6117250838966583e-05,0.03156301891489185
39563,1162,H2_30,0,0.016478296369314194,0.010278565809130669,0.024575967341661453,0.018062975257635117,0.044127464294433594,0.021612944081425667,0.03528059273958206,0.006842491216957569,0.8077971493642185,0.05555675270936318,0.06426882514770633,0.0016454833622661358,0.031183279792329783
39564,1162,H2_30,0,0.005700912792235613,0.06786159425973892,0.0028857970610260963,0.0030991428066045046,0.01616283319890499,0.005447561386972666,0.03528059273958206,0.002643784275278449,0.21728393630029555,0.1255823636047479,0.10134695375340391,0.0003803108371317826,0.048612088166277816
39565,1162,H2_30,0,0.0013437957968562841,0.011930868960916996,0.0015440997667610645,0.002085823332890868,0.011378796771168709,0.010081516578793526,0.03528059273958206,0.0029605336021631956,0.047302210505655154,0.07693990475983292,0.06944657077170993,0.0010375991435890397,0.04238397112673808
39566,1162,H2_30,0,0.04878745973110199,0.0501873604953289,0.043683458119630814,0.06678787618875504,0.14095759391784668,0.021011637523770332,0.03528059273958206,0.011477828025817871,0.0018840235624721306,0.1213986936423877,0.10637738402483986,0.027774988270146055,0.05402190171019541
39567,1162,H2_30,0,0.000680137483868748,0.009712099097669125,0.0010142892133444548,0.0005265285144560039,0.038526467978954315,0.0007552781607955694,0.05566086620092392,0.0005726587842218578,0.0013334700784589026,0.06439993314071575,0.06558962992827407,0.00039472245803530133,0.04156394883910231
39570,1162,H2_30,0,0.3413598835468292,0.36764249205589294,0.4682021737098694,0.278354287147522,0.4134484529495239,0.3583236038684845,0.006004887633025646,0.2803678512573242,0.6592361093218555,0.17945145331170778,0.21135221827600081,0.1727294764171496,0.06163888231523445
39572,1162,H2_30,0,0.003605844918638468,0.03159608691930771,0.008262434042990208,0.00357442838139832,0.008031911216676235,0.004665999207645655,0.006004887633025646,0.002831573598086834,0.0008693018132582936,0.060861192044961085,0.060163400617391546,0.0005046439601969183,0.04052101732739368
39573,1162,H2_30,0,0.0002380339428782463,0.0033541927114129066,0.0003970452235080302,0.0001936007902259007,0.007206249982118607,0.0003594555309973657,0.06426678597927094,0.00012158302706666291,0.1456551136944993,0.07650814198896347,0.048565862782413205,0.00014208731131421453,0.03824019067094631
39574,1162,H2_30,0,0.00023033710021991283,0.0009070305968634784,0.0005249627283774316,0.00027947378112003207,0.004330749157816172,0.0004417840682435781,0.06426678597927094,0.0006532316328957677,0.0021420669070730592,0.04076291841598016,0.03700437215733897,0.0002896406170024969,0.03618710504001641
39575,1162,H2_30,0,0.0015976318391039968,0.04609939455986023,0.002006112365052104,0.0022830464877188206,0.0049121929332613945,0.003318294882774353,0.06426678597927094,0.0011703294003382325,0.13116302137614794,0.08139272612772096,0.05087617224997696,0.0005940898144355827,0.03908915951759336
39576,1162,H2_30,0,0.006919954903423786,0.026538968086242676,0.01516859233379364,0.015137806534767151,0.0015705365221947432,0.009011553600430489,0.06426678597927094,0.0073576127178967,0.10497124531272947,0.08637223808500334,0.06272483383547141,0.0012592633760949968,0.041293248508492565
39577,1162,H2_30,0,0.026103369891643524,0.009168374352157116,0.022858314216136932,0.025943392887711525,0.01941494829952717,0.0058710770681500435,0.06426678597927094,0.013071234337985516,0.0025423764362354035,0.08632152311138798,0.07143861058238742,0.00239141018951547,0.04417573964066852
39578,1162,H2_30,0,0.006574861239641905,0.003207071218639612,0.008033206686377525,0.01098419725894928,0.0032433494925498962,0.007768544368445873,0.06426678597927094,0.003331046085804701,0.2039449984769408,0.06428211661943842,0.049748061165945406,0.0016303227104020736,0.03665170549752103
39580,1162,H2_30,0,0.008061530068516731,0.006146041676402092,0.008073095232248306,0.004410873167216778,0.0039001128170639277,0.008389373309910297,0.06426678597927094,0.002388848690316081,0.002215397446712933,0.04516997278317476,0.06364900063672685,0.0020772129285862666,0.03965535097966771
39582,1162,H2_30,0,0.0002458849339745939,0.002431417116895318,0.0005794620374217629,0.0006492995889857411,0.0015554099809378386,0.0004752532404381782,0.06426678597927094,0.00029791213455609977,0.0003825791224353267,0.014889395998485787,0.005912538025905369,6.981247756905612e-05,0.03140987338457826
39584,1162,H2_30,0,0.0029126713052392006,0.012261859141290188,0.004438376985490322,0.0040619466453790665,0.009177211672067642,0.00615344475954771,0.06426678597927094,0.0020109210163354874,0.2877208144783041,0.06003111202099936,0.07574700186897314,0.0004872204878846848,0.03811379463929715
39585,1162,H2_30,0,0.006480663549154997,0.04190053790807724,0.0024157383013516665,0.008802775293588638,0.0015275664627552032,0.005740778055042028,0.06426678597927094,0.0025753288064152002,0.17142906046300127,0.07247428137813244,0.06553270890910133,0.003258904520560671,0.039558245959843454
39586,1162,H2_30,0,0.3100767135620117,0.01954350620508194,0.32541677355766296,0.22696951031684875,0.15070246160030365,0.30156904458999634,0.0019659139215946198,0.2941496968269348,0.997179821642094,0.22336540754890943,0.2974044907969865,0.20150918158074865,0.07858024598758416
39604,1163,H1_15,0,0.00286032329313457,0.0026870996225625277,0.0029023520182818174,0.002910850802436471,0.005713313817977905,0.004187505692243576,0.5119479298591614,0.0009233292657881975,0.004742788727705731,0.024959616288033927,0.01217605176739645,0.0001190351769891065,0.03255791682812078
39605,1163,H1_15,0,0.005871163681149483,0.003954870160669088,0.0074931420385837555,0.004765006247907877,0.0025473793502897024,0.0041811103001236916,0.5119479298591614,0.003189586102962494,0.0032115905413963703,0.08422055162465798,0.05428124001756291,0.0018340047273286578,0.04172166810149385
39606,1163,H1_15,0,0.010743257589638233,0.004609410185366869,0.003650275059044361,0.007624157704412937,0.013554037548601627,0.02111809328198433,0.5119479298591614,0.003948775585740805,0.05502130756675516,0.13088709104225363,0.08992688326601667,0.0013905205179053257,0.0507298522949352
39607,1163,H1_15,0,0.003375053172931075,0.1313515603542328,0.0023847827687859535,0.002238217042759061,0.0059894984588027,0.001212117844261229,0.5119479298591614,0.0012998044257983565,0.02405599640072864,0.0788202046730115,0.04528515185208199,0.00044803518872113594,0.03978773740272088
39608,1163,H1_15,0,0.021206848323345184,0.799774706363678,0.030227242037653923,0.03221936523914337,0.08421487361192703,0.02160557359457016,0.5119479298591614,0.027608199045062065,0.09279317490161698,0.19429074696111878,0.18222894553553864,0.019356919054339797,0.08029363042311813
39609,1163,H1_15,0,0.025123231112957,0.4267956018447876,0.01748315431177616,0.01425460446625948,0.03407369926571846,0.04810972139239311,0.5119479298591614,0.016324715688824654,0.0976283717431032,0.1495460038118756,0.09370888586334732,0.016920250202360373,0.05243693525625248
39610,1163,H1_15,1,0.16976289451122284,0.014780663885176182,0.06341347843408585,0.0937579944729805,0.0638347715139389,0.08334814757108688,0.5119479298591614,0.025930125266313553,0.10369600556942388,0.31338979328009,0.2726337522083472,0.004692276867523919,0.1505847838417479
39613,1163,H1_15,0,0.09886038303375244,0.03209518641233444,0.35219019651412964,0.13848738372325897,0.07038216292858124,0.17500130832195282,0.5119479298591614,0.26074376702308655,0.2610157486823529,0.24107258860800973,0.1808940045278495,0.497309690684471,0.08174712760088511
39614,1163,H1_15,1,0.0017431487794965506,0.06054147332906723,0.0013917814940214157,0.0012676711194217205,0.006506263744086027,0.003005988895893097,0.5119479298591614,0.0008605094626545906,0.016689289868503574,0.09583952159007983,0.04640588779292043,0.00017346489916957,0.04148077685741527
39615,1163,H1_15,0,0.0028883488848805428,0.011288047768175602,0.004618599079549313,0.0017733643762767315,0.0031792374793440104,0.008244367316365242,0.5119479298591614,0.002027068752795458,0.0014797178267853838,0.03403461814559363,0.017788034196586984,0.0004202051101406472,0.033716442126735705
39616,1163,H1_15,0,0.0008575603133067489,0.017243625596165657,0.0013068526750430465,0.0003956749278586358,0.005455187987536192,0.0011611621594056487,0.5119479298591614,0.00045242710621096194,0.002046313856222324,0.032799703956593755,0.024190208010610118,4.088562898863478e-05,0.034277417694920216
39617,1163,H1_15,0,0.04044104367494583,0.05415311083197594,0.02977490797638893,0.05379999428987503,0.02657945267856121,0.06144813820719719,0.3648122549057007,0.04803222417831421,0.2162745061125016,0.13510276375723362,0.11588517322323706,0.0816385366992834,0.052181239193463014
39618,1163,H1_15,0,0.01533327717334032,0.060455795377492905,0.011395663022994995,0.024229111149907112,0.16713067889213562,0.018822647631168365,0.3648122549057007,0.00839171465486288,0.3069231589000104,0.08888656226991372,0.14627246186466558,0.0018378760782344645,0.05022250941010181
39619,1163,H1_15,0,0.016803789883852005,0.0738200768828392,0.05156414583325386,0.030338557437062263,0.07617375254631042,0.12270042300224304,0.3648122549057007,0.05194986239075661,0.24693573930085666,0.06059629247144547,0.1501124987213016,0.05863083251126282,0.04898313572688353
39620,1163,H1_15,0,0.007199164014309645,0.28475743532180786,0.0045034089125692844,0.01049104705452919,0.01365956012159586,0.015813738107681274,0.3648122549057007,0.013596058823168278,0.7857961064512547,0.1555254805518669,0.11241825580038407,0.006878954845720894,0.04307883785072872
39621,1163,H1_15,0,0.3810157775878906,0.1432439535856247,0.37694019079208374,0.2417617291212082,0.35795527696609497,0.284186452627182,0.3648122549057007,0.19393326342105865,0.42778816459661756,0.29564291526592934,0.2798743272651517,0.15598214839062977,0.11806761845181275
39622,1163,H1_15,0,0.779964804649353,0.06938989460468292,0.8027101159095764,0.7662708759307861,0.5002835988998413,0.8429277539253235,0.3648122549057007,0.7649595737457275,0.9244479646211458,0.48286075058692185,0.4534492572758739,0.7007161887974511,0.22468622997181187
39623,1163,H1_15,0,0.060963984578847885,0.11345310509204865,0.023535294458270073,0.023831944912672043,0.04434589296579361,0.012088410556316376,0.3648122549057007,0.022448189556598663,0.8477775778448063,0.20148166215951768,0.15223539353687976,0.022164793716177324,0.05205137076315102
39624,1163,H1_15,0,0.11853789538145065,0.10534262657165527,0.15682606399059296,0.17892372608184814,0.2987701892852783,0.09750992804765701,0.3648122549057007,0.14304563403129578,0.4720483562046242,0.20979795512316288,0.18105457493360333,0.008937363431345175,0.06541727547867492
39625,1163,H1_15,0,0.017233649268746376,0.056552447378635406,0.0402260385453701,0.037741027772426605,0.06101325526833534,0.018964676186442375,0.3648122549057007,0.08163418620824814,0.9504370879890063,0.29356446122589347,0.1977497272225555,0.0659459128113618,0.06922057144799114
39626,1163,H1_15,0,0.03074614889919758,0.01315898448228836,0.06438075751066208,0.04493052884936333,0.009927458129823208,0.08639691025018692,0.3648122549057007,0.029641442000865936,0.2049574307945015,0.09866204240114142,0.12939266098237043,0.017927555963574485,0.05041167974083017
39627,1163,H1_15,0,0.000635495234746486,0.003507184563204646,0.0004093008756171912,0.0006157036405056715,0.0014121081912890077,0.0014444297412410378,0.3648122549057007,0.0004972227034159005,0.000995242385623627,0.00278475668665052,0.0,0.00012602533879946606,0.030169575412185196
39604,1163,H1_30,0,0.0008674270357005298,0.0005720346816815436,0.0008005172130651772,0.0008703653584234416,0.0007326740305870771,0.003317814087495208,0.38981014490127563,0.00029862564406357706,4.068413690493616e-05,0.0,0.0034772096523462605,4.397964400244215e-05,0.030307828658181286
39605,1163,H1_30,0,0.0006445199251174927,0.011168853379786015,0.0009595961309969425,0.0003937545989174396,0.0021257500629872084,0.003028701525181532,0.38981014490127563,0.00033710396382957697,0.0001196882146228028,0.06782986459963526,0.03262643463798269,0.00025540281049687594,0.03776056510672852
39606,1163,H1_30,0,0.010953923687338829,0.007100898306816816,0.008659432642161846,0.007569639477878809,0.011873427778482437,0.023036109283566475,0.38981014490127563,0.009814811870455742,0.004055648439126378,0.06135535234525254,0.06341565969300292,0.0023465418421089726,0.04085318412494301
39607,1163,H1_30,0,0.0033913333900272846,0.1722659319639206,0.004895941354334354,0.002977466443553567,0.016998883336782455,0.0037455910351127386,0.38981014490127563,0.00364782870747149,0.06737391470654452,0.08982704520967517,0.03922857904396629,0.0028319368854631067,0.039283483016905534
39608,1163,H1_30,0,0.015523173846304417,0.21971338987350464,0.02196837216615677,0.026934191584587097,0.1709909439086914,0.009913847781717777,0.38981014490127563,0.006148960907012224,0.27334921362688797,0.16036496347927462,0.1403322811051313,0.005237892380811955,0.05841815591936486
39609,1163,H1_30,0,0.11059817671775818,0.40469875931739807,0.10035020858049393,0.11173665523529053,0.23474426567554474,0.3628678023815155,0.38981014490127563,0.08777902275323868,0.2638955973839983,0.2502518739002848,0.1425459067277129,0.05269052374371596,0.07061472918004504
39610,1163,H1_30,0,0.002925712149590254,0.15570850670337677,0.002775954781100154,0.007506697438657284,0.04300851374864578,0.002029850846156478,0.38981014490127563,0.0023814530577510595,0.01959202430835997,0.14245577266387635,0.09559203396114432,0.0007924369127293374,0.053944864915616814
39613,1163,H1_30,0,0.0038911595474928617,0.09730198234319687,0.008219564333558083,0.005459370091557503,0.002402789192274213,0.040439534932374954,0.38981014490127563,0.005632766988128424,0.09609910799307175,0.0741727598282061,0.04322066094774931,0.0020468369675558885,0.03807901022661051
39614,1163,H1_30,0,0.016873784363269806,0.1175374686717987,0.010085334070026875,0.008733106777071953,0.019364848732948303,0.01044290792196989,0.38981014490127563,0.005183178465813398,0.15198895283236397,0.10825795201782765,0.07351983650002311,0.002791835151218135,0.043949486851703155
39615,1163,H1_30,0,0.0008240336319431663,0.009730575606226921,0.0010548463324084878,0.0005045749130658805,0.0016241789562627673,0.0029521004762500525,0.38981014490127563,0.0005837639910168946,0.0008242130003569812,0.057930858918779776,0.03763266564756555,2.2607629853227275e-05,0.037561624180471785
39616,1163,H1_30,0,0.0011955975787714124,0.03339223191142082,0.00164655817206949,0.0005555166862905025,0.0017545610899105668,0.014191031455993652,0.38981014490127563,0.0006381293060258031,0.0008265288967432892,0.018145417175857173,0.016774342480740317,0.0004590179186703803,0.03259852527722892
39617,1163,H1_30,0,0.05237025395035744,0.017602385953068733,0.038182564079761505,0.09890081733465195,0.15698552131652832,0.047509998083114624,0.3256324827671051,0.07382959872484207,0.277769402715012,0.14068355442155153,0.19496404316630536,0.10463631511599528,0.06747142231592372
39618,1163,H1_30,0,0.03184579312801361,0.07631777971982956,0.025489566847682,0.04688835144042969,0.014475994743406773,0.027867358177900314,0.3256324827671051,0.04798591509461403,0.02023085083412425,0.07254808817948531,0.12920643583464403,0.018608106914012604,0.05139699117711133
39619,1163,H1_30,0,0.023558523505926132,0.024495568126440048,0.04026082158088684,0.02741350419819355,0.16733483970165253,0.02215634100139141,0.3256324827671051,0.02659636177122593,0.1032373497839776,0.0556243945475507,0.10636958738910732,0.0103616749007576,0.04441115127650234
39620,1163,H1_30,0,0.02473941072821617,0.7455556988716125,0.039408717304468155,0.0642489641904831,0.3689434230327606,0.028590433299541473,0.3256324827671051,0.1257622241973877,0.7877329475667008,0.14010498155499188,0.13039003714404535,0.025023207157168853,0.04258481096127479
39621,1163,H1_30,0,0.5960060954093933,0.334257572889328,0.24316993355751038,0.5196517109870911,0.15414327383041382,0.3007872402667999,0.3256324827671051,0.4531511068344116,0.10087747810316947,0.24983697558960852,0.2776002165056403,0.2729574712747113,0.11626819003433508
39622,1163,H1_30,0,0.08934731036424637,0.10971514135599136,0.07778844982385635,0.22380656003952026,0.41620001196861267,0.06729581952095032,0.3256324827671051,0.31018465757369995,0.8991226435321035,0.2743011802772485,0.3103233050097362,0.19884962153069277,0.09563876284880529
39623,1163,H1_30,0,0.014667279087007046,0.012323173694312572,0.013225249014794827,0.021018892526626587,0.012660049833357334,0.008897192776203156,0.3256324827671051,0.011095304042100906,0.6109882058774377,0.1692856387106379,0.11794071995256206,0.005898345452082688,0.04791919359545164
39624,1163,H1_30,0,0.01610644720494747,0.08703228086233139,0.012282302603125572,0.0163075253367424,0.05235622450709343,0.002345683053135872,0.3256324827671051,0.017595313489437103,0.12719141627183195,0.19073407580863846,0.14896971091887037,0.0045107434160885675,0.06896855467965361
39625,1163,H1_30,0,0.01420506089925766,0.0466584786772728,0.028611868619918823,0.021999148651957512,0.0890711098909378,0.011137972585856915,0.3256324827671051,0.038252174854278564,0.3224949525143052,0.14861000555759726,0.13989566250674043,0.013805087684602224,0.05506173608136041
39626,1163,H1_30,0,0.013253730721771717,0.007132327184081078,0.02796955034136772,0.012348189949989319,0.10520478338003159,0.019276779145002365,0.3256324827671051,0.015097338706254959,0.5718363212470561,0.06875574469637181,0.07897309788502176,0.009270721840293279,0.03552694559347273
39627,1163,H1_30,0,0.0006489713559858501,0.002265946241095662,0.000583623826969415,0.0007105200784280896,0.0007215435616672039,0.0020052886102348566,0.3256324827671051,0.0004120834928471595,1.0304776182695492e-05,0.0,0.0,0.00011026813008391793,0.03001737389945168
39604,1163,H1_45,0,0.0007382818730548024,0.0005720346816815436,0.00046679467777721584,0.0006724621052853763,0.0007488310220651329,0.0019514180021360517,0.23979905247688293,0.00029157818062230945,8.57101665378728e-06,0.0,0.0009110512129380053,6.294266353140881e-05,0.030093772714070793
39605,1163,H1_45,0,0.0003189255658071488,0.012430298142135143,0.0005018602823838592,0.00030553413671441376,0.0004121149249840528,0.0051610455848276615,0.23979905247688293,0.0002598693536128849,6.906912643851741e-05,0.03206995077068946,0.022814045618545345,0.0001305578099292351,0.034116008616604195
39606,1163,H1_45,0,0.006435297429561615,0.0031018343288451433,0.0059258961118757725,0.0054034339264035225,0.0139361172914505,0.0682198703289032,0.23979905247688293,0.0029462999664247036,0.012185833657964388,0.032515871081983214,0.03141560736122981,0.0020073657057031852,0.03486113805011711
39607,1163,H1_45,0,0.009451434016227722,0.5529478192329407,0.015617471188306808,0.009840411134064198,0.039336908608675,0.005491144023835659,0.23979905247688293,0.012853149324655533,0.008330434381957158,0.06520228397263757,0.07015614756932798,0.006393673694550958,0.042011215902746514
39608,1163,H1_45,0,0.0007590031018480659,0.018892856314778328,0.0005438777734525502,0.00229494902305305,0.0008087916066870093,0.0011084055295214057,0.23979905247688293,0.0015014668460935354,0.01866145105552113,0.0984167094778577,0.0635616404506496,0.00035772129627404574,0.04402907158633402
39609,1163,H1_45,0,0.014852837659418583,0.08887525647878647,0.007922081276774406,0.011444677598774433,0.0015509814256802201,0.029365209862589836,0.23979905247688293,0.009113529697060585,0.40557941535179015,0.10557347900840457,0.052245200798667894,0.0058024473372388485,0.037379493813265184
39610,1163,H1_45,0,0.04697072133421898,0.007163093890994787,0.1329495906829834,0.032824162393808365,0.0903153270483017,0.03300987184047699,0.23979905247688293,0.0658373087644577,0.02222451102625296,0.176894491905782,0.169737636189753,0.02148304607296838,0.0752582100469442
39613,1163,H1_45,0,0.013038910925388336,0.13618947565555573,0.015088073909282684,0.0197248887270689,0.04308386892080307,0.029348887503147125,0.23979905247688293,0.012452122755348682,0.994975269322163,0.15957116999485027,0.1716176587960356,0.006425118520345302,0.04806043735998758
39614,1163,H1_45,0,0.028637317940592766,0.1130874827504158,0.10016096383333206,0.05570630356669426,0.21988725662231445,0.03059449791908264,0.23979905247688293,0.1972002536058426,0.674133197130703,0.27025281707094895,0.23858297193084388,0.04304150166359112,0.08257240225609985
39615,1163,H1_45,0,0.005815114360302687,0.01593181863427162,0.0017620709259063005,0.001979477470740676,0.001636388711631298,0.011119993403553963,0.23979905247688293,0.0020450991578400135,0.001319288617768607,0.03845975492395148,0.04360171060715802,0.0010938634053852857,0.03674899824274019
39616,1163,H1_45,0,0.0022318230476230383,0.048102520406246185,0.0022744135931134224,0.004133759997785091,0.08476296812295914,0.004149316344410181,0.23979905247688293,0.002599947387352586,0.07228546221645202,0.050075620204388965,0.06724979900677161,0.0019377920296273317,0.03942392789518154
39617,1163,H1_45,0,0.047417834401130676,0.13005191087722778,0.014200574718415737,0.0847332552075386,0.14560940861701965,0.0525638572871685,0.35420262813568115,0.041537173092365265,0.21077236894624557,0.046044101631637795,0.07504830068006592,0.013407749335322733,0.03763370717684889
39618,1163,H1_45,0,0.007050198968499899,0.006591913290321827,0.005372272338718176,0.006602203939110041,0.0007501913351006806,0.007108402904123068,0.35420262813568115,0.003252027789130807,0.0005956076852108447,0.03689147309221649,0.03905424472471898,0.0004895818544799043,0.03611744037983528
39619,1163,H1_45,0,0.0014255538117140532,0.009550423361361027,0.0015151420375332236,0.006169167347252369,0.013829692266881466,0.001890694722533226,0.35420262813568115,0.0019654124043881893,0.0008773462534562757,0.030435538894513007,0.044155755395670244,0.001812082821328883,0.03622802409437462
39620,1163,H1_45,0,0.011066083796322346,0.4148898422718048,0.00589374452829361,0.0026353574357926846,0.016354642808437347,0.005522650200873613,0.35420262813568115,0.002763433614745736,0.05832336840770369,0.16055095365988278,0.08311328764509764,0.0011190432427624893,0.05278808426323082
39621,1163,H1_45,0,0.04935772344470024,0.1513962596654892,0.03227706253528595,0.06709402054548264,0.04612570255994797,0.14934572577476501,0.35420262813568115,0.06417837738990784,0.29272601093311734,0.2065332687995758,0.1761572122015046,0.018781952575125355,0.07172930559153774
39622,1163,H1_45,0,0.5522103905677795,0.12381039559841156,0.36294448375701904,0.3552757203578949,0.054049599915742874,0.6060509085655212,0.35420262813568115,0.26722466945648193,0.8302845282570717,0.2535084884297386,0.35971296580844375,0.059019363068818366,0.11405007885448847
39623,1163,H1_45,0,0.14143165946006775,0.037566978484392166,0.1033896654844284,0.283907413482666,0.33832868933677673,0.08629414439201355,0.35420262813568115,0.19031213223934174,0.9206926586987121,0.2991232434586735,0.2728061198038883,0.13302368692115543,0.0898944684370024
39624,1163,H1_45,0,0.005872685462236404,0.16302989423274994,0.0040037790313363075,0.00993441604077816,0.004898376762866974,0.004078463185578585,0.35420262813568115,0.004969567991793156,0.01979122350764808,0.10962816569977751,0.08494446594202111,0.0028518005242480506,0.04837254535176596
39625,1163,H1_45,0,0.025107640773057938,0.005024302750825882,0.035025205463171005,0.03968239948153496,0.012250302359461784,0.07571960240602493,0.35420262813568115,0.010107572190463543,0.07634408673638643,0.10693230998151369,0.15580980874969105,0.007930900378064406,0.060229361860320955
39626,1163,H1_45,0,0.0005493914941325784,0.021004287526011467,0.0011299879988655448,0.001026372890919447,0.001165007590316236,0.0025557726621627808,0.35420262813568115,0.0018296681810170412,0.0017645021114285058,0.029634107488141374,0.042664073387422355,0.0005456282030511956,0.035983570102379146
39627,1163,H1_45,0,0.00048096454702317715,0.003721853718161583,0.0004595489299390465,0.0006958900485187769,0.0012173308059573174,0.0012088288785889745,0.35420262813568115,0.0005162115558050573,3.085664218312574e-05,0.0028570753142729997,0.0011653290529695024,0.0001730780846475139,0.03028068771388164
39604,1163,H2_15,0,0.00036510376958176494,0.0005669567617587745,0.0002622620668262243,0.00033014893415383995,0.0007304643513634801,0.0015833073994144797,0.18759633600711823,0.0002119204873451963,8.630834471786693e-06,0.0012996777658431792,0.0013491028745266033,5.3444089653331144e-05,0.030206969611426188
39605,1163,H2_15,0,0.0006691563175991178,0.00800968986004591,0.002381702186539769,0.0019845436327159405,0.0006976623553782701,0.002558446954935789,0.18759633600711823,0.0024238761980086565,0.0009301979626019999,0.058751597445678885,0.05061762210072439,0.0027155480965329395,0.039169071759708955
39606,1163,H2_15,0,0.012146655470132828,0.0016761755105108023,0.011293470859527588,0.006035893224179745,0.0028204512782394886,0.050033677369356155,0.18759633600711823,0.004752736072987318,0.008323255641374481,0.06724325152793313,0.04586818142002047,0.001478458194230982,0.03911901465762146
39607,1163,H2_15,0,0.0005422384128905833,0.11422976106405258,0.0009602463687770069,0.0003113389539066702,0.0005736956372857094,0.001487652538344264,0.18759633600711823,0.00042309306445531547,0.0012652313887882211,0.022096355658777253,0.014260879183858403,0.0001975130810515406,0.0326127578685455
39608,1163,H2_15,0,0.001158864819444716,0.28854894638061523,0.0012287795543670654,0.0012667092960327864,0.006057349964976311,0.004086524713784456,0.18759633600711823,0.000743801356293261,0.003111910617270764,0.11168429962404054,0.060821285881430764,0.0001161432054102748,0.04517612781188934
39609,1163,H2_15,0,0.002884842222556472,0.050410907715559006,0.002427380532026291,0.0035476023331284523,0.0025751071516424417,0.0026057306677103043,0.18759633600711823,0.002341193612664938,0.06212707688171015,0.07177171422745568,0.045886105684823146,0.0010832781061600161,0.03871959279058334
39610,1163,H2_15,0,0.005603982601314783,0.01449233666062355,0.011548647657036781,0.0051341429352760315,0.0033888667821884155,0.008267550729215145,0.18759633600711823,0.0039513250812888145,0.06206718202873448,0.07311656706767487,0.07760706540328634,0.002419162153117219,0.04291235566943848
39613,1163,H2_15,0,0.0012635490857064724,0.2304791659116745,0.002007997827604413,0.001854176283814013,0.002677938900887966,0.0014174883253872395,0.18759633600711823,0.0014410704607143998,0.024843195883853385,0.07529338522265895,0.016921363147125983,0.0004611465186253868,0.03622906188274283
39614,1163,H2_15,0,0.015138298273086548,0.013032789342105389,0.013133366592228413,0.014577522873878479,0.008092531934380531,0.010433737188577652,0.18759633600711823,0.00922960601747036,0.3736303168741707,0.06623180785009292,0.07896351378522598,0.002639009502383568,0.037729008105430666
39615,1163,H2_15,0,0.002132951747626066,0.03479868918657303,0.0018318046350032091,0.002039769198745489,0.0011899376986548305,0.0019255357328802347,0.18759633600711823,0.0024070527870208025,0.00039758158871586456,0.02701798695786711,0.01573846292567041,0.00015371419226104072,0.03305893338734659
39616,1163,H2_15,0,0.001439444487914443,0.043159231543540955,0.0009911725064739585,0.0007237265235744417,0.0021952101960778236,0.0003770179464481771,0.18759633600711823,0.0011144668096676469,0.007036773352176308,0.023978668311288146,0.025377329170859046,0.0003252923412535886,0.03373294372847114
39617,1163,H2_15,0,0.005298013333231211,0.0029926695860922337,0.002743273042142391,0.00684575829654932,0.0035866685211658478,0.031068697571754456,0.03835035860538483,0.0029484268743544817,0.001719709037367399,0.01613959209246606,0.04021201871900045,0.0010696562187622058,0.034747837489957835
39618,1163,H2_15,0,0.003524268977344036,0.023314183577895164,0.004380164667963982,0.008575708605349064,0.02443297766149044,0.008053934201598167,0.03835035860538483,0.010139347054064274,0.00035443651583213197,0.17470987290100973,0.12346875567158977,0.0050157779907538955,0.0646169803434462
39619,1163,H2_15,0,0.00041507038986310363,0.011236896738409996,0.00045745261013507843,0.0023590310011059046,0.015629837289452553,0.0027531320229172707,0.03835035860538483,0.0016291590873152018,0.03306175589390982,0.029710222399427007,0.05682503415845521,0.0006923382872812757,0.03715234715799972
39620,1163,H2_15,0,0.011109789833426476,0.5757645964622498,0.011067243292927742,0.012786432169377804,0.029263360425829887,0.003580278716981411,0.03835035860538483,0.017793260514736176,0.014264022675402343,0.0980203208757452,0.07689734546868288,0.00239761112758792,0.045815786405648616
39622,1163,H2_15,0,0.29054024815559387,0.016470717266201973,0.22075647115707397,0.29403766989707947,0.005761893466114998,0.473941445350647,0.03835035860538483,0.0918692871928215,0.5747853973220989,0.1617587090677574,0.2101442588315103,0.048349227106337295,0.06382172074437453
39623,1163,H2_15,0,0.013091801665723324,0.0055074505507946014,0.011670718900859356,0.00957687757909298,0.007601473014801741,0.057962145656347275,0.03835035860538483,0.009029418230056763,0.5928356970465838,0.09382227729124146,0.1221523407456785,0.0028280180841592866,0.04195098663926223
39624,1163,H2_15,0,0.005472281482070684,0.017061959952116013,0.002995701739564538,0.012405014596879482,0.020564986392855644,0.009240862913429737,0.03835035860538483,0.003146121045574546,0.19513243502086455,0.09723723296100663,0.06329520109762225,0.0012876648543840618,0.04092996641050271
39625,1163,H2_15,0,0.022198621183633804,0.09623327106237411,0.029918819665908813,0.09962308406829834,0.06979401409626007,0.05980793759226799,0.03835035860538483,0.12275758385658264,0.47170406205229565,0.18877500983104034,0.11453647872355656,0.04881559117354088,0.05064120518409779
39626,1163,H2_15,0,0.0020589767955243587,0.016995813697576523,0.002307573100551963,0.0026086706202477217,0.06528650224208832,0.0010969066061079502,0.03835035860538483,0.002139834687113762,0.0077692762183152984,0.10646975639070884,0.07697109629868717,0.0008135206826660996,0.047037078608507504
39627,1163,H2_15,0,0.00036628005909733474,0.0018168247770518064,0.0003351768827997148,0.0004365931963548064,0.0007103243260644376,0.0013200337998569012,0.03835035860538483,0.00040365042514167726,7.680141665921145e-06,0.0,0.0,0.00012398409482825102,0.030017607010806774
39631,1163,H2_15,0,0.003942814189940691,0.004363821353763342,0.007439814507961273,0.009325043298304081,0.0772608146071434,0.0029115981888026,0.03195549175143242,0.009139527566730976,0.020211588036878062,0.12912299343721245,0.12465349480925107,0.005089675182910305,0.058016054914922593
39604,1163,H2_30,0,0.0006535860011354089,0.0011478562373667955,0.0002909317263402045,0.0004583178961183876,0.0004950244328938425,0.0010535256005823612,0.03528059273958206,0.00015750412421766669,4.110429019838122e-05,0.0014975247524752473,0.003334792141525754,5.338336841948128e-05,0.0303856251771831
39605,1163,H2_30,0,0.0005285395891405642,0.0033891419880092144,0.0007939288625493646,0.001061328686773777,0.0029421942308545113,0.0002897555532399565,0.03528059273958206,0.0011621569283306599,0.0007437221681538925,0.028055472586592377,0.03795112849222572,0.001457793296874845,0.03539134382133935
39606,1163,H2_30,0,0.01246812753379345,0.0380781814455986,0.00651623634621501,0.005017896648496389,0.017634185031056404,0.018278127536177635,0.03528059273958206,0.0026087018195539713,0.06958624299729466,0.017719798933736458,0.022690457917857784,0.001087688907983634,0.03235895428583797
39607,1163,H2_30,0,0.00203105085529387,0.04824277013540268,0.0020147955510765314,0.0010365067282691598,0.016098998486995697,0.0011274729622527957,0.03528059273958206,0.0010961503721773624,0.03598486480237982,0.05932664361114189,0.033796886425416624,0.0006180480874502117,0.03675375203110504
39611,1163,H2_30,0,0.09657980501651764,0.052001338452100754,0.12383241951465607,0.08948024362325668,0.0999235287308693,0.1943441927433014,0.018290895968675613,0.033352240920066833,0.7675386344655069,0.12867600861472728,0.19474452785721916,0.006136729629535119,0.05249683867089425
39612,1163,H2_30,0,0.004633670672774315,0.014411856420338154,0.004810688551515341,0.004006288014352322,0.017084339633584023,0.02187809720635414,0.018290895968675613,0.00505349924787879,0.009362767618265848,0.020093643824070542,0.03905065032884303,0.0008056632096781459,0.03478138751352273
39613,1163,H2_30,0,0.00019991127192042768,0.3376757502555847,0.0005414377083070576,0.0002167818311136216,0.006797408685088158,0.001047671539708972,0.03528059273958206,0.0007183155394159257,0.6430225709113595,0.06997558888349585,0.03789015860277026,0.0002247653667161135,0.031366254050218305
39614,1163,H2_30,0,0.04144290089607239,0.0439966544508934,0.01971096359193325,0.016386570408940315,0.045194968581199646,0.010342121124267578,0.03528059273958206,0.005841159727424383,0.20991243813291038,0.084785754926105,0.11005992496090865,0.006800639410146865,0.0460429011386426
39615,1163,H2_30,0,0.001053756452165544,0.0018167427042499185,0.0009824043372645974,0.0018839865224435925,0.0046195597387850285,0.0033747563138604164,0.03528059273958206,0.0029207670595496893,0.005322793662111364,0.029260297372253906,0.04039526599734245,0.0010931645657038269,0.03565561445796074
39616,1163,H2_30,0,6.186538666952401e-05,0.0015175830340012908,4.962913226336241e-05,5.140126813785173e-05,0.0006606624228879809,0.0002481584087945521,0.03528059273958206,3.9294704038184136e-05,9.985389260213224e-05,0.002922730877328015,0.006187520895930115,8.273814164265688e-06,0.030713364473624646
39617,1163,H2_30,0,0.005425581708550453,0.0017289738170802593,0.0047020395286381245,0.009207477793097496,0.0043621850199997425,0.03093503788113594,0.06426678597927094,0.0063823675736784935,0.0006783715350165162,0.0198983267426307,0.0394188642507623,0.0013420065765888886,0.03490368874865175
39618,1163,H2_30,0,0.0009809312177821994,0.00849378015846014,0.0025173979811370373,0.0013377079740166664,0.023544495925307274,0.002038792707026005,0.06426678597927094,0.0011537062237039208,0.013762493674902405,0.1942237892819511,0.09462976453529952,0.00031177345141615245,0.060470702257110785
39619,1163,H2_30,0,0.0032371291890740395,0.036848533898591995,0.0047820438630878925,0.004563996568322182,0.002664746018126607,0.0027133345138281584,0.06426678597927094,0.001702849636785686,0.0004928084907152196,0.01631918134104117,0.049224314628565274,0.0005980570079471681,0.0357467528338359
39620,1163,H2_30,0,0.003997406922280788,0.03166382387280464,0.0035122425761073828,0.003785917768254876,0.01896166428923607,0.0015669066924601793,0.06426678597927094,0.007410435471683741,0.010191193301926709,0.07092412669860805,0.04829849865750573,0.0014050031674745598,0.03965194433682566
39623,1163,H2_30,0,0.010542716830968857,0.0071630533784627914,0.01232947874814272,0.0071673886850476265,0.00044729321962222457,0.03849758952856064,0.06426678597927094,0.004380566067993641,0.07588072536785273,0.05313681486082567,0.06100334083623353,0.002685305306908806,0.03883719447870155
39624,1163,H2_30,0,0.012081356719136238,0.23279309272766113,0.004713089670985937,0.012047795578837395,0.015279906801879406,0.011252122931182384,0.06426678597927094,0.008664112538099289,0.10570363534077551,0.10770797996098246,0.08103017540134348,0.0015162267081992003,0.045766896947742906
39625,1163,H2_30,0,0.01873672753572464,0.05810891091823578,0.02453719638288021,0.029337598010897636,0.008822722360491753,0.04140298441052437,0.06426678597927094,0.033898960798978806,0.4985843693686969,0.1296982858231293,0.10466803618678859,0.01451361130699281,0.044023602978003236
39627,1163,H2_30,0,0.0004311914963182062,0.0018371718470007181,0.00031139981001615524,0.00046750472392886877,0.0018906478071585298,0.001390309538692236,0.06426678597927094,0.00034958121250383556,8.069804831493385e-06,0.007349649571698742,0.0,8.052850295294651e-05,0.030448419201374366
39629,1163,H2_30,0,0.008873921819031239,0.013330220244824886,0.016787976026535034,0.00801045075058937,0.012426330707967281,0.029137594625353813,0.006002631038427353,0.0047784727066755295,0.023865622291393402,0.07636239606008242,0.10216489625926706,0.002767522429942852,0.047662636114805486
39631,1163,H2_30,0,0.021309372037649155,0.03148361295461655,0.020986782386898994,0.02234063297510147,0.19566066563129425,0.01990988291800022,0.02157827466726303,0.017021972686052322,0.010767751210219138,0.11685886094810714,0.1381929886109311,0.010456832981373178,0.05947476507659457
39639,1163,H2_30,0,0.0030196744482964277,0.08314894884824753,0.0022547137923538685,0.002782807219773531,0.006720407400280237,0.021658848971128464,0.01788221299648285,0.006470435298979282,0.020613485400707985,0.1242192483659177,0.11758952323051217,0.0016179169137274234,0.05594331011133983
39646,1163,H2_30,1,0.349126398563385,0.15953890979290009,0.33688849210739136,0.4213470220565796,0.10426484048366547,0.45836201310157776,0.006002631038427353,0.388210654258728,0.949691321546029,0.18342602350280635,0.24613762063905967,0.37288245842437073,0.06324957480174775
39649,1164,H1_15,0,0.0033787712454795837,0.002416750881820917,0.0029474685434252024,0.004865821450948715,0.0007271163631230593,0.005280361510813236,0.4420195519924164,0.0010283930459991097,0.0005914943514807663,0.0013315959295110453,0.001119974808439173,0.00022520378625742374,0.0335645801518413
39650,1164,H1_15,0,0.01758517697453499,0.3492058515548706,0.017139654606580734,0.015698976814746857,0.02540500834584236,0.026496646925807,0.4420195519924164,0.030488794669508934,0.3249548195316027,0.13897708680491686,0.1459462719879727,0.028403432867159222,0.06051501520616096
39651,1164,H1_15,0,0.0005093045183457434,0.12980620563030243,0.0008225383353419602,0.0010578169021755457,0.018626969307661057,0.0012931062374264002,0.4420195519924164,0.0035406204406172037,0.16873059820352818,0.10716485357708064,0.053197559164659035,0.0004671415282849479,0.0466959706701405
39653,1164,H1_15,0,0.008273452520370483,0.03829946741461754,0.0070078689604997635,0.010805586352944374,0.004016037564724684,0.010461926460266113,0.4420195519924164,0.009339525364339352,0.46015565439303946,0.12795351589615797,0.09747036112092011,0.0029383032472341964,0.05053166548333846
39654,1164,H1_15,1,0.07037504762411118,0.03506286442279816,0.11407695710659027,0.08530975878238678,0.0784437358379364,0.14900091290473938,0.4420195519924164,0.06658592820167542,0.6821754134619756,0.22245064136917014,0.23201160411991226,0.06077999110078694,0.08416811172949117
39656,1164,H1_15,0,0.31146758794784546,0.896893322467804,0.28767409920692444,0.2886056900024414,0.052219208329916,0.5936411023139954,0.4420195519924164,0.317211389541626,0.7627959872910179,0.26675070019886615,0.1792074644782582,0.1334125031488252,0.09305122574153502
39658,1164,H1_15,0,0.01142693217843771,0.19313721358776093,0.008688856847584248,0.019300831481814384,0.029308147728443146,0.01072350051254034,0.4420195519924164,0.028916336596012115,0.44713074504577127,0.23019292387016832,0.20026930062863763,0.0057260898195602246,0.08294218918252026
39659,1164,H1_15,0,0.007962387055158615,0.01833934895694256,0.009130739606916904,0.007057977840304375,0.01007147692143917,0.004392084199935198,0.4420195519924164,0.006634732708334923,0.23492096931846881,0.09419152823564927,0.11425714773235464,0.003713179082210456,0.05094244342156254
39660,1164,H1_15,0,0.01701291836798191,0.31228578090667725,0.01244037039577961,0.01559811644256115,0.012605983763933182,0.04676790162920952,0.4420195519924164,0.012746471911668777,0.0702313825276367,0.08657399093854237,0.06714704506906073,0.008769863604083541,0.04724986818342335
39662,1164,H1_15,1,0.8393545150756836,0.08667002618312836,0.8381404280662537,0.8604614734649658,0.5591468811035156,0.8750135898590088,0.4420195519924164,0.7816164493560791,0.5981224249433377,0.28449476976257654,0.33857901463594103,0.7491567866656261,0.18481620591251602
39663,1164,H1_15,0,0.041845325380563736,0.08236952871084213,0.03905884921550751,0.04390517622232437,0.361845999956131,0.11277951300144196,0.4420195519924164,0.08164434134960175,0.16383616913547688,0.2594452768849998,0.23049288422168265,0.04129969826924625,0.10401405042189542
39664,1164,H1_15,0,0.004897017031908035,0.02053653448820114,0.008906621485948563,0.008283971808850765,0.04715464636683464,0.0012290703598409891,0.7364792227745056,0.006355299614369869,0.027150744960585442,0.09455676340587349,0.07738417086382259,0.003805251437843964,0.049669130641385055
39665,1164,H1_15,0,0.17649410665035248,0.040129341185092926,0.09952078014612198,0.1995297223329544,0.1409054696559906,0.09388455748558044,0.7364792227745056,0.03419054299592972,0.4376219898750151,0.326792419916372,0.25156420799077234,0.008521220013176647,0.11817213079401628
39666,1164,H1_15,0,0.4343065321445465,0.1938704550266266,0.2826079726219177,0.48346182703971863,0.019515912979841232,0.20656968653202057,0.7364792227745056,0.20121657848358154,0.31680312088288415,0.2003347977835055,0.18255837593032628,0.16304853131510522,0.08401440135972882
39667,1164,H1_15,0,0.062402207404375076,0.3393384516239166,0.0148307578638196,0.057741325348615646,0.006721652112901211,0.01596822962164879,0.7364792227745056,0.010115791112184525,0.25896167299458356,0.1663089143205549,0.09607678797881233,0.005252235556558921,0.05840860439359868
39668,1164,H1_15,0,0.9264574646949768,0.12977473437786102,0.9115762114524841,0.9152512550354004,0.2236696183681488,0.8994899988174438,0.7364792227745056,0.796055018901825,0.9848411587249132,0.5946521631608754,0.5215586168203196,0.8464592804856367,0.41412191151066996
39669,1164,H1_15,0,0.07724771648645401,0.011332864873111248,0.058457061648368835,0.06553693860769272,0.10347411781549454,0.05049481242895126,0.7364792227745056,0.025548042729496956,0.8902094666042598,0.1983761959681113,0.19099581821569578,0.01169894948047505,0.06783650312349467
39670,1164,H1_15,0,0.13728110492229462,0.02862449362874031,0.1192137748003006,0.078715980052948,0.07452710717916489,0.10364092886447906,0.7364792227745056,0.10333585739135742,0.8268807510479894,0.1812349910628762,0.17379484315116706,0.040912247085418026,0.06577096392876024
39671,1164,H1_15,1,0.3587183356285095,0.6237322688102722,0.3120758533477783,0.3910357356071472,0.07242611795663834,0.13330331444740295,0.7364792227745056,0.29512283205986023,0.9350743404146541,0.4245353192710647,0.21820719868062988,0.25749832158567815,0.1432938596059308
39673,1164,H1_15,0,0.07757437229156494,0.3014985918998718,0.10144737362861633,0.07120605558156967,0.055406976491212845,0.04549884796142578,0.7364792227745056,0.05390993878245354,0.9192669029386868,0.21399528703937762,0.1605555334147409,0.016230887968119573,0.06668716035263061
39674,1164,H1_15,0,0.02907729148864746,0.3186809718608856,0.029995029792189598,0.01957171969115734,0.08626208454370499,0.008292743004858494,0.7364792227745056,0.015751074999570847,0.6161484063778945,0.17492534784810432,0.13957541537664467,0.004103318284215464,0.06042730655468379
39676,1164,H1_15,0,0.2740519642829895,0.06790805608034134,0.3465021848678589,0.27163606882095337,0.4391196072101593,0.16972616314888,0.7364792227745056,0.3442411422729492,0.8807306309483361,0.5799418182822745,0.37008083723644647,0.44472459701831474,0.27571509316945614
39649,1164,H1_30,0,0.0012411841889843345,0.002416750881820917,0.0014135339297354221,0.0009602650534361601,0.0016699280822649598,0.0009676831541582942,0.3580212891101837,0.0008352024597115815,0.0010406573443752516,0.005751567209769202,0.021581627134438206,0.00021594670240452236,0.035513120340085906
39650,1164,H1_30,0,0.005102811846882105,0.09671477973461151,0.006819445174187422,0.008852636441588402,0.06433706730604172,0.011363165453076363,0.3580212891101837,0.015475389547646046,0.2310312568327127,0.07686956271211562,0.07844718869936351,0.008816529594401325,0.04536011173133411
39651,1164,H1_30,0,0.006050389260053635,0.15446335077285767,0.013445998542010784,0.006732041481882334,0.011419975198805332,0.008456287905573845,0.3580212891101837,0.016182970255613327,0.19155129604790952,0.07966754937970548,0.047139525964914296,0.0029057317704367608,0.043043249126818374
39653,1164,H1_30,0,0.0019401272293180227,0.0424041673541069,0.00272134761326015,0.0029829295817762613,0.0034580787178128958,0.004148066975176334,0.3580212891101837,0.0035735182464122772,0.016261845532917728,0.09506315215655459,0.06749045014049926,0.0017125329326571162,0.04871622083712653
39654,1164,H1_30,0,0.05893296003341675,0.07846757024526596,0.08098364621400833,0.07199656963348389,0.21717844903469086,0.24809522926807404,0.3580212891101837,0.05027300491929054,0.8102104646794186,0.15382809604180112,0.2069432742323562,0.0275202828774817,0.06440906313576605
39656,1164,H1_30,0,0.5816275477409363,0.3700054883956909,0.39336511492729187,0.6065356135368347,0.45970556139945984,0.1361878514289856,0.3580212891101837,0.5818582773208618,0.8858969134765664,0.3042180503296828,0.27906279470910417,0.41948338200692264,0.1398596762194848
39658,1164,H1_30,0,0.1880246102809906,0.2645289897918701,0.07467170059680939,0.21544663608074188,0.07124144583940506,0.17183613777160645,0.3580212891101837,0.03668944910168648,0.0700152165686965,0.19256466861598512,0.14842725307157317,0.016113296829497657,0.07417648692284749
39659,1164,H1_30,0,0.003826102940365672,0.013216638937592506,0.003302232129499316,0.005377098452299833,0.006504744291305542,0.005879605188965797,0.3580212891101837,0.004762519150972366,0.06664852460871387,0.05160351207024822,0.048429101083860226,0.002033956111533064,0.04144459783269139
39660,1164,H1_30,0,0.0273673627525568,0.025954915210604668,0.03098631091415882,0.029788924381136894,0.008930569514632225,0.048378266394138336,0.3580212891101837,0.013266975060105324,0.09020642439858091,0.05021328750116698,0.061496715403444986,0.0020157192636674347,0.042429272411314445
39662,1164,H1_30,1,0.038555920124053955,0.009655564092099667,0.05104359984397888,0.047988612204790115,0.03508514165878296,0.35382652282714844,0.3580212891101837,0.02871454320847988,0.21058434669575815,0.17630142834587456,0.1928326097499236,0.00812370402775859,0.07539021310546977
39663,1164,H1_30,0,0.12192769348621368,0.12154307961463928,0.12641319632530212,0.11616361886262894,0.1572454422712326,0.09003110229969025,0.3580212891101837,0.20560812950134277,0.8607064925629427,0.26396742200154644,0.26699158192738015,0.07454621710679052,0.1030275638652541
39664,1164,H1_30,0,0.0009295195923186839,0.001105592935346067,0.0012510748347267509,0.0007176275830715895,0.0012941566528752446,0.0014486234867945313,0.5300819873809814,0.0009458294371142983,0.0004203759780636684,0.005694477256402721,0.007765144572461959,0.0004959118043002447,0.03443084890595861
39665,1164,H1_30,0,0.09047812223434448,0.042480841279029846,0.14168410003185272,0.08352089673280716,0.0769449844956398,0.34417101740837097,0.5300819873809814,0.13013185560703278,0.3385582482226647,0.18232750536815465,0.24421758405520047,0.11085249619387506,0.08765897955534012
39666,1164,H1_30,0,0.021708518266677856,0.2921212613582611,0.033692073076963425,0.038549866527318954,0.0913851335644722,0.026031140238046646,0.5300819873809814,0.03770453855395317,0.3171042634869553,0.2614340390151916,0.1759502025282658,0.007758364500254446,0.0881573932353923
39667,1164,H1_30,0,0.03171451762318611,0.051953211426734924,0.052930790930986404,0.021135644987225533,0.07629302889108658,0.03188270702958107,0.5300819873809814,0.05748588964343071,0.2768314206268569,0.19232374945441158,0.14397564421688047,0.028160679469262324,0.07058398601138391
39668,1164,H1_30,0,0.39759987592697144,0.431497186422348,0.4770437479019165,0.35382524132728577,0.00642844382673502,0.10972684621810913,0.5300819873809814,0.40597543120384216,0.7973828927623913,0.17452584934155607,0.14070013256516234,0.3160602959721069,0.07193609719147465
39669,1164,H1_30,0,0.0059038810431957245,0.018317662179470062,0.00747958617284894,0.013676066882908344,0.03772662952542305,0.005916810594499111,0.5300819873809814,0.013402680866420269,0.28623133836445475,0.1712961784201011,0.11975578535670704,0.004527866800854963,0.06195007970112171
39670,1164,H1_30,0,0.1449308544397354,0.09194999933242798,0.08870542049407959,0.08561752736568451,0.10452266037464142,0.3053074777126312,0.5300819873809814,0.06438154727220535,0.3847443003313923,0.24036985252958487,0.2483151788751314,0.030735206674414813,0.09714263126655771
39671,1164,H1_30,1,0.02013755962252617,0.13967294991016388,0.03927915170788765,0.05105017125606537,0.42695435881614685,0.010999229736626148,0.5300819873809814,0.08809574693441391,0.8155168775919531,0.2222405141206724,0.1510264266258143,0.05530073767776076,0.06944433716773148
39673,1164,H1_30,0,0.0381208211183548,0.44141778349876404,0.032762568444013596,0.024530399590730667,0.30704161524772644,0.030615797266364098,0.5300819873809814,0.04344944283366203,0.31933493910055427,0.24177283651465029,0.24213690675686547,0.026266843230232383,0.09671418182253437
39674,1164,H1_30,0,0.03831548988819122,0.03529754653573036,0.03346073627471924,0.0440867654979229,0.019557805731892586,0.02537689357995987,0.5300819873809814,0.026130083948373795,0.5205877168631351,0.2196946013319653,0.12121044191842045,0.006661654712969067,0.06702498802777929
39676,1164,H1_30,0,0.11995891481637955,0.03895007446408272,0.08349420875310898,0.21935024857521057,0.04964899271726608,0.05632650852203369,0.5300819873809814,0.06722339242696762,0.7057585807785338,0.21164599165843834,0.17229107717024233,0.031074298792202568,0.07166288318482433
39649,1164,H1_45,0,0.0006567479576915503,0.0023113954812288284,0.0008404632098972797,0.0007659015245735645,0.03219343349337578,0.0006750526372343302,0.28887438774108887,0.0014795692404732108,0.0012454162205138986,0.030139853375264192,0.04039691157587344,0.0001944864927263514,0.03928843672861426
39650,1164,H1_45,0,0.008365072309970856,0.1768614500761032,0.00619518244639039,0.003938563633710146,0.03384876251220703,0.019032534211874008,0.28887438774108887,0.004715485963970423,0.073744195829388,0.05663835502221596,0.06878701350460094,0.0023851418667186004,0.0438185051550218
39651,1164,H1_45,0,0.01617458276450634,0.07941610366106033,0.025438301265239716,0.005014502909034491,0.013905013911426067,0.007649276405572891,0.28887438774108887,0.00811818242073059,0.06282063428943925,0.07701336370026164,0.06792071529460081,0.0016907103191308788,0.04617332628261262
39653,1164,H1_45,0,0.00033993474789895117,0.022916726768016815,0.00044288497883826494,0.0005175785045139492,0.006851764861494303,0.0004690254863817245,0.28887438774108887,0.0011903209378942847,0.0001386072412964586,0.0665333405016548,0.04213743706017038,0.0006040924996846354,0.04308393172064382
39654,1164,H1_45,0,0.010983612388372421,0.06562943756580353,0.01610841415822506,0.00816375482827425,0.03918084129691124,0.031347572803497314,0.28887438774108887,0.012185703963041306,0.20000240338093103,0.10239060207449169,0.0656219495008087,0.003270129403555614,0.0472544757665824
39656,1164,H1_45,0,0.09756549447774887,0.03266507014632225,0.09182117879390717,0.13171635568141937,0.24990972876548767,0.041481636464595795,0.28887438774108887,0.11956056207418442,0.4755299489315208,0.289438141689991,0.2062012684531008,0.11883078177845838,0.10151808813429992
39658,1164,H1_45,0,0.11206720769405365,0.09221258014440536,0.12244046479463577,0.12564297020435333,0.034436993300914764,0.2495768666267395,0.28887438774108887,0.041082464158535004,0.15927820191915432,0.10991125040957166,0.08473672156713291,0.023048543478948188,0.05161790020332263
39659,1164,H1_45,0,0.00421031704172492,0.061222564429044724,0.003439290216192603,0.004358459264039993,0.008974738419055939,0.004835929721593857,0.28887438774108887,0.004410406108945608,0.05498379349433151,0.03911513116704697,0.06001949864585379,0.0008247337660902204,0.041381905187928045
39660,1164,H1_45,0,0.03459737077355385,0.19207629561424255,0.03631240874528885,0.05926276370882988,0.14053934812545776,0.018302293494343758,0.28887438774108887,0.0795573964715004,0.22998011179031058,0.18569399668626357,0.11534442032727042,0.0066623966342145135,0.06657205217236029
39662,1164,H1_45,1,0.011403185315430164,0.012950286269187927,0.015210418961942196,0.024862851947546005,0.0438699834048748,0.0043974691070616245,0.28887438774108887,0.010625243186950684,0.24601312883115753,0.156214319547171,0.12040089278086306,0.006437219824822406,0.06024429697907402
39663,1164,H1_45,0,0.0011924193240702152,0.05044378712773323,0.0013312040828168392,0.002295385580509901,0.005862867459654808,0.009302692487835884,0.28887438774108887,0.004666395951062441,0.1723862679716175,0.09653521947627369,0.04140828899152474,0.0002138093261527277,0.04428271512993765
39664,1164,H1_45,0,0.0006956353900022805,0.001105592935346067,0.001182304578833282,0.0007586696883663535,0.0020303106866776943,0.0013911798596382141,0.4737924039363861,0.0007669009501114488,0.0005681046118620684,0.0014804083885209714,0.004868480682924499,0.0007549992625131978,0.033860510864175485
39665,1164,H1_45,0,0.01476140134036541,0.028558790683746338,0.021843906491994858,0.034197237342596054,0.09871149063110352,0.007828416302800179,0.4737924039363861,0.024863382801413536,0.06712768989303129,0.22480405987810226,0.14597186566933312,0.005903433542339801,0.0794627684623215
39666,1164,H1_45,0,0.036173637956380844,0.09888143092393875,0.053214553743600845,0.03496496379375458,0.07428251951932907,0.015529578551650047,0.4737924039363861,0.04138201102614403,0.5939973799627322,0.24885776685359537,0.1466998829402924,0.011423722051791187,0.07566296010234232
39667,1164,H1_45,0,0.013614839874207973,0.03592653200030327,0.011660684831440449,0.01539303082972765,0.004759311210364103,0.0019165175035595894,0.4737924039363861,0.018274186179041862,0.8652785245631054,0.1078047675074783,0.06971512333730563,0.03392805308659833,0.04116942163494359
39668,1164,H1_45,0,0.09228169918060303,0.09610921144485474,0.06509547680616379,0.06713085621595383,0.005447419825941324,0.015881123021245003,0.4737924039363861,0.042863424867391586,0.6603126709910861,0.08228297786662181,0.03829489302773066,0.031378938412794405,0.03823773070258902
39669,1164,H1_45,0,0.018853092566132545,0.16221371293067932,0.029194733127951622,0.02365654520690441,0.30834609270095825,0.004488435573875904,0.4737924039363861,0.06501880288124084,0.009285933456069413,0.16493741136253734,0.09288150999874645,0.025423403766461232,0.06332656770614309
39670,1164,H1_45,0,0.14230771362781525,0.03373018279671669,0.05984783545136452,0.09866366535425186,0.021288234740495682,0.11732809990644455,0.4737924039363861,0.022799910977482796,0.14813492386549537,0.19429048677647884,0.16044292643057595,0.020628477914596724,0.07453369268408601
39671,1164,H1_45,1,0.04511258751153946,0.10380421578884125,0.06366456300020218,0.044115930795669556,0.022448796778917313,0.09925864636898041,0.4737924039363861,0.07404191046953201,0.6823807774534048,0.19755261590948323,0.13930452064092952,0.06945268375009386,0.06507014650751049
39673,1164,H1_45,0,0.0054632811807096004,0.017524491995573044,0.002436630427837372,0.0036102195736020803,0.030057266354560852,0.008000397123396397,0.4737924039363861,0.0019742927979677916,0.1315409044194328,0.1264456433262563,0.07281491070491128,0.0006921529262596935,0.051623339407033224
39674,1164,H1_45,0,0.10636210441589355,0.11625160276889801,0.09162909537553787,0.04419489949941635,0.2402781993150711,0.06159404292702675,0.4737924039363861,0.06529230624437332,0.5950850650721503,0.17249030749156374,0.12459767102095881,0.036640774688039654,0.05991805344279468
39676,1164,H1_45,0,0.01837497390806675,0.011345992796123028,0.01858154684305191,0.016424933448433876,0.045021794736385345,0.025195825845003128,0.4737924039363861,0.012829616665840149,0.33738916230353716,0.16142886897854672,0.11453526482820651,0.0027568662701727615,0.05897222510669789
39649,1164,H2_15,0,0.00034033876727335155,0.0005065869190730155,0.00042011195910163224,0.00030120444716885686,0.0020303106866776943,0.0006769903120584786,0.26368072628974915,0.0005720895132981241,3.455592800535742e-05,0.00628587515214687,0.019214096550891374,0.00019950549141135485,0.035375023355879824
39650,1164,H2_15,0,0.0016379178268834949,0.03202557936310768,0.001313672517426312,0.000758281908929348,0.006475016474723816,0.01220595370978117,0.26368072628974915,0.0008483243291266263,0.014919346948142216,0.020461232911717323,0.028149577593799515,0.0003577238001264108,0.03718739185424095
39651,1164,H2_15,0,0.0055048237554728985,0.006058727856725454,0.0057208058424293995,0.0032841768115758896,0.0010366860078647733,0.004134056158363819,0.26368072628974915,0.0025031440891325474,0.0834645843650025,0.022086548839038735,0.027972571107005986,0.0005556019112469447,0.03662638720449348
39653,1164,H2_15,0,0.001242884318344295,0.006725791841745377,0.0011403831886127591,0.0012151679256930947,0.0017675564158707857,0.0015828514005988836,0.26368072628974915,0.0006438755081035197,0.0013305238584706489,0.05678892072267681,0.055130372390562586,0.00031112658495309524,0.04328303136847819
39654,1164,H2_15,0,0.009206429123878479,0.007199978921562433,0.017442435026168823,0.010593759827315807,0.013627500273287296,0.029922090470790863,0.26368072628974915,0.008537200279533863,0.015544198206721286,0.06606256836069625,0.07143858148701973,0.0031963909722468892,0.045924768470329884
39655,1164,H2_15,0,0.08933369070291519,0.02598530612885952,0.12097087502479553,0.10218539834022522,0.3162696063518524,0.145072802901268,0.47471460700035095,0.1231904849410057,0.3461738972766351,0.08918800920735392,0.1603285524028682,0.06616326134758078,0.05774020959563309
39656,1164,H2_15,0,0.012133719399571419,0.015563937835395336,0.0061441161669790745,0.012230752035975456,0.018295932561159134,0.053229380398988724,0.26368072628974915,0.015067319385707378,0.049547396353064516,0.10780512488985666,0.09572343340526575,0.006562726516044985,0.05335341144299046
39658,1164,H2_15,0,0.01677480712532997,0.009528234601020813,0.008927544578909874,0.014523309655487537,0.015245335176587105,0.041464194655418396,0.26368072628974915,0.005307609215378761,0.05452846943289397,0.04503019881284146,0.030192484455531802,0.003367439008079802,0.03931208950504399
39660,1164,H2_15,0,0.01573353447020054,0.03407970070838928,0.01370330061763525,0.019884871318936348,0.04413490742444992,0.03707174211740494,0.26368072628974915,0.01288627926260233,0.2171016184918821,0.05733117158074602,0.04079227074799946,0.002647762706321989,0.039810098660948194
39662,1164,H2_15,1,0.0973779708147049,0.0015022032894194126,0.10068149119615555,0.1204790323972702,0.11428359895944595,0.054637134075164795,0.26368072628974915,0.06391222029924393,0.055971208068377964,0.0843701054644082,0.15554638808311766,0.029534403066125196,0.05901431013425951
39663,1164,H2_15,0,0.002066229935735464,0.02439761906862259,0.0017873673932626843,0.004321071784943342,0.013375772163271904,0.020246531814336777,0.26368072628974915,0.003315550507977605,0.08657046034560992,0.06982695792089345,0.04974689735160033,0.000356014802601333,0.043178797602486024
39664,1164,H2_15,0,0.001511565176770091,0.0010833523701876402,0.0015099425800144672,0.0014824358513578773,0.01023019477725029,0.001561201410368085,0.4162046015262604,0.001811208319850266,0.00395184579600221,0.018323477813873598,0.016627532626449684,0.00098073212909198,0.03618763121267281
39665,1164,H2_15,0,0.034843560308218,0.005956628359854221,0.03281073644757271,0.051554590463638306,0.12190358340740204,0.00487950723618269,0.4162046015262604,0.01636229269206524,0.04219692850839167,0.10243367429938817,0.12616211240603822,0.0017426783681286932,0.056417533596225054
39666,1164,H2_15,0,0.017495617270469666,0.037427302449941635,0.01876138336956501,0.017178447917103767,0.01959388703107834,0.00488301832228899,0.4162046015262604,0.010430955328047276,0.4187252561190629,0.11339784974404964,0.08692982152254994,0.006045369799013396,0.048109014109348626
39667,1164,H2_15,0,0.003288095351308584,0.022287828847765923,0.0036043908912688494,0.004772139247506857,0.0030630934052169323,0.003404272021725774,0.4162046015262604,0.0021663845982402563,0.027455308095456998,0.040797522581095154,0.023346202839608927,0.0033392595321955197,0.038550890059424435
39669,1164,H2_15,0,0.008393020369112492,0.0609566904604435,0.00874507799744606,0.010536077432334423,0.016426173970103264,0.005024614743888378,0.4162046015262604,0.009635468013584614,0.010586484155957024,0.07851795930846905,0.053526301462326946,0.007310483301532176,0.045607659789205994
39670,1164,H2_15,0,0.032542940229177475,0.00678315619006753,0.017033776268363,0.053737539798021317,0.019311901181936264,0.015976788476109505,0.4162046015262604,0.05247983708977699,0.07575672963188851,0.059631108126844294,0.08412367768600981,0.0065842646427382795,0.04678304853289162
39671,1164,H2_15,1,0.02678968757390976,0.0194456297904253,0.03798500820994377,0.02189878188073635,0.15651004016399384,0.036438602954149246,0.4162046015262604,0.0582970529794693,0.43818699774959335,0.04406887922862883,0.07224500981260965,0.051601530123303554,0.04009603884526705
39673,1164,H2_15,0,0.0035767049994319677,0.00224480452015996,0.0020001735538244247,0.0026335229631513357,0.006949887610971928,0.004698396194726229,0.4162046015262604,0.0012709303991869092,0.1728059510707132,0.057508898390554786,0.04641480918844426,0.0007189796777282354,0.040572394399989324
39676,1164,H2_15,0,0.04245654493570328,0.008680764585733414,0.009437822736799717,0.02926834113895893,0.04154767468571663,0.03407438099384308,0.4162046015262604,0.00855181459337473,0.21267900325396263,0.04479143192426051,0.07988340206097912,0.0031081379187503297,0.04207947960438301
39677,1164,H2_15,0,0.041356880217790604,0.038145869970321655,0.02772166021168232,0.04841561242938042,0.0817607119679451,0.027147216722369194,0.15895117819309235,0.013070495799183846,0.07930795881250653,0.1882341362185449,0.17966290452094016,0.005163230941744558,0.07734567903171911
39679,1164,H2_15,1,0.015877636149525642,0.024034669622778893,0.010957954451441765,0.012743347324430943,0.05431266129016876,0.03546598553657532,0.15895117819309235,0.017718274146318436,0.2020947392216532,0.09995820606782474,0.1671822181652269,0.013206281311968908,0.05895163546888909
39649,1164,H2_30,0,0.0003476740967016667,0.0005065869190730155,0.0005311559070833027,0.0003730827011168003,0.0015960922464728355,0.0004796688153874129,0.21264931559562683,0.0006668977439403534,0.00019748907271162241,0.01250339506474999,0.021677734772362043,0.00020899019785799747,0.03610549004491025
39650,1164,H2_30,0,0.0008087542373687029,0.0010065918322652578,0.00212549208663404,0.0008227970101870596,0.018670842051506042,0.002452370012179017,0.21264931559562683,0.0016052336432039738,0.021577259280262783,0.03832051103503308,0.02438739983414386,0.0008472596389897109,0.03844533530106722
39651,1164,H2_30,0,0.0004758488794323057,0.02630440518260002,0.0010045531671494246,0.0003977464511990547,0.0034640568774193525,0.0022765377070754766,0.21264931559562683,0.000595556921325624,0.013477639314489,0.02292522459553697,0.017413222308132716,8.270432444562577e-05,0.03652662799592422
39653,1164,H2_30,0,0.0009163896320387721,0.02031622640788555,0.0010162314865738153,0.0007907900726422668,0.0017850116128101945,0.0022493598517030478,0.21264931559562683,0.0005135206738486886,2.1189418276348934e-05,0.04791761447443475,0.046397028108714086,0.00017921472247350135,0.04155788039242974
39655,1164,H2_30,0,0.0924469530582428,0.0731537863612175,0.08154210448265076,0.13116885721683502,0.031025316566228867,0.30435997247695923,0.26617562770843506,0.1517769992351532,0.7435626063008982,0.1741391860419749,0.20280938067679996,0.09161798278533044,0.07190088477523071
39656,1164,H2_30,0,0.00623440183699131,0.0021885596215724945,0.005601522512733936,0.008359710685908794,0.019536955282092094,0.01920035108923912,0.21264931559562683,0.006900046486407518,0.010357426856388702,0.05165561246882707,0.05496457141434505,0.0018172965674865997,0.04277005127388978
39657,1164,H2_30,0,0.004312066826969385,0.029333295300602913,0.00683637848123908,0.004364706110209227,0.018070800229907036,0.010540165938436985,0.10244887322187424,0.00836335588246584,0.08832309004479812,0.10333058864572557,0.11614288661239551,0.004051627163049884,0.05443405050859209
39658,1164,H2_30,0,0.026947923004627228,0.02153017930686474,0.025243839249014854,0.0207683015614748,0.051452722400426865,0.0356203056871891,0.21264931559562683,0.020299430936574936,0.1566234449123052,0.06956199064229109,0.07519849998586461,0.005182882593199136,0.04521138280953482
39660,1164,H2_30,0,0.008006696589291096,0.11518868803977966,0.012509328313171864,0.009877840988337994,0.05754726752638817,0.033590443432331085,0.21264931559562683,0.005185686983168125,0.1580264646988682,0.06512805475412743,0.0390071230883806,0.001673384691058691,0.04091632271063855
39661,1164,H2_30,0,0.006104065105319023,0.027677692472934723,0.0057037025690078735,0.008828170597553253,0.0063146851025521755,0.03445850685238838,0.10244887322187424,0.011609393171966076,0.5687877952441451,0.04830286166681152,0.11588394828264366,0.0035286991971498326,0.041868401288385815
39662,1164,H2_30,1,0.024699188768863678,0.0054421029053628445,0.0322403758764267,0.037664324045181274,0.044008769094944,0.0373738557100296,0.21264931559562683,0.014287373051047325,0.05233258237248473,0.05806079234107207,0.0891669051754383,0.0020749418075342294,0.0465061070199553
39664,1164,H2_30,0,0.0005267559317871928,0.0031235862988978624,0.0006271073943935335,0.000586751673836261,0.0012481717858463526,0.0012536346912384033,0.439181387424469,0.0006771845510229468,0.017635953014180247,0.036037822417851494,0.01135054288035301,0.00037279339321537487,0.03715460471729782
39665,1164,H2_30,0,0.0005779967177659273,0.0016978152561932802,0.0006015314138494432,0.0010897638276219368,0.004546426702290773,0.0002169573854189366,0.439181387424469,0.00038394969305954874,0.052643097112671816,0.030901037711136153,0.04067897509381007,4.865973248262464e-05,0.03879100317695752
39666,1164,H2_30,0,0.09940513968467712,0.041875407099723816,0.050832539796829224,0.08631064742803574,0.08285053819417953,0.024929402396082878,0.439181387424469,0.12744218111038208,0.5418472693023407,0.10583193916595693,0.09508548456838055,0.011576954549824452,0.04932129007178835
39667,1164,H2_30,0,0.006099417805671692,0.004716490861028433,0.004501372575759888,0.009204450063407421,0.015332723036408424,0.003680980997160077,0.439181387424469,0.003214561613276601,0.04721279436059829,0.055159316162809384,0.014201150497147569,0.001743259928971008,0.038910911535425856
39669,1164,H2_30,0,0.02608649991452694,0.022948816418647766,0.03771320357918739,0.0354323647916317,0.013196411542594433,0.0297634806483984,0.439181387424469,0.026892270892858505,0.003610368081935871,0.06350981992745788,0.049530102657499304,0.014889608824989412,0.04410391203028433
39670,1164,H2_30,0,0.027962978929281235,0.0014747775858268142,0.07548494637012482,0.020872829481959343,0.04943828657269478,0.03112916648387909,0.439181387424469,0.01680178754031658,0.09082926261970352,0.05810726845310986,0.07517865928928744,0.011392930044512296,0.04472905817539489
39671,1164,H2_30,1,0.023286115378141403,0.0122972521930933,0.031457409262657166,0.02423834055662155,0.05223963037133217,0.046355847269296646,0.439181387424469,0.029627425596117973,0.5271887402024709,0.05887674413134354,0.07989154655139748,0.015552913055361354,0.04053971636239725
39672,1164,H2_30,1,0.01577608846127987,0.017288263887166977,0.016929056495428085,0.01573759876191616,0.0038335961289703846,0.012314175255596638,0.023244177922606468,0.028225300833582878,0.8337588781346674,0.26894102806211706,0.18387808176768283,0.00866234829232167,0.08154044124722189
39676,1164,H2_30,0,0.02480405941605568,0.004599636420607567,0.021101120859384537,0.03702646866440773,0.02595125138759613,0.023279208689928055,0.439181387424469,0.010818821378052235,0.40612337016127753,0.040810741163126545,0.060034179262129644,0.004371525780830061,0.03786486600049659
39677,1164,H2_30,0,0.004761425778269768,0.0413825549185276,0.005859296768903732,0.006470806896686554,0.0537884421646595,0.015897206962108612,0.0885562002658844,0.00450263312086463,0.06555327966822704,0.11244673183468835,0.14467209813610876,0.001514392202116642,0.05948712209598724
39679,1164,H2_30,0,0.0014613854000344872,0.039403144270181656,0.002034885575994849,0.0023698119912296534,0.004907079506665468,0.0020605381578207016,0.0885562002658844,0.0017229527002200484,0.359933083310514,0.1133664502694755,0.12403613126274676,0.001435347058845851,0.052729166639862546
39695,1165,H1_15,0,0.014473995193839073,0.0023207124322652817,0.010288218967616558,0.011905863881111145,0.0019817359279841185,0.032622382044792175,0.4679825007915497,0.0018928222125396132,0.0031467734193013444,0.0,0.0,0.001020533141777632,0.034290493886879665
39696,1165,H1_15,0,0.06937704235315323,0.06354662030935287,0.06581714004278183,0.10210917145013809,0.0332430861890316,0.09430379420518875,0.4679825007915497,0.08647960424423218,0.8935609631812738,0.09686489636491484,0.13436649852781002,0.0521742738920149,0.04983520483714376
39697,1165,H1_15,0,0.03974724933505058,0.38951024413108826,0.062301065772771835,0.035910554230213165,0.05201542377471924,0.0976143479347229,0.4679825007915497,0.02950027957558632,0.18130257276169648,0.18934958271958008,0.16953152696239554,0.01784309442248669,0.077699059110897
39698,1165,H1_15,0,0.09365706145763397,0.0550619401037693,0.2056134045124054,0.12342359125614166,0.18036648631095886,0.2824494540691376,0.4679825007915497,0.23339197039604187,0.19478748095280426,0.19118754391505438,0.2222804387676153,0.07168395783176904,0.09301961267902858
39699,1165,H1_15,0,0.028423041105270386,0.09183497726917267,0.024621548131108284,0.017431072890758514,0.020656533539295197,0.033454205840826035,0.4679825007915497,0.02283681370317936,0.07728021840893469,0.09455177633879037,0.09078797591484988,0.0019152937813386828,0.0523540365439229
39700,1165,H1_15,0,0.013380026444792747,0.030715886503458023,0.016183804720640182,0.017591726034879684,0.07500457018613815,0.008755654096603394,0.4679825007915497,0.0194363035261631,0.8745813518428497,0.16871129668933785,0.15395130463005252,0.006523432102021085,0.058484305383968156
39702,1165,H1_15,0,0.3659803569316864,0.4277232587337494,0.4237445294857025,0.4100438952445984,0.2790135145187378,0.46796920895576477,0.4679825007915497,0.4097437262535095,0.8541716731554113,0.5170222994805302,0.3295892825217868,0.40302349578437374,0.2784305335000499
39703,1165,H1_15,1,0.6214194297790527,0.4726872146129608,0.49630531668663025,0.47211992740631104,0.3493885099887848,0.28372102975845337,0.4679825007915497,0.3954579830169678,0.5817806587834082,0.297210482025673,0.32179463969743144,0.3603741263434432,0.1865784936558367
39706,1165,H1_15,0,0.8768483996391296,0.19625982642173767,0.838469386100769,0.8281887769699097,0.8527945876121521,0.661802351474762,0.4679825007915497,0.8507457375526428,0.6632528962928952,0.33876016838514406,0.37742619055783005,0.8155049632834231,0.34499763469183065
39707,1165,H1_15,0,0.016185255721211433,0.014522013254463673,0.01245791558176279,0.0191707294434309,0.05128127709031105,0.015330081805586815,0.4679825007915497,0.017658445984125137,0.2923247388944717,0.13722433138007492,0.08867342718244163,0.008501104278023114,0.05424953775596497
39709,1165,H1_15,0,0.017290499061346054,0.009219477884471416,0.018891893327236176,0.02763901650905609,0.07796723395586014,0.011860382743179798,0.4679825007915497,0.028448939323425293,0.24615216774122595,0.29097013984559583,0.19996506932944377,0.00989049910708804,0.10120050271550345
39711,1165,H1_15,0,0.0014475893694907427,0.0010146376444026828,0.0014607175253331661,0.0007333296234719455,0.023644594475626945,0.0017062064725905657,0.023622503504157066,0.001284047611989081,0.008624357672182555,0.04410723670240415,0.03664998646482507,0.0001868568413823917,0.041529244325360426
39712,1165,H1_15,0,0.00407700939103961,0.06726100295782089,0.0036625266075134277,0.003284171922132373,0.003905220190063119,0.04832673817873001,0.023622503504157066,0.0036834159400314093,0.04151091289912941,0.05389959438851849,0.043653759601603656,0.000735149054239496,0.04282216048241425
39713,1165,H1_15,0,0.011584398336708546,0.7177242040634155,0.014202564023435116,0.01013115793466568,0.032896168529987335,0.006555086001753807,0.023622503504157066,0.017640702426433563,0.007946387619266228,0.03383193926110416,0.05134014467523246,0.00949900429421523,0.042589831194800344
39715,1165,H1_15,0,0.0011776260798797011,0.017636628821492195,0.0016214309725910425,0.0009412326035089791,0.0850311815738678,0.0017833564197644591,0.023622503504157066,0.0014050303725525737,0.020537379116369013,0.04566193786295301,0.0716770589540448,0.000292326918383784,0.045450178468728536
39716,1165,H1_15,0,0.0033436345402151346,0.1463036835193634,0.0036605820059776306,0.001986786024644971,0.019416531547904015,0.005362113006412983,0.023622503504157066,0.022290823981165886,0.0767784371399692,0.06732043946078305,0.098271897148649,0.023287486015295997,0.05156067760067531
39717,1165,H1_15,0,0.21014226973056793,0.29730916023254395,0.2187773585319519,0.2537273168563843,0.12477319687604904,0.17793017625808716,0.023622503504157066,0.2504361569881439,0.29719299888408884,0.2559482152164348,0.2527053597384195,0.08922321851549121,0.1138406427254506
39718,1165,H1_15,0,0.018298685550689697,0.05129292234778404,0.0285123810172081,0.01992734894156456,0.004756023176014423,0.11331713199615479,0.023622503504157066,0.010697975754737854,0.0015494378385274776,0.048233728952976354,0.0750197410970121,0.00405013267506069,0.04654839272466971
39719,1165,H1_15,0,0.016470538452267647,0.6213129162788391,0.019815895706415176,0.016064569354057312,0.0482620894908905,0.027830377221107483,0.023622503504157066,0.011630230583250523,0.10021339850841879,0.14008621495305695,0.13022369480231347,0.009370588857902483,0.06416213146586891
39720,1165,H1_15,0,0.03377661854028702,0.35995206236839294,0.04037446156144142,0.05570603534579277,0.31302037835121155,0.07442989945411682,0.023622503504157066,0.07228031009435654,0.9196547896340286,0.14425504576641524,0.12973649404527277,0.007126756049199674,0.051257331806485
39723,1165,H1_15,0,0.006746992468833923,0.4202905297279358,0.008138561621308327,0.004545423202216625,0.016967564821243286,0.012100420892238617,0.023622503504157066,0.009812110103666782,0.11759761519003634,0.14455352474091893,0.1142280152822304,0.0016959092665091537,0.06136064795028053
39724,1165,H1_15,0,0.010721269994974136,0.18467621505260468,0.019443683326244354,0.011541475541889668,0.11631480604410172,0.037318285554647446,0.023622503504157066,0.0051851775497198105,0.1703040930083317,0.05029581127651431,0.07308195268596143,0.0016858445051321153,0.0441604427291831
39695,1165,H1_30,0,0.001265762490220368,0.0010011361446231604,0.0014512124471366405,0.0009294349583797157,0.008267960511147976,0.00030498814885504544,0.46599438786506653,0.000890799448825419,0.010697405447765826,0.03649345268876374,0.029134304846316513,0.00027156547681611495,0.040021750233939446
39696,1165,H1_30,0,0.02224033884704113,0.13204777240753174,0.020193446427583694,0.02218376100063324,0.05668377876281738,0.0397520549595356,0.46599438786506653,0.05911882966756821,0.7029171459935114,0.06356778242484455,0.07258013512331107,0.007602176907558774,0.039210408927246004
39697,1165,H1_30,0,0.004290880169719458,0.01682828925549984,0.003617136739194393,0.002470390871167183,0.14573708176612854,0.00322723132558167,0.46599438786506653,0.0025739511474967003,0.6147454667826195,0.11640205259579597,0.1007391274513255,0.000348008279485906,0.04840290804267772
39698,1165,H1_30,0,0.003394962986931205,0.023664431646466255,0.004180449061095715,0.0027792409528046846,0.03699715435504913,0.0039219981990754604,0.46599438786506653,0.0037527100648730993,0.18194196089829232,0.05780097540403975,0.03353636485488037,0.0008692637998253198,0.04038004727388498
39699,1165,H1_30,0,0.2659289240837097,0.14491674304008484,0.2254486232995987,0.17640943825244904,0.0481649748980999,0.29061806201934814,0.46599438786506653,0.15955771505832672,0.16683745041424775,0.09116579381277456,0.14560900337584937,0.033099047189987844,0.059860489985380426
39700,1165,H1_30,0,0.02110602706670761,0.00508844293653965,0.03618587180972099,0.019920915365219116,0.07157793641090393,0.012069842778146267,0.46599438786506653,0.021795177832245827,0.2440149551634434,0.13925971250787988,0.139088024159983,0.005649726753910557,0.0625381999622034
39702,1165,H1_30,0,0.5979467034339905,0.7671541571617126,0.6419914960861206,0.6379987001419067,0.6595880389213562,0.2852502167224884,0.46599438786506653,0.7493098974227905,0.9762012527341156,0.5213713515743545,0.407464722845986,0.8223596936248373,0.4351709378834703
39703,1165,H1_30,1,0.21336767077445984,0.395378053188324,0.2693965435028076,0.22871994972229004,0.36788031458854675,0.1807595193386078,0.46599438786506653,0.3875358998775482,0.85803954028979,0.5380478838354137,0.4180187583613152,0.4600950710425389,0.3545953391357524
39706,1165,H1_30,0,0.5701422691345215,0.02168993651866913,0.5030167698860168,0.4058561325073242,0.35858258605003357,0.2700430154800415,0.46599438786506653,0.25918665528297424,0.3480664787950292,0.3378027007367122,0.313847434059272,0.2541288434653747,0.1855283745185011
39707,1165,H1_30,0,0.011198414489626884,0.029595021158456802,0.01648402400314808,0.01259707286953926,0.018405552953481674,0.012250405736267567,0.46599438786506653,0.01656736619770527,0.760724625528941,0.08840187158416178,0.04114844807394747,0.001493181255198514,0.0374739904445301
39709,1165,H1_30,0,0.12279954552650452,0.08656937628984451,0.11427173763513565,0.14492104947566986,0.03467835113406181,0.10571479052305222,0.46599438786506653,0.09024565666913986,0.4565256390767635,0.2601980790092548,0.22241884243489526,0.04060815074203666,0.09778700888590182
39711,1165,H1_30,0,0.00052266800776124,0.0004612185584846884,0.0006455102120526135,0.0005434279446490109,0.0014432899188250303,0.0009421644499525428,0.021663855761289597,0.00043164423550479114,0.002486271571097452,0.0,0.0011183387540655491,0.0001602169655089412,0.03436448798406102
39712,1165,H1_30,0,0.008970783092081547,0.09433949738740921,0.007275054696947336,0.006149543449282646,0.00679063331335783,0.014330563135445118,0.021663855761289597,0.003864697879180312,0.039499206391136084,0.04175445915528164,0.059569969927118334,0.0009718168330202741,0.043455705906770135
39713,1165,H1_30,0,0.008509556762874126,0.15062180161476135,0.005898487288504839,0.004495195113122463,0.03862624615430832,0.02423071675002575,0.021663855761289597,0.005679217167198658,0.013083396433722342,0.04877122155985233,0.06144946412290805,0.0008652531508945398,0.04469639504693725
39715,1165,H1_30,0,0.0030503293965011835,0.019376536831259727,0.003524843603372574,0.005853666458278894,0.03561490774154663,0.005005748011171818,0.021663855761289597,0.005036139395087957,0.018346793836268385,0.05489258727763902,0.09072381230136474,0.0015551075475659193,0.04881209710858575
39716,1165,H1_30,0,0.007396950852125883,0.03546549752354622,0.006571187172085047,0.006147241685539484,0.009275204502046108,0.02241242304444313,0.021663855761289597,0.010093959048390388,0.04691484341250328,0.058181891454930794,0.1183542303880943,0.001891009788520732,0.05233094560536433
39717,1165,H1_30,0,0.05498777702450752,0.32576486468315125,0.04459724202752113,0.03250884264707565,0.18464215099811554,0.16008110344409943,0.021663855761289597,0.03458292782306671,0.2662515956224809,0.25101141663437465,0.17175154271617743,0.010180665132640663,0.08630456589329977
39718,1165,H1_30,0,0.002902592997997999,0.005807464011013508,0.004131091292947531,0.0013872061390429735,0.026938188821077347,0.005603584460914135,0.021663855761289597,0.0022752750664949417,0.009276058642934987,0.04328389390216608,0.043254737616942165,0.0005151395777422546,0.042170289318397426
39719,1165,H1_30,0,0.07582903653383255,0.1287069469690323,0.044244859367609024,0.07427185028791428,0.3927818536758423,0.09003981202840805,0.021663855761289597,0.04905299097299576,0.3591017326983401,0.2619073432388945,0.24319155640409437,0.08859614671233482,0.1125576665781544
39720,1165,H1_30,0,0.005488899536430836,0.017218537628650665,0.00867184903472662,0.0047515565529465675,0.03974423184990883,0.01891993172466755,0.021663855761289597,0.013274655677378178,0.9477214088811086,0.08803797967495071,0.08892752594868715,0.0006017402880048796,0.04029128135351529
39723,1165,H1_30,0,0.0149602135643363,0.055235784500837326,0.008793564513325691,0.013063645921647549,0.14343717694282532,0.05472569167613983,0.021663855761289597,0.004467378836125135,0.16761074107026447,0.07454422799400429,0.09689078404894778,0.001467900380288485,0.04958029558766818
39724,1165,H1_30,0,0.00894729420542717,0.017582351341843605,0.008097550831735134,0.01988214999437332,0.09609320759773254,0.01650768145918846,0.021663855761289597,0.012088152579963207,0.13499971279780784,0.0688931968279028,0.05953081450865444,0.0012606814786826463,0.04487359974484082
39695,1165,H1_45,0,0.0005558279226534069,0.0009959342423826456,0.0007574996561743319,0.00032953228219412267,0.001563164871186018,0.0003051004314329475,0.46673715114593506,0.000923346437048167,0.0004355793781057615,0.02080571562865594,0.012706276249265847,0.00019440406583073365,0.037138223032611335
39696,1165,H1_45,0,0.010950694791972637,0.05575976148247719,0.02190636284649372,0.017663225531578064,0.062187910079956055,0.03040837123990059,0.46673715114593506,0.02389146387577057,0.25847769536049975,0.04619824941798205,0.054776452441818266,0.018566662486701295,0.04148804436875133
39697,1165,H1_45,0,0.002304930007085204,0.005826303735375404,0.002652643248438835,0.0029688298236578703,0.0043312981724739075,0.004272737540304661,0.46673715114593506,0.0014614828396588564,0.20139017517875893,0.05729782520555556,0.05570473647194795,0.000295344755182056,0.04244454088005135
39698,1165,H1_45,0,0.0030016633681952953,0.004854555241763592,0.005309399217367172,0.005467827431857586,0.002589015755802393,0.0038799787871539593,0.46673715114593506,0.007553483359515667,0.0217947894029112,0.028799730377353037,0.01627480063532295,0.003195485066764913,0.0380406896237361
39699,1165,H1_45,0,0.02545023150742054,0.010848741047084332,0.029744770377874374,0.01877100206911564,0.06885547935962677,0.043006397783756256,0.46673715114593506,0.009932530112564564,0.07274948174732743,0.057027897504759735,0.06288835607135213,0.0031744802613200567,0.04500626493059546
39700,1165,H1_45,0,0.005011346656829119,0.023483600467443466,0.006593349855393171,0.004437163472175598,0.008844503201544285,0.007718807086348534,0.46673715114593506,0.0066133467480540276,0.6244200341611035,0.11590305819765563,0.0922537791979618,0.005655149573202899,0.04748950155278555
39702,1165,H1_45,0,0.15409429371356964,0.11185052990913391,0.13687710464000702,0.13143698871135712,0.01953752152621746,0.16206789016723633,0.46673715114593506,0.3160640001296997,0.9846374694697044,0.37102078269006955,0.2420337366080421,0.2719118456517129,0.1497118139826247
39703,1165,H1_45,1,0.285693883895874,0.4918709397315979,0.32280972599983215,0.22243468463420868,0.5325045585632324,0.1832900047302246,0.46673715114593506,0.39252105355262756,0.0001037573078257441,0.4354884498686249,0.424990878863056,0.18379387588446888,0.2761476960681582
39706,1165,H1_45,0,0.03199873864650726,0.021173326298594475,0.04742010682821274,0.03650445118546486,0.006452649366110563,0.031465597450733185,0.46673715114593506,0.0434047169983387,0.0071830301830644976,0.22000676302649913,0.18679460921752447,0.011448034205825403,0.0901534900150881
39707,1165,H1_45,0,0.005011375527828932,0.029528925195336342,0.006065732333809137,0.002846561837941408,0.008279263973236084,0.008727528154850006,0.46673715114593506,0.0017804555827751756,0.30906264138829,0.09026450855425913,0.0488095161310991,0.000496836059777683,0.04352605024304568
39709,1165,H1_45,0,0.011267788708209991,0.04786604270339012,0.017415855079889297,0.01406051404774189,0.18030758202075958,0.019036002457141876,0.46673715114593506,0.02295590564608574,0.05107330872052009,0.18920136947599364,0.17698891415525825,0.004247072642621903,0.08080182308404286
39711,1165,H1_45,0,0.0006129096727818251,0.0004612185584846884,0.0007121473317965865,0.0005392040475271642,0.0017228287179023027,0.0007620509713888168,0.025328196585178375,0.0004769566876348108,0.0019739821077887445,0.0,0.0,0.00013673949796490621,0.034269041621351255
39712,1165,H1_45,0,0.004044370725750923,0.009775915183126926,0.008298651315271854,0.004996138624846935,0.03156216815114021,0.009933453984558582,0.025328196585178375,0.003926102537661791,0.435859625863464,0.04129860007320916,0.040062253627858056,0.0005808061050900021,0.036762588912337836
39713,1165,H1_45,0,0.002821022644639015,0.057178109884262085,0.0030297301709651947,0.004805725999176502,0.013787866570055485,0.07370668649673462,0.025328196585178375,0.006691643036901951,0.023756784467847004,0.04805557369409956,0.043577356023303496,0.003943377708897214,0.042638372782612864
39715,1165,H1_45,0,0.007376976776868105,0.4359881281852722,0.0079646660014987,0.007557752542197704,0.03698330372571945,0.09086602181196213,0.025328196585178375,0.009243958629667759,0.10306672310734467,0.07181411778800506,0.08080357664376568,0.007793870137126693,0.048544348481922295
39716,1165,H1_45,0,0.00422868924215436,0.017283111810684204,0.004109583795070648,0.005134121049195528,0.033940862864255905,0.008455723524093628,0.025328196585178375,0.0049361977726221085,0.0756313628091711,0.03441010368985913,0.050166374633139096,0.001573251466992586,0.04130379450647392
39717,1165,H1_45,0,0.017580490559339523,0.3125607669353485,0.032899159938097,0.018261970952153206,0.034136056900024414,0.07611610740423203,0.025328196585178375,0.030615272000432014,0.18682473747807404,0.2012982837214448,0.1411997513454168,0.00530355232397727,0.07307941368431252
39718,1165,H1_45,0,0.0007012642454355955,0.0046012504026293755,0.0009372990461997688,0.0009051355882547796,0.0016442593187093735,0.0018355401698499918,0.025328196585178375,0.0006081138853915036,0.041847863684702113,0.021803001195219853,0.028446543030266683,0.00010678232781371146,0.0382863668173674
39719,1165,H1_45,0,0.033283740282058716,0.05611719191074371,0.03497498109936714,0.02457810379564762,0.4389919340610504,0.16169099509716034,0.025328196585178375,0.017822351306676865,0.0003996988603213029,0.30601074294802016,0.24002933505873678,0.014689826020848671,0.12354686251579233
39720,1165,H1_45,0,0.013138404116034508,0.6320692300796509,0.01663624681532383,0.011834709905087948,0.09390005469322205,0.04060439392924309,0.025328196585178375,0.017260828986763954,0.9796621022852958,0.13974612645758652,0.14346783690245568,0.008780584366666472,0.0521532821489466
39723,1165,H1_45,0,0.004149907268583775,0.02045983262360096,0.0044080596417188644,0.004248488694429398,0.007720360066741705,0.01754414290189743,0.025328196585178375,0.002028740243986249,0.09896070475368637,0.11919230235749263,0.08338150328904222,0.0004989105397051783,0.053898341098664544
39724,1165,H1_45,0,0.0007686657481826842,0.002937865210697055,0.0010494021698832512,0.001323000993579626,0.04870173707604408,0.0015431959182024002,0.025328196585178375,0.000499437446705997,0.12244765506883151,0.05560559662879216,0.05011327234142581,0.00027143012556603925,0.04265623800262297
39695,1165,H2_15,0,0.0007773505058139563,0.0006601036293432117,0.0008047528099268675,0.0006860756548121572,0.001978636486455798,0.0002642955514602363,0.44110608100891113,0.0014302622294053435,0.002076983085309924,0.0029319272230571374,0.0050276683991314144,0.0002694840195368601,0.034952473648967634
39696,1165,H2_15,0,0.005382359027862549,0.03386354446411133,0.007860498502850533,0.003434385871514678,0.004685990512371063,0.005475861020386219,0.44110608100891113,0.007228043861687183,0.25109895380988845,0.033370089063076286,0.042612029232235775,0.001623876034079916,0.038373838897354844
39697,1165,H2_15,0,0.0009012281661853194,0.0009390527848154306,0.0006605689995922148,0.0006134333088994026,0.0021305831614881754,0.0012067161733284593,0.44110608100891113,0.00029310668469406664,0.0456359133559,0.10247026761633367,0.0629578354756517,4.832577975970919e-05,0.05005554569134995
39698,1165,H2_15,0,0.0029975976794958115,0.02503286302089691,0.005335590336471796,0.002384484512731433,0.004538851790130138,0.014270954765379429,0.44110608100891113,0.0045094843953847885,0.01333774254873354,0.022674587473354296,0.03716752428578883,0.0021084637007075684,0.039659663810112204
39699,1165,H2_15,0,0.02093241736292839,0.2833206355571747,0.023121057078242302,0.011107123456895351,0.009182914160192013,0.018072372302412987,0.44110608100891113,0.010141166858375072,0.00018959997597428412,0.08147266391406946,0.04592025596251156,0.005741024684866376,0.046640795224824144
39700,1165,H2_15,0,0.016383249312639236,0.0032021605875343084,0.015455207787454128,0.011243792250752449,0.009252741001546383,0.003832773305475712,0.44110608100891113,0.00827390979975462,0.6575121838993595,0.06259873374665344,0.06595613584568213,0.0029603216596721933,0.03888421531554614
39702,1165,H2_15,0,0.14993810653686523,0.2091277539730072,0.08205905556678772,0.11399726569652557,0.12640462815761566,0.0855691060423851,0.44110608100891113,0.14256100356578827,0.49388576934653744,0.25749269854128315,0.26397690198623647,0.2384594353087812,0.1357703108230301
39703,1165,H2_15,1,0.1875293254852295,0.10077705979347229,0.1790425330400467,0.18421712517738342,0.05182771384716034,0.06265455484390259,0.44110608100891113,0.2266952097415924,0.04784827790085249,0.2662084148442794,0.24318567609836625,0.1498065118079732,0.13064491557825633
39706,1165,H2_15,0,0.20372876524925232,0.017193909734487534,0.15128685534000397,0.08624250441789627,0.16956453025341034,0.06410964578390121,0.44110608100891113,0.07405956834554672,0.006600742754204435,0.2699943369485769,0.2225837913031089,0.030784363158308573,0.11147641026926887
39707,1165,H2_15,0,0.04788396134972572,0.01374137680977583,0.04283500835299492,0.0355430468916893,0.018516145646572113,0.018617674708366394,0.44110608100891113,0.01991359144449234,0.08726876500449435,0.056596567705467726,0.03696378649808993,0.008168091075520816,0.04210732965902738
39709,1165,H2_15,0,0.3156263828277588,0.101250059902668,0.4203905761241913,0.24998050928115845,0.5335628390312195,0.17562539875507355,0.44110608100891113,0.1841496229171753,0.893403322400568,0.3210222707797087,0.22251420409206,0.09851834290286259,0.10632474964781673
39711,1165,H2_15,0,0.0004968728753738105,0.0004752136010210961,0.00043423022725619376,0.0003831239591818303,0.0008611944504082203,0.0005697172600775957,0.003503345185890794,0.0004215124063193798,0.00083457600321724,0.0,0.0,0.00013152377428405447,0.03428079277738708
39712,1165,H2_15,0,0.01455730851739645,0.0932958647608757,0.03507489338517189,0.030053751543164253,0.14801451563835144,0.05652320012450218,0.003503345185890794,0.02448304183781147,0.3344460561526977,0.03836033531217687,0.046299596996545095,0.003398615153131147,0.03828031872315458
39713,1165,H2_15,0,0.0043674735352396965,0.03334924951195717,0.004979495424777269,0.006037581246346235,0.05747206509113312,0.01208066288381815,0.003503345185890794,0.005944175645709038,0.005833028512222485,0.036019218552050286,0.0391585417694678,0.001217688335573784,0.04112067121584334
39715,1165,H2_15,0,0.01446265447884798,0.07768257707357407,0.010727153159677982,0.02154810167849064,0.037765614688396454,0.041598934680223465,0.003503345185890794,0.015582183375954628,0.0462694730324854,0.049848265809798,0.07267523433326857,0.009929136117653527,0.046133896942869144
39716,1165,H2_15,0,0.022967331111431122,0.05786783993244171,0.032456863671541214,0.015452915802598,0.1544530838727951,0.05729762092232704,0.003503345185890794,0.020860901102423668,0.013819423419811669,0.04115044478389394,0.06273052888304104,0.003329777174532142,0.04416405279925676
39717,1165,H2_15,0,0.02857927791774273,0.657962441444397,0.04686439037322998,0.018459949642419815,0.13853327929973602,0.09476606547832489,0.003503345185890794,0.04063096642494202,0.4602530400164548,0.12740323123512995,0.1553895677895744,0.026984934635902177,0.061302397274833616
39718,1165,H2_15,0,0.003926426637917757,0.07330995053052902,0.005697278305888176,0.005523808300495148,0.0047226231545209885,0.016953205689787865,0.003503345185890794,0.006919040810316801,0.3084881385900671,0.03537631511025873,0.05740112480216799,0.002640363557030231,0.03944361729405391
39719,1165,H2_15,0,0.0186467245221138,0.11514917016029358,0.01976756379008293,0.022664472460746765,0.07031579315662384,0.11314228177070618,0.003503345185890794,0.009315761737525463,2.420211978837658e-05,0.1465634127199927,0.18652462070780293,0.012558303525431453,0.07739984630813558
39720,1165,H2_15,0,0.007391138002276421,0.07665090262889862,0.013996570371091366,0.007108453195542097,0.024597901850938797,0.01159614883363247,0.003503345185890794,0.014752824790775776,0.8911410058997694,0.09314146470368896,0.09952746202192723,0.003837012744184853,0.04269052313031965
39723,1165,H2_15,0,0.011735008098185062,0.04698318988084793,0.012437781319022179,0.010606941767036915,0.0269375778734684,0.01737716980278492,0.003503345185890794,0.007788388058543205,0.006846985436976373,0.10279001409271915,0.06764482484000729,0.002912793299786786,0.05143091672377939
39724,1165,H2_15,0,0.0015640343772247434,0.005519176367670298,0.0025330069474875927,0.0017377331387251616,0.13733752071857452,0.001155370264314115,0.003503345185890794,0.002233646111562848,0.1275566184786694,0.03214546570768511,0.02608118560159755,0.00047453857103797845,0.037978640904696305
39695,1165,H2_30,0,0.0009179574553854764,0.0006601036293432117,0.0008511972846463323,0.0008870941819623113,0.0028524731751531363,0.0003381682909093797,0.09919291734695435,0.0012615901650860906,0.004016320581771848,0.004404215113784744,0.006401411926393065,0.00026742129790301633,0.03517373703665146
39697,1165,H2_30,0,0.009720114059746265,0.03920181468129158,0.008661442436277866,0.005013597197830677,0.005796263460069895,0.0028115231543779373,0.09919291734695435,0.005579695571213961,0.5655984571376456,0.0792301042051961,0.07002901028738037,0.0007652129903292669,0.04172719709812098
39698,1165,H2_30,0,0.01981520466506481,0.0056723845191299915,0.013714616186916828,0.006880951579660177,0.004604680463671684,0.02396954782307148,0.09919291734695435,0.015631670132279396,0.04189570089360866,0.0833991354393373,0.07722210923276798,0.02060965325555542,0.05101605428686865
39699,1165,H2_30,0,0.0038759745657444,0.060028236359357834,0.006417765282094479,0.004802358336746693,0.0010913745500147343,0.017223604023456573,0.09919291734695435,0.004879472311586142,0.00019481291258127172,0.03264951283038552,0.04030999873141999,0.001055145976763442,0.04099672156310958
39700,1165,H2_30,0,0.008062433451414108,0.0026398280169814825,0.005787350703030825,0.004774104803800583,0.012264307588338852,0.005244813859462738,0.09919291734695435,0.0019090344430878758,0.9051453327157566,0.05166988212257412,0.05150026436555481,0.0017965756301804895,0.0341544820745379
39701,1165,H2_30,0,0.14666925370693207,0.034245844930410385,0.21416214108467102,0.16833779215812683,0.031115945428609848,0.3222714066505432,0.7390438318252563,0.05166466534137726,0.2787382903214177,0.1187830374053605,0.19014895226587875,0.01923107605853648,0.06831613001658246
39703,1165,H2_30,1,0.02779858000576496,0.03708376735448837,0.04232195392251015,0.031588368117809296,0.07898679375648499,0.0438157394528389,0.09919291734695435,0.07005259394645691,0.030218311702637633,0.23956098917955637,0.26827332006445787,0.02608717469058018,0.11535341270553513
39704,1165,H2_30,0,0.017921866849064827,0.03157993033528328,0.019069509580731392,0.01651184633374214,0.01836365833878517,0.015972673892974854,0.5908710360527039,0.018950752913951874,0.849064742272158,0.11752000682614891,0.13966270001614056,0.005222659113269552,0.050605519464625215
39705,1165,H2_30,0,0.032537054270505905,0.014603477902710438,0.023077547550201416,0.030943429097533226,0.01657956652343273,0.17300616204738617,0.5908710360527039,0.0731346383690834,0.12166512037202093,0.03362645860036125,0.07586155030167979,0.019953117037272036,0.044234287921514216
39707,1165,H2_30,0,0.1369006633758545,0.3142060339450836,0.13254475593566895,0.08333732187747955,0.14581085741519928,0.04378563538193703,0.09919291734695435,0.22132954001426697,0.5719025539854574,0.07674900217388389,0.05917516719444515,0.05008375790883179,0.042148053758647684
39708,1165,H2_30,0,0.2161991447210312,0.0819970890879631,0.23423998057842255,0.1595645397901535,0.12773367762565613,0.17589186131954193,0.7390438318252563,0.16451767086982727,0.973928803089565,0.2573205705026613,0.22849629957315573,0.07606342334829684,0.08993705562039689
39711,1165,H2_30,0,0.0005959693808108568,0.0004752136010210961,0.0005181143060326576,0.000442485383246094,0.0026535061188042164,0.0006705338601022959,0.0018301804084330797,0.0004901046631857753,0.0014393108720503036,0.0,0.003478200098631094,0.0001242544063318268,0.034585121019267605
39712,1165,H2_30,0,0.007017684169113636,0.003926387522369623,0.006498199421912432,0.00787938293069601,0.09671654552221298,0.009764270856976509,0.0018301804084330797,0.00384154194034636,0.1422576515915027,0.0315961615806678,0.03143667713839279,0.0006031269366495336,0.03829613346224433
39713,1165,H2_30,0,0.0017550144111737609,0.013605290092527866,0.0017442111857235432,0.0015345052815973759,0.011122585274279118,0.005503484979271889,0.0018301804084330797,0.0023626449983567,0.011224470035554225,0.014996790929563773,0.02669920195065655,0.0010975417219008347,0.03792264975169607
39715,1165,H2_30,0,0.004256948828697205,0.230664923787117,0.005404610186815262,0.007163273170590401,0.11032672971487045,0.009062168188393116,0.0018301804084330797,0.008975425735116005,0.08842890460726699,0.07978245033471078,0.05692802374296613,0.0023627005796595492,0.046374341783888474
39716,1165,H2_30,0,0.003306205151602626,0.048032112419605255,0.0035027044359594584,0.0030444259755313396,0.0014932211488485336,0.0055464706383645535,0.0018301804084330797,0.0018510310910642147,0.012388000755770338,0.04446913430650567,0.05270525293615546,0.0002713203606396105,0.04327253922447823
39718,1165,H2_30,0,0.0010477867908775806,0.003963657654821873,0.0008828978170640767,0.0008610204677097499,0.006277045700699091,0.006998775992542505,0.0018301804084330797,0.0013137726346030831,0.010021904561388077,0.03271269699718679,0.046184930833510045,0.00024643442842519486,0.04147538061504436
39719,1165,H2_30,0,0.02740461565554142,0.021408505737781525,0.019821377471089363,0.03032933920621872,0.15312886238098145,0.14172333478927612,0.0018301804084330797,0.012584997341036797,1.305408286426088e-05,0.1293227671352055,0.1495871707098998,0.028611860163325738,0.06928429526999441
39720,1165,H2_30,0,0.0072425249963998795,0.07094748318195343,0.008458966389298439,0.009279785677790642,0.006943591870367527,0.028973612934350967,0.0018301804084330797,0.004884802736341953,0.8251922706648034,0.10547131758007118,0.07150345168749861,0.002948041687144269,0.041530596627609835
39721,1165,H2_30,0,0.08078548312187195,0.22941946983337402,0.08709743618965149,0.0727333128452301,0.16533003747463226,0.2104819416999817,0.003739608684554696,0.1067468672990799,0.0799200000234406,0.5223599765273511,0.3320740024658668,0.032740727720503904,0.22931107131641126
39723,1165,H2_30,0,0.004927520640194416,0.005349813494831324,0.0036613713018596172,0.005906973499804735,0.18713942170143127,0.009649401530623436,0.0018301804084330797,0.00749047240242362,0.000986801103887029,0.10661445064952856,0.07678903005049525,0.001228445731685773,0.05307801858626091
39724,1165,H2_30,0,0.0011891943868249655,0.0070380885154008865,0.0016418814193457365,0.0011437279172241688,0.4748268723487854,0.0027280189096927643,0.0018301804084330797,0.0012591892154887319,0.01985178355800961,0.04956132944092417,0.058427987705998836,0.0005077749570700089,0.04433287067079555
39742,1166,H1_15,0,0.004352913238108158,0.03694384917616844,0.005222629755735397,0.010192208923399448,0.0321267768740654,0.02017900161445141,0.3113418221473694,0.009462020359933376,0.9323999591639809,0.15517842546665378,0.16449384435499653,0.0024423359748443575,0.047681556254155426
39743,1166,H1_15,0,0.5660289525985718,0.15289366245269775,0.15765513479709625,0.5481313467025757,0.2518283724784851,0.22280257940292358,0.3113418221473694,0.13678975403308868,0.16232887699372492,0.3711220708434563,0.2696545262503796,0.08791454490676338,0.15775762756486403
39744,1166,H1_15,0,0.04181993380188942,0.16541887819766998,0.033108387142419815,0.038435015827417374,0.08259093761444092,0.08923613280057907,0.3113418221473694,0.02473587542772293,0.33682129467368277,0.09930584113625786,0.14026345214825856,0.002903844684214246,0.04940511737080474
39745,1166,H1_15,1,0.5871909856796265,0.8619675040245056,0.478223592042923,0.7102146148681641,0.5914372801780701,0.957729160785675,0.3113418221473694,0.5898032784461975,0.5254586169673793,0.3607328279236301,0.3077974752931566,0.541794062216361,0.13162267424101093
39746,1166,H1_15,0,0.014614680781960487,0.19840054214000702,0.013061690144240856,0.009497427381575108,0.047930121421813965,0.025068558752536774,0.3113418221473694,0.0115791792050004,0.11599758063406253,0.15051455593014992,0.13386748558234607,0.0035082164075923203,0.0600217383486778
39749,1166,H1_15,0,0.01156078651547432,0.3923776149749756,0.008194010704755783,0.012406538240611553,0.022141894325613976,0.25633537769317627,0.3113418221473694,0.012940855696797371,0.002314805880029124,0.15139297837958704,0.14015512481503312,0.0025943567188832116,0.06510102910472944
39750,1166,H1_15,0,0.04887770116329193,0.053519271314144135,0.01534954458475113,0.07426369935274124,0.03075309284031391,0.2196657508611679,0.3113418221473694,0.017181208357214928,0.8870939004453259,0.17649547622938988,0.15485051825817442,0.010039715097252825,0.049104379776222555
39751,1166,H1_15,0,0.0017690941458567977,0.0013170300517231226,0.0009603807702660561,0.001452401396818459,0.0006896503618918359,0.0023188439663499594,0.3113418221473694,0.0004031415155623108,0.0002903823366197146,0.0,0.0067696623289331456,8.576336860847963e-05,0.030583741500109358
39752,1166,H1_15,0,0.0009706633863970637,0.011331326328217983,0.0013455963926389813,0.002012740820646286,0.010022616945207119,0.0007253574440255761,0.3113418221473694,0.0017102063866332173,0.30176437822554597,0.05974314839791904,0.03306864060725994,0.0011473082064382546,0.033553739306043634
39753,1166,H1_15,0,0.007161205168813467,0.031765472143888474,0.003552061738446355,0.0020793690346181393,0.003892917186021805,0.011789703741669655,0.3113418221473694,0.0011335674207657576,0.024793091109903832,0.04933581436935973,0.023075519459296014,0.00021981834561836568,0.03502709587533218
39756,1166,H1_15,0,0.03282397985458374,0.5877759456634521,0.052698198705911636,0.018237365409731865,0.11869440227746964,0.18503379821777344,0.3113418221473694,0.06237999349832535,0.40534833785326696,0.19631676651473753,0.23945319578944674,0.025595035572812494,0.08429367691950244
39757,1166,H1_15,0,0.0011327503016218543,0.0013170300517231226,0.0008929507457651198,0.0014336468884721398,0.0010810332605615258,0.0022372130770236254,0.3648122549057007,0.000395698327338323,0.00026154460427973975,0.0013595505617977526,0.004640984915765048,0.00010932465738879295,0.030483907258345554
39758,1166,H1_15,0,0.002113788388669491,0.043352238833904266,0.0034172446466982365,0.0040414538234472275,0.043669868260622025,0.0030235140584409237,0.3648122549057007,0.0047163451090455055,0.09097354387416445,0.08654175834293654,0.058620139472302706,0.0007455135373274695,0.04103224066010258
39759,1166,H1_15,0,0.0049350974150002,0.3308257758617401,0.005902176257222891,0.0020932306069880724,0.011082346551120281,0.002244698815047741,0.3648122549057007,0.006867260206490755,0.3999128215561249,0.05367695375449803,0.021794153131012906,0.0016425764121610839,0.0311977429710087
39760,1166,H1_15,1,0.0017549301264807582,0.10725545883178711,0.003921003546565771,0.0015083035686984658,0.004522112198174,0.003995091188699007,0.3648122549057007,0.005956919863820076,0.05528751444503232,0.0145888576086037,0.009922121409112212,0.0021222008383625793,0.03114675970726115
39762,1166,H1_15,0,0.0369805246591568,0.2901238799095154,0.05404549092054367,0.0243806354701519,0.2513996660709381,0.014367202296853065,0.3648122549057007,0.04376567527651787,0.6339884269238714,0.14400978636133985,0.11546660043304391,0.003929514410139388,0.04428963791580386
39763,1166,H1_15,1,0.08820942044258118,0.04226056858897209,0.09174873679876328,0.07174280285835266,0.066315658390522,0.0957731381058693,0.3648122549057007,0.061902400106191635,0.9032869371781157,0.2660069012647808,0.1754643896952857,0.1278563958496146,0.06336875727729159
39764,1166,H1_15,0,0.107913538813591,0.0637468472123146,0.11918507516384125,0.04545711725950241,0.07797272503376007,0.0790405198931694,0.3648122549057007,0.048431724309921265,0.850646667248019,0.36599604437882455,0.2903021061865254,0.06358714190113564,0.1198758060341761
39765,1166,H1_15,0,0.047756511718034744,0.0869530513882637,0.04537075012922287,0.045265406370162964,0.07240312546491623,0.0320255421102047,0.3648122549057007,0.016352694481611252,0.18686774390828353,0.1456846491168838,0.12048736615426721,0.019179100785819893,0.05483570704802199
39766,1166,H1_15,0,0.0041627101600170135,0.03509430214762688,0.007117660250514746,0.003123178146779537,0.002805371070280671,0.0038830451667308807,0.3648122549057007,0.0036124433390796185,0.021714965002972243,0.011670914194857199,0.015766139860238736,0.0009869150329081294,0.03184253440362634
39769,1166,H1_15,1,0.014063759706914425,0.367569237947464,0.03812892735004425,0.015023820102214813,0.2920006811618805,0.04433687403798103,0.3648122549057007,0.05344656854867935,0.08422903138073819,0.34887235229976643,0.26655167105338984,0.045268439517199034,0.15925425867447654
39770,1166,H1_15,0,0.05521412193775177,0.13888704776763916,0.10371067374944687,0.06313812732696533,0.3881077766418457,0.09238331019878387,0.3648122549057007,0.25459223985671997,0.8298437870586245,0.2025082593532214,0.2040005953233114,0.06204593471205812,0.05777448233973126
39742,1166,H1_30,0,0.03428170457482338,0.049673087894916534,0.019684726372361183,0.03955402225255966,0.023676499724388123,0.084335096180439,0.28869181871414185,0.030163057148456573,0.48654266114570693,0.13321311104456246,0.18919787067531188,0.008750308188787822,0.05883484093204633
39743,1166,H1_30,0,0.007239076774567366,0.0035802279599010944,0.004941646475344896,0.002275477396324277,0.007523156702518463,0.002928435569629073,0.28869181871414185,0.0023067533038556576,0.006096886453700635,0.12193677286966605,0.07107718935507695,0.002092369458709535,0.04771177990478675
39744,1166,H1_30,0,0.0010353161487728357,0.06031952425837517,0.0005627294885925949,0.0007352301036007702,0.0025356647092849016,0.013254689984023571,0.28869181871414185,0.0006139749311842024,0.0005448071639926052,0.056451529743953434,0.05269699029379557,0.00018561704146000444,0.03924504958245886
39745,1166,H1_30,1,0.448934942483902,0.20510517060756683,0.219974085688591,0.1858362853527069,0.06550262868404388,0.6134846806526184,0.28869181871414185,0.28925812244415283,0.33776737152393516,0.25030362494174174,0.2130782130001953,0.05517520639231685,0.08254995635259416
39746,1166,H1_30,0,0.015555166639387608,0.007008313201367855,0.012693924829363823,0.013105189427733421,0.09346579015254974,0.07140617072582245,0.28869181871414185,0.01134166307747364,0.04198729349098115,0.12299277849080278,0.10690286057354101,0.0051557867450635385,0.053108632092440766
39749,1166,H1_30,0,0.04247952252626419,0.03856436908245087,0.028335796669125557,0.10198014229536057,0.02721887081861496,0.16693928837776184,0.28869181871414185,0.03743300586938858,0.027155677903954043,0.12962461154069443,0.114856572080233,0.006479374566939289,0.0553187067056403
39750,1166,H1_30,0,0.0806981697678566,0.09669492393732071,0.10690408945083618,0.08684753626585007,0.012139550410211086,0.47966268658638,0.28869181871414185,0.1183851882815361,0.2660390240918894,0.08166592020427221,0.1194671197240517,0.06223063273142651,0.044904494571081886
39751,1166,H1_30,0,0.0009046363993547857,0.0013170300517231226,0.0006666829576715827,0.0008813377353362739,0.0006356130470521748,0.0021153390407562256,0.28869181871414185,0.0003631585859693587,0.0001362174067462337,0.001148007590132827,0.0,6.324598428944492e-05,0.030083051062397715
39752,1166,H1_30,0,0.0016732463845983148,0.008091459982097149,0.0011370325228199363,0.0010833936976268888,0.0052637322805821896,0.0013742363080382347,0.28869181871414185,0.0011154143139719963,0.006609409907614027,0.051755581136698134,0.02820261798566183,0.00037366786189093265,0.03597033280433606
39753,1166,H1_30,0,0.002265739254653454,0.01556474156677723,0.0013035174924880266,0.0032485811971127987,0.0029807465616613626,0.0027888573240488768,0.28869181871414185,0.0022267205640673637,0.0010089526111600618,0.04604350073719415,0.015023683226307044,0.0003008801385123437,0.03425672050609351
39756,1166,H1_30,0,0.01194001268595457,0.08726196736097336,0.012220973148941994,0.008235400542616844,0.1622503101825714,0.03405369445681572,0.28869181871414185,0.00953900907188654,0.6617383584110581,0.1461327566865478,0.17195224507760612,0.004621166405163425,0.05319546445614604
39757,1166,H1_30,0,0.0026580707635730505,0.0013170300517231226,0.0018013392109423876,0.004365073051303625,0.00544873159378767,0.0032960516400635242,0.3256324827671051,0.0005946601158939302,7.11365662657433e-05,0.010105642585995648,0.032684160183597565,0.00031923815232449737,0.03360990983990897
39758,1166,H1_30,0,0.02114741876721382,0.03864317387342453,0.03367814049124718,0.0245369803160429,0.014467895030975342,0.03349652513861656,0.3256324827671051,0.027208594605326653,0.008127861023898831,0.10486723133700399,0.08858169278552519,0.00480880014129642,0.04836100111372365
39759,1166,H1_30,0,0.0015190041158348322,0.012449817731976509,0.002041461644694209,0.005207524634897709,0.4729849696159363,0.0025063357315957546,0.3256324827671051,0.007626671809703112,0.3919058860315081,0.051438281427420574,0.051120329278502866,0.0033779930410790487,0.03369219729182371
39760,1166,H1_30,1,0.006660344544798136,0.03841453418135643,0.011378029361367226,0.005586589220911264,0.006391684524714947,0.019113771617412567,0.3256324827671051,0.010247934609651566,0.009634070814632856,0.020204225476383793,0.0302660349989093,0.0027679370623230177,0.03384941256336499
39762,1166,H1_30,0,0.0015797647647559643,0.038484662771224976,0.0018623165087774396,0.0028294133953750134,0.006187832914292812,0.004846163559705019,0.3256324827671051,0.004098352510482073,0.03613051348870713,0.04652541100105149,0.03197233465132282,0.001096658394926055,0.035588728288437774
39763,1166,H1_30,1,0.2808926999568939,0.6023051142692566,0.1402309536933899,0.2255108803510666,0.167998805642128,0.2691103219985962,0.3256324827671051,0.19705241918563843,0.687404670929634,0.33255051407124836,0.30851665191737904,0.2335600845177359,0.12549224027930342
39764,1166,H1_30,0,0.007268617395311594,0.041218191385269165,0.00542472256347537,0.002466063015162945,0.10730922967195511,0.013206648640334606,0.3256324827671051,0.006496934220194817,0.6658871098444583,0.2697037411244521,0.21034650575221642,0.011701196008378878,0.07946155754509036
39765,1166,H1_30,0,0.01966698467731476,0.1614346206188202,0.027891231700778008,0.023126382380723953,0.1013820618391037,0.011244380846619606,0.3256324827671051,0.0493151880800724,0.559955934721096,0.0867542903998863,0.09502475123747953,0.008683405139354738,0.03818172654897506
39766,1166,H1_30,0,0.0008589067147113383,0.021544653922319412,0.0014294213615357876,0.0008168875356204808,0.005904750432819128,0.00045320988283492625,0.3256324827671051,0.0006840282585471869,0.008852148259581177,0.02001095770745434,0.020610775328710987,0.00018281320696652921,0.032990153337079504
39769,1166,H1_30,1,0.020553594455122948,0.15714187920093536,0.04547657072544098,0.030108628794550896,0.2005382478237152,0.016758259385824203,0.3256324827671051,0.0726100504398346,0.4474114133885961,0.3337133505383266,0.26685089155828173,0.03165575499482186,0.12517409384854977
39770,1166,H1_30,0,0.05692819878458977,0.2672487795352936,0.14663872122764587,0.0804261714220047,0.06951183825731277,0.12548990547657013,0.3256324827671051,0.15947659313678741,0.099866857832592,0.09353749165364829,0.1419886339902476,0.13770544976945717,0.053395133280481955
39742,1166,H1_45,0,0.008641529828310013,0.008731563575565815,0.006681869272142649,0.007658692542463541,0.004233458545058966,0.07699160277843475,0.3165057897567749,0.001709897886030376,0.49747191546566466,0.10299570620044794,0.06648874426510873,0.000516902159626379,0.03760789716433281
39743,1166,H1_45,0,0.007347972597926855,0.0188389103859663,0.008273216895759106,0.011325809173285961,0.30954256653785706,0.021362410858273506,0.3165057897567749,0.01945994608104229,0.03630412777680343,0.1337113066159217,0.10646081631502138,0.01915478985561772,0.05440803135722571
39744,1166,H1_45,0,0.0010967974085360765,0.03149102255702019,0.0009404876618646085,0.0012889618519693613,0.08793488889932632,0.01448010466992855,0.3165057897567749,0.0012592204147949815,0.0006514067968724394,0.06557912228140937,0.06107046543850086,0.0009103069799912489,0.041071176486653045
39745,1166,H1_45,1,0.1137322187423706,0.11502707749605179,0.059675250202417374,0.04486672207713127,0.1379377245903015,0.26795804500579834,0.3165057897567749,0.021626321598887444,0.7424284013525223,0.11041988881899026,0.15005124901384018,0.0034989264938923665,0.04451673786907659
39746,1166,H1_45,0,0.020251624286174774,0.0717025026679039,0.024522598832845688,0.02228611707687378,0.184163898229599,0.17339779436588287,0.3165057897567749,0.022790350019931793,0.04998022604880061,0.14660190163079748,0.16794006153284796,0.010011585030884439,0.06966587390997768
39749,1166,H1_45,0,0.009246356785297394,0.17034265398979187,0.009190449491143227,0.005970940459519625,0.0532868392765522,0.10006127506494522,0.3165057897567749,0.009602425619959831,0.05166811552342964,0.12581453217602753,0.09927926738501192,0.002204398917199636,0.05180498136127432
39750,1166,H1_45,0,0.06547420471906662,0.3377479016780853,0.09052211791276932,0.0719851478934288,0.10613223910331726,0.23205634951591492,0.3165057897567749,0.10443064570426941,0.7479702414341272,0.08603437222019629,0.13215224717599683,0.0832826459485887,0.040028243228990325
39751,1166,H1_45,0,0.0007458312902599573,0.005415445659309626,0.0003832452348433435,0.0007449182448908687,0.002707461128011346,0.0006822294089943171,0.3165057897567749,0.0006536977598443627,0.019519778449041927,0.019975881201312384,0.016887521209794792,0.00014416220854142033,0.03251914931591061
39752,1166,H1_45,0,0.0019924251828342676,0.06930343061685562,0.001396329840645194,0.004070389084517956,0.013330157846212387,0.0025938902981579304,0.3165057897567749,0.0035238054115325212,0.013820240373817273,0.04001785197608989,0.013294836797663547,0.001951688085443469,0.03353341872786661
39753,1166,H1_45,0,0.0008884853450581431,0.016008298844099045,0.0007798341102898121,0.0009862558217719197,0.008533628657460213,0.0007097688503563404,0.3165057897567749,0.00162061071023345,0.003782508265616566,0.046799517709041547,0.01384444751606719,0.0004986701698335699,0.034166875812798564
39756,1166,H1_45,0,0.06989669054746628,0.19782699644565582,0.05638178810477257,0.11371149867773056,0.022949419915676117,0.25505921244621277,0.3165057897567749,0.0854448676109314,0.15721751751455113,0.13607787664517568,0.15042229827355483,0.1455229761404455,0.06042950562478222
39757,1166,H1_45,0,0.0006148518295958638,0.0013170300517231226,0.000591383024584502,0.00035404646769165993,0.0006296364590525627,0.0015288419090211391,0.35420262813568115,0.00015256802726071328,1.1629287358916832e-05,0.0013595505617977526,0.0,7.766809620257334e-05,0.03009883153004396
39758,1166,H1_45,0,0.017324529588222504,0.025167958810925484,0.020447302609682083,0.04692718759179115,0.02855043299496174,0.05266113579273224,0.35420262813568115,0.06339030712842941,0.0358062484624206,0.10050515611429617,0.12504349059508071,0.011606418088298433,0.05312067656796252
39759,1166,H1_45,0,0.0004244251176714897,0.03469008952379227,0.0007527449633926153,0.0008670506067574024,0.005528006702661514,0.0011881928658112884,0.35420262813568115,0.0019200287060812116,0.02958121412323255,0.025549387588551235,0.04343295929764864,0.00037010366375752403,0.035407325569090604
39760,1166,H1_45,1,0.008870034478604794,0.05658532679080963,0.015907781198620796,0.005936148576438427,0.04748647287487984,0.01012033224105835,0.35420262813568115,0.006866134703159332,0.027474376911385916,0.018753718626427322,0.022900219915548598,0.0011070139209071565,0.03285700090327227
39762,1166,H1_45,0,0.019689418375492096,0.039493922144174576,0.025469426065683365,0.02257130853831768,0.047016989439725876,0.056966230273246765,0.35420262813568115,0.02866615541279316,0.015149985502873959,0.11009771859857373,0.08645515814728498,0.01209248116077878,0.048451306664973055
39763,1166,H1_45,1,0.5165709853172302,0.23972338438034058,0.46587568521499634,0.34863924980163574,0.2615983188152313,0.5073195695877075,0.35420262813568115,0.2435537874698639,0.895481736225735,0.34351069460685135,0.2612645742920283,0.5934798060104923,0.10449705724576537
39764,1166,H1_45,0,0.25523871183395386,0.03291928023099899,0.27036017179489136,0.21366985142230988,0.05870596319437027,0.10176125913858414,0.35420262813568115,0.30335620045661926,0.9011883002757171,0.20219388631748245,0.25943285101143687,0.03754177570246312,0.0661399141352696
39765,1166,H1_45,0,0.014149726368486881,0.05789973586797714,0.026270268484950066,0.020286154001951218,0.036843154579401016,0.004185637459158897,0.35420262813568115,0.04839112237095833,0.012797264215117872,0.12867627787586142,0.12392712192510437,0.006864295634791772,0.05721652186638567
39766,1166,H1_45,0,0.013023708015680313,0.045872557908296585,0.01654297299683094,0.011769033037126064,0.1917542666196823,0.013198230415582657,0.35420262813568115,0.01166315283626318,0.011343571939284758,0.05285835774629078,0.07939391302422703,0.006388221792313197,0.04214840757776697
39769,1166,H1_45,0,0.022305723279714584,0.23605911433696747,0.050220195204019547,0.027127349749207497,0.08297857642173767,0.03866927698254585,0.35420262813568115,0.0800747498869896,0.4688835130933625,0.11321694784277289,0.16719993121967652,0.01681426523818821,0.05180624899190292
39770,1166,H1_45,0,0.05212878808379173,0.01746465265750885,0.11134505271911621,0.04843069612979889,0.014283525757491589,0.039519354701042175,0.35420262813568115,0.08724012970924377,0.1538082559007776,0.11658154751113041,0.11841550083400887,0.020222238784361468,0.05059688221064502
39742,1166,H2_15,0,0.0054605561308562756,0.01724652759730816,0.003503907937556505,0.0031034653075039387,0.0021082088351249695,0.018962400034070015,0.30898797512054443,0.0017289476236328483,0.049183318392383914,0.053866084231696205,0.03879689179132148,0.000595776921442973,0.036717175629627764
39743,1166,H2_15,0,0.0027606624644249678,0.00178954575676471,0.0012810060288757086,0.0022948395926505327,0.012935222126543522,0.00327920145355165,0.30898797512054443,0.0026818590704351664,0.02170759445946316,0.07963524988424688,0.06814120077669711,0.0008870947078077483,0.04289016053496796
39744,1166,H2_15,0,0.00502750976011157,0.005127361975610256,0.002447426551952958,0.0015674432506784797,0.004010830074548721,0.004444229882210493,0.30898797512054443,0.0014143572188913822,0.00038394236326000104,0.039483620229692755,0.02533804620118065,0.00013964689672491104,0.0348669215902243
39745,1166,H2_15,0,0.03689655289053917,0.04995475709438324,0.030953066423535347,0.05656461790204048,0.3171667456626892,0.0681321993470192,0.30898797512054443,0.061430782079696655,0.9456506900320584,0.13609322746000513,0.13050684663016415,0.029193135648109537,0.04108091862756913
39746,1166,H2_15,0,0.006185648497194052,0.002766432473435998,0.012697636149823666,0.006957862060517073,0.08291372656822205,0.044681623578071594,0.30898797512054443,0.018034521490335464,0.016578624436851108,0.06391259830497088,0.09190271006316919,0.011434064759970549,0.04482473603698669
39749,1166,H2_15,0,0.003010450629517436,0.02146749198436737,0.0035378895699977875,0.0015451698563992977,0.026691989973187447,0.011750157922506332,0.30898797512054443,0.0021312462631613016,0.00336373557585838,0.04591872029847922,0.05953192539855642,0.0004517168681637368,0.03917292870778583
39750,1166,H2_15,0,0.11358378827571869,0.16531923413276672,0.06532958894968033,0.08000373840332031,0.04142638295888901,0.07196176797151566,0.30898797512054443,0.05677221342921257,0.13452711193330183,0.06535769568484785,0.07866777248494036,0.02675980481917849,0.04065488313226548
39751,1166,H2_15,0,0.0008778077899478376,0.0007294431561604142,0.0007699287962168455,0.0008581815054640174,0.0019101713551208377,0.0010263929143548012,0.30898797512054443,0.0005470864707604051,7.899143030079906e-05,0.010086979294062597,0.005988294640135232,7.503131011642843e-05,0.031123654622557482
39752,1166,H2_15,0,0.0005763103836216033,0.009907967410981655,0.0003772944619413465,0.0004092887684237212,0.0017746834782883525,0.0012607877142727375,0.30898797512054443,0.00032908335560932755,0.0004522346161064881,0.022992609340418173,0.002723735128623468,4.4941503648834825e-05,0.03162514027764999
39753,1166,H2_15,0,9.847392357187346e-05,0.020238151773810387,7.25394711480476e-05,9.87582970992662e-05,0.0013649221509695053,0.00027265402604825795,0.30898797512054443,0.0001069202771759592,0.0003646970805178505,0.010257779027642269,0.0013253403779719568,2.7146169315212723e-05,0.030732318493890323
39756,1166,H2_15,0,0.00942935235798359,0.012646329589188099,0.007110812701284885,0.014840270392596722,0.013691214844584465,0.01615719310939312,0.30898797512054443,0.005485902074724436,0.25497031169937406,0.08139325843298609,0.08138538143016445,0.0009205614238018993,0.04093190792530937
39757,1166,H2_15,0,0.00032746436772868037,0.0010557888308539987,0.001156373298726976,0.0002174347173422575,0.002391647780314088,0.0011192956008017063,0.03835035860538483,0.0003360063419677317,6.463580958848716e-06,0.002857075314273,0.01116535849472047,0.00026245788168243513,0.031141669653507852
39758,1166,H2_15,0,0.005061332602053881,0.0027513352688401937,0.004222146235406399,0.004202245734632015,0.0008113736403174698,0.018114740028977394,0.03835035860538483,0.0029483302496373653,0.00014209031818738496,0.04705838983815297,0.06945001999929817,0.001028314042833859,0.04057339961292417
39759,1166,H2_15,0,0.0004925167886540294,0.014160213060677052,0.0006560323527082801,0.001274176873266697,0.002171748084947467,0.0008022877154871821,0.03835035860538483,0.0012648814590647817,0.005721769905497835,0.016887741821051894,0.01939433942628736,0.00039886771076602163,0.03270205820333659
39760,1166,H2_15,1,0.0030978145077824593,0.00151907152030617,0.0022277527023106813,0.007392398547381163,0.0101855443790555,0.005902260076254606,0.03835035860538483,0.002137009985744953,0.0008993705052644473,0.041121240251427264,0.06954309225275888,0.0006232046198632735,0.04007975785796095
39762,1166,H2_15,0,0.007261021062731743,0.047224145382642746,0.006946548353880644,0.011223993264138699,0.005430192686617374,0.01981683261692524,0.03835035860538483,0.006818185094743967,0.016459865071353344,0.10869047121731676,0.04850947470879241,0.0008451193808651607,0.042814018729261244
39763,1166,H2_15,0,0.42030081152915955,0.1968221366405487,0.3170100450515747,0.2974832355976105,0.3709074556827545,0.32345980405807495,0.03835035860538483,0.16838574409484863,0.8076032390927749,0.19025020103363582,0.20082433659723856,0.13076051271082098,0.05893970331198096
39764,1166,H2_15,0,0.044119078665971756,0.003098596353083849,0.03551782667636871,0.024159997701644897,0.003908555023372173,0.05410800874233246,0.03835035860538483,0.006517303641885519,0.22342216007939528,0.11219170884568176,0.16659064846936997,0.0007009004671886832,0.05902254027790107
39765,1166,H2_15,0,0.010424327105283737,0.01258594449609518,0.016384955495595932,0.008420032449066639,0.009042350575327873,0.013046982698142529,0.03835035860538483,0.008114108815789223,0.11734902061292625,0.13849599192562886,0.1236582969653335,0.0026291295361650915,0.05635449643645824
39766,1166,H2_15,0,0.0011562841245904565,0.002228811616078019,0.002811707556247711,0.0020929628517478704,0.008294527418911457,0.0019079400226473808,0.03835035860538483,0.0030712117440998554,0.041211805639501865,0.02967018547445233,0.048604266573495654,0.0019472821421723113,0.03611296000991423
39769,1166,H2_15,0,0.012775583192706108,0.030798939988017082,0.021484822034835815,0.014627397991716862,0.006869712378829718,0.016562556847929955,0.03835035860538483,0.01724781095981598,0.225867631712071,0.1297234490639915,0.10980065051195015,0.002247873529396743,0.05002762431814419
39770,1166,H2_15,0,0.016767235472798347,0.003679735818877816,0.023480089381337166,0.01758190616965294,0.0015966166974976659,0.009364374913275242,0.03835035860538483,0.011728605255484581,0.013449971364939958,0.05422093763410981,0.06151476673655605,0.004348374306166367,0.03985089568936503
39742,1166,H2_30,0,0.005224056541919708,0.046958621591329575,0.002755281515419483,0.002612279960885644,0.003906956873834133,0.008363276720046997,0.011730905622243881,0.0029779477044939995,0.04036988133497099,0.0767497995137285,0.05929754171374004,0.0014340667003081811,0.041129122615263074
39743,1166,H2_30,0,0.0038388827815651894,0.011659788899123669,0.00346284918487072,0.00551601592451334,0.043499331921339035,0.002248018281534314,0.011730905622243881,0.009413225576281548,0.04444173282371356,0.09486890443643839,0.06895508067886093,0.0018511436952522492,0.043901777071395746
39744,1166,H2_30,0,0.0007696662214584649,0.006857192609459162,0.0007689524791203439,0.0002553996164351702,0.0004648143076337874,0.0013260891428217292,0.011730905622243881,0.00026001629885286093,1.7693748787517578e-05,0.01893364371754897,0.00983645697526053,8.140060963392704e-05,0.03201742765482019
39746,1166,H2_30,0,0.022896314039826393,0.0038854710292071104,0.023142773658037186,0.01950901187956333,0.061322979629039764,0.0368049293756485,0.011730905622243881,0.05127293989062309,0.08154743664743169,0.08390213768104915,0.11357656229219107,0.020182809332250532,0.04848063874381431
39747,1166,H2_30,0,0.0053679379634559155,0.02730996161699295,0.0056961895897984505,0.003982018679380417,0.0666661411523819,0.034566741436719894,0.0016235783696174622,0.004558168817311525,0.06840320512627986,0.026190841042402557,0.08283954154011237,0.00041843366344889636,0.03943217876825921
39749,1166,H2_30,0,0.00207502581179142,0.006825593765825033,0.0023176574613898993,0.002034529345110059,0.0029288185760378838,0.018317624926567078,0.011730905622243881,0.003309500403702259,0.00913328761345283,0.03393093360827339,0.0512170981108681,0.0002944434068604576,0.037139424804768464
39750,1166,H2_30,0,0.035332974046468735,0.06768626719713211,0.03825313597917557,0.02238561026751995,0.012835778295993805,0.06655965000391006,0.011730905622243881,0.024689674377441406,0.07063739666255517,0.08025154495108822,0.061873094848187205,0.014779473751772878,0.04109698759475778
39751,1166,H2_30,0,0.0003602629294618964,0.0007294431561604142,0.00027793634217232466,0.0003223323146812618,0.0008065381553024054,0.001065754913724959,0.011730905622243881,0.0003347358724568039,3.8303680776719356e-05,0.0027972025183184267,0.0024061398289254654,2.6840803458239614e-05,0.030381957136614162
39752,1166,H2_30,0,0.0002522432478144765,0.09907148033380508,0.000566820555832237,0.00021821021800860763,0.0015771465841680765,0.0014086323790252209,0.011730905622243881,0.00019190354214515537,0.009508240751311818,0.039729175168152046,0.0449105735505276,4.68574437034192e-05,0.0368935488940381
39753,1166,H2_30,0,0.0003742334374692291,0.02264385111629963,0.00027116804267279804,0.0003184883389621973,0.0038256847765296698,0.0003927594516426325,0.011730905622243881,0.0004574096528813243,6.094584294919649e-05,0.0073573811590064925,0.002438660814755453,0.00010343780355584978,0.030654349432876805
39756,1166,H2_30,0,0.03121202625334263,0.003939149435609579,0.016935447230935097,0.030606728047132492,0.05536329373717308,0.02708466537296772,0.011730905622243881,0.014348038472235203,0.12271606352908986,0.07731587938122567,0.07925519519238262,0.0028143697276415787,0.04232338607902173
39757,1166,H2_30,0,0.0005428998847492039,0.0010557888308539987,0.0006972535629756749,0.00039224346983246505,0.0034268784802407026,0.001056431676261127,0.06426678597927094,0.0004140452656429261,7.070409083325755e-05,0.0074150983652444815,0.025649440515372542,0.0002193154892455978,0.032750479818800866
39758,1166,H2_30,0,0.01008908636868,0.03448616713285446,0.006322288885712624,0.01018244307488203,0.0034187459386885166,0.024351025000214577,0.06426678597927094,0.006694790907204151,0.003542223904699422,0.07532149043371651,0.07410877446501551,0.0028842823132243342,0.04362256512798653
39759,1166,H2_30,0,0.00027282931841909885,0.0868140235543251,0.00038663079612888396,0.0006285107810981572,0.002993302885442972,0.0006149424007162452,0.06426678597927094,0.0007117267232388258,0.0028602103880773513,0.013234094510387462,0.006046030617028617,0.00017168227424487468,0.03129145965130371
39760,1166,H2_30,1,0.0017694361740723252,0.008235937915742397,0.002752358792349696,0.0017575282836332917,0.0015490198275074363,0.00454377755522728,0.06426678597927094,0.0019911862909793854,0.001129704418668591,0.016306870536030808,0.03845828229239932,0.0002185098793507874,0.03458851854927325
39762,1166,H2_30,0,0.005672688130289316,0.06809327751398087,0.0071127586998045444,0.008027060888707638,0.009755510836839676,0.004797559231519699,0.06426678597927094,0.007613391615450382,0.10900431027744677,0.07027485843936519,0.05408304211723682,0.005085716131303866,0.03886734575142056
39765,1166,H2_30,0,0.012804869562387466,0.037468522787094116,0.02101217210292816,0.011608212254941463,0.01449596881866455,0.02013687789440155,0.06426678597927094,0.04113330692052841,0.5353319256810607,0.15235249473703413,0.12368969811478027,0.005362441685956331,0.04800289281903617
39766,1166,H2_30,0,0.004126759711652994,0.0031195473857223988,0.007505165878683329,0.006667897570878267,0.005871806293725967,0.006822523195296526,0.06426678597927094,0.005323911551386118,0.04591862826652877,0.040271788765579276,0.06090535836493771,0.001371688761906295,0.038220141312133644
39768,1166,H2_30,0,0.198245570063591,0.737412691116333,0.18979819118976593,0.23123478889465332,0.44941964745521545,0.2376912236213684,0.009186247363686562,0.31556257605552673,0.3476124042059434,0.4920315522418742,0.309059879943607,0.11041779503103828,0.20136528708680176
39769,1166,H2_30,0,0.006481654942035675,0.026218697428703308,0.008514583110809326,0.006420995574444532,0.0035183962900191545,0.006374026648700237,0.06426678597927094,0.00734805129468441,0.5708244529835572,0.07955842526816205,0.07780981517460642,0.0010250076951721814,0.03616892021324389
39770,1166,H2_30,0,0.004861888475716114,0.031121235340833664,0.009693043306469917,0.008755256421864033,0.007596919778734446,0.002589200623333454,0.06426678597927094,0.011791693046689034,0.003939527386779471,0.056966690872091816,0.0803528021614635,0.005163740102763691,0.042767080081737074
39771,1166,H2_30,0,0.4852508008480072,0.05694447457790375,0.6255691051483154,0.49563169479370117,0.7399575114250183,0.5280662178993225,0.009186247363686562,0.3924335539340973,0.2857370765502292,0.14530815980541978,0.24254872178697695,0.3702229363199431,0.07581042650859465
65529,1167,H1_15,0,0.004499424248933792,0.002416750881820917,0.004433175548911095,0.0034689411986619234,0.0009384467266499996,0.010926475748419762,0.23158062994480133,0.0011345105012878776,0.00015607295422823028,0.0070965418062524524,0.00337277644670183,0.000177270479153343,0.03421078738190898
65530,1167,H1_15,0,0.015165485441684723,0.2648569643497467,0.013581817969679832,0.0191345177590847,0.03925958648324013,0.030084002763032913,0.23158062994480133,0.017826959490776062,0.0008827684173822846,0.10017656590956699,0.11520594143455201,0.006131428297255626,0.05545697707236314
65531,1167,H1_15,0,0.03957974165678024,0.05184192955493927,0.07033748179674149,0.04578060284256935,0.40379154682159424,0.1432424932718277,0.23158062994480133,0.14981964230537415,0.5687239860033684,0.29983820874118916,0.2582242733985058,0.11346356623086108,0.11502730541451887
65532,1167,H1_15,0,0.030367029830813408,0.7579258680343628,0.06514371931552887,0.04065815731883049,0.17295797169208527,0.28861570358276367,0.23158062994480133,0.11037547886371613,0.5655013565787294,0.14208880893244918,0.1987162349978918,0.13785963353310077,0.06769236583614983
65533,1167,H1_15,0,0.042656973004341125,0.20366023480892181,0.04543714597821236,0.08659359067678452,0.10059385746717453,0.45275428891181946,0.23158062994480133,0.2123371660709381,0.04600575382515815,0.13918711908799855,0.1653181484424889,0.11335339291939306,0.07497138597128952
65534,1167,H1_15,1,0.031891003251075745,0.2971046268939972,0.023984454572200775,0.020569538697600365,0.39927318692207336,0.05006103217601776,0.23158062994480133,0.05434798449277878,0.08556137307566519,0.13386561369121625,0.12738687289155082,0.02505986473139849,0.061699003469736946
65535,1167,H1_15,1,0.005029234569519758,0.5507504343986511,0.0028032069094479084,0.0037157319020479918,0.03825584799051285,0.012497235089540482,0.23158062994480133,0.002598850755020976,0.13969080773190948,0.11653184008909148,0.09586554099105768,0.0016091616983682285,0.052891396662821506
65536,1167,H1_15,0,0.0027553115505725145,0.09440238773822784,0.005882869940251112,0.004627661779522896,0.019179197028279305,0.0014882682589814067,0.23158062994480133,0.01269647665321827,0.013346971013443924,0.11822290609984831,0.09729177307281275,0.009946733243716869,0.055413204110823816
65537,1167,H1_15,0,0.0013851895928382874,0.3457733988761902,0.0015413998626172543,0.0015996294096112251,0.008966057561337948,0.0066544413566589355,0.23158062994480133,0.004411616828292608,0.028452573691115667,0.07613456317168792,0.09129417951098553,0.0007390577281930132,0.04888729851646643
65539,1167,H1_15,1,0.30107972025871277,0.9151723384857178,0.2428671419620514,0.17859548330307007,0.1990625262260437,0.2965206503868103,0.23158062994480133,0.06567537784576416,0.7353928153837034,0.2987378533387839,0.2752742913391111,0.24396888729749422,0.11133718664751326
65543,1167,H1_15,0,0.07492384314537048,0.05715693160891533,0.0890667662024498,0.09091050177812576,0.015720516443252563,0.12423565238714218,0.23158062994480133,0.038237378001213074,0.00015265546364232835,0.21598250119326218,0.17991145939087014,0.016000861377187786,0.0855353396817054
65545,1167,H1_15,0,0.1818530261516571,0.002416750881820917,0.19302929937839508,0.1271272450685501,0.004341747146099806,0.1104670986533165,0.2409062534570694,0.011922411620616913,0.00256828020290781,0.009207194051449189,0.03329677187960628,0.007358417405297444,0.037007233527843277
65546,1167,H1_15,0,0.2857568860054016,0.012829756364226341,0.4284200966358185,0.3399468660354614,0.2171434611082077,0.1666167974472046,0.2409062534570694,0.523177981376648,0.055716932219055014,0.2755950006384252,0.20447972867737077,0.49898251346462985,0.13680544189025848
65547,1167,H1_15,0,0.021162984892725945,0.24970750510692596,0.03869212418794632,0.023041514679789543,0.0682653933763504,0.03497773036360741,0.2409062534570694,0.051001835614442825,0.5484915253781895,0.10974133465959954,0.14394443298636705,0.02212086019240352,0.053419128894616925
65549,1167,H1_15,0,0.007232708856463432,0.10634709894657135,0.005423050839453936,0.00973302498459816,0.11978668719530106,0.007252450566738844,0.2409062534570694,0.012724051252007484,0.20155804191124743,0.15723150955561954,0.13067214669796134,0.005519727350456554,0.06250573393407853
65551,1167,H1_15,0,0.08116742223501205,0.040450118482112885,0.13239745795726776,0.08764532953500748,0.3961213529109955,0.15416572988033295,0.2409062534570694,0.09657572209835052,0.7889956824377429,0.36405915700450786,0.26735157261602727,0.4260558120193978,0.13089242595897632
65552,1167,H1_15,0,0.0690208300948143,0.5740184187889099,0.03830989450216293,0.13146266341209412,0.19912703335285187,0.035097263753414154,0.2409062534570694,0.04005410522222519,0.8675298996162121,0.27571347485277425,0.15851703192709418,0.023943945613806392,0.0785909499423851
65553,1167,H1_15,0,0.13829560577869415,0.062358032912015915,0.12272024154663086,0.09402240067720413,0.10116837173700333,0.5949170589447021,0.2409062534570694,0.08014567196369171,0.6791414399617421,0.21118470605504563,0.19291221075771445,0.027033782327118217,0.07567506749480857
65555,1167,H1_15,0,0.009554890915751457,0.04610949009656906,0.013730847276747227,0.0131470812484622,0.007445736322551966,0.0055358996614813805,0.2409062534570694,0.008845510892570019,0.056159692854629864,0.09097836997469157,0.0982540457927101,0.0011666988747948488,0.051202235382937
65556,1167,H1_15,0,0.5856397151947021,0.846983790397644,0.593766987323761,0.6393030285835266,0.4370737671852112,0.6600612998008728,0.2409062534570694,0.6096634268760681,0.8113237989508899,0.45592961978600727,0.3493418487668322,0.60966125773506,0.2334662370932433
65557,1167,H1_15,0,0.045734915882349014,0.20605461299419403,0.08191177994012833,0.07434771955013275,0.1628819704055786,0.06786444038152695,0.2409062534570694,0.14561988413333893,0.4057952367007411,0.25881210952130945,0.23857104567510257,0.4176882397778976,0.10742211825312815
65558,1167,H1_15,0,0.001772207673639059,0.12601988017559052,0.0043855272233486176,0.0025818569120019674,0.008943641558289528,0.004980894271284342,0.2409062534570694,0.006657505873590708,0.014476865685611252,0.10743521228068874,0.09046013714942244,0.004962486817903578,0.05295516760254602
65529,1167,H1_30,0,0.010317995212972164,0.019579343497753143,0.012931965291500092,0.009669436141848564,0.10243313014507294,0.008383837528526783,0.022380618378520012,0.009923513047397137,0.0017228102469086187,0.014274642325537839,0.05077439869025308,0.004756107681809353,0.038908787929994526
65530,1167,H1_30,0,0.0005274681025184691,0.03514290601015091,0.0006541857728734612,0.0007677583489567041,0.007285758852958679,0.012164999730885029,0.022380618378520012,0.00025907374219968915,6.296288096931844e-05,0.09493581138391338,0.08680469410753626,0.00020602479427764948,0.05095259034762894
65531,1167,H1_30,0,0.031851768493652344,0.013149779289960861,0.035872746258974075,0.029345279559493065,0.023021863773465157,0.12167347222566605,0.022380618378520012,0.012447255663573742,0.033857931038636296,0.12779625287497645,0.15223083474233193,0.005093995113075972,0.06358075498557256
65532,1167,H1_30,0,0.0015303632244467735,0.016013745218515396,0.0018624992808327079,0.0013369444059208035,0.05913282930850983,0.008566349744796753,0.022380618378520012,0.0017991584027186036,0.0002014109693329467,0.13715286972514903,0.10786680152267931,0.0004364399708930726,0.059220128346600565
65533,1167,H1_30,0,0.0005672986735589802,0.06381304562091827,0.0009699839283712208,0.0004667117027565837,0.12247034162282944,0.030362550169229507,0.022380618378520012,0.0009719900554046035,0.003989295844169423,0.07933895725133573,0.08063320639098413,0.00020262159384748136,0.04835482472772768
65534,1167,H1_30,1,0.01660805381834507,0.2773929238319397,0.015383590012788773,0.014239651151001453,0.27439114451408386,0.04909954592585564,0.022380618378520012,0.018843282014131546,0.00461135848965739,0.139208996380257,0.11590970801320824,0.007770333158134787,0.061064760458464894
65535,1167,H1_30,0,0.00020922614203300327,0.02097449079155922,0.0002257258165627718,0.000233321770792827,0.006528239697217941,0.0024926732294261456,0.022380618378520012,0.00021718980860896409,0.0028343750223679656,0.09215753211989779,0.08890496138334408,0.00010445779088382763,0.0508043121628298
65536,1167,H1_30,0,0.0049135079607367516,0.0533158965408802,0.008667065761983395,0.005392420571297407,0.004812741186469793,0.016194932162761688,0.022380618378520012,0.009745040908455849,4.7067380894680876e-05,0.07799996379827129,0.08644301212538061,0.001605469602744306,0.049100315927901046
65537,1167,H1_30,0,0.0003331713960506022,0.2801157534122467,0.00033437355887144804,0.00035200780257582664,0.2282864898443222,0.002362358383834362,0.022380618378520012,0.0016443281201645732,0.0014428811346457967,0.11027663964588122,0.06270651140463813,0.0010052607511484989,0.05018555296952445
65539,1167,H1_30,0,0.028738319873809814,0.11359888315200806,0.031291745603084564,0.022816728800535202,0.010162925347685814,0.20814646780490875,0.022380618378520012,0.008969494141638279,0.3688113726370908,0.1486616135134677,0.1734034974163652,0.0027328436345733843,0.0642797827845586
65543,1167,H1_30,0,0.007736892905086279,0.035313356667757034,0.009029175154864788,0.011707896366715431,0.004812917206436396,0.06753197312355042,0.022380618378520012,0.005598193500190973,1.5343855188280137e-06,0.13063817141400744,0.14235495814497373,0.0014923168587569853,0.06297395942584512
65545,1167,H1_30,0,0.009466574527323246,0.0007567403372377157,0.02482377178966999,0.010935341939330101,0.09267395734786987,0.002614712342619896,0.2463962584733963,0.007324560545384884,0.012314063127545835,0.06778572089208487,0.08072863524845927,0.004018541835228548,0.04709867485682967
65546,1167,H1_30,0,0.2860138714313507,0.0429314486682415,0.3789062201976776,0.3190546929836273,0.1302783489227295,0.3572622537612915,0.2463962584733963,0.10561017692089081,0.044573073772503115,0.33503455557798006,0.24393116578419802,0.03764449842831812,0.13307317839411006
65547,1167,H1_30,0,0.010348916985094547,0.18346357345581055,0.008998486213386059,0.00576654402539134,0.020477155223488808,0.0067441933788359165,0.2463962584733963,0.00901177991181612,5.9739341974002e-05,0.11176332670308689,0.09222265029803897,0.002655158841893287,0.05397860704701474
65549,1167,H1_30,0,0.004390706308186054,0.08356571942567825,0.007198805920779705,0.006637965328991413,0.025043649598956108,0.006499846465885639,0.2463962584733963,0.011940411292016506,0.07220760036260122,0.11152141917365019,0.08706325840791158,0.01206146617160352,0.052468331872299434
65551,1167,H1_30,0,0.003535669296979904,0.016811566427350044,0.0040390766225755215,0.005142476409673691,0.050018150359392166,0.0052953907288610935,0.2463962584733963,0.003100115340203047,0.00035811490459609804,0.18178535083848124,0.12012063048405515,0.001878644769782785,0.06794715008077655
65552,1167,H1_30,0,0.0010278623085469007,0.0798964872956276,0.0019539999775588512,0.0012695324840024114,0.011418850161135197,0.0046050455421209335,0.2463962584733963,0.0012416448444128036,0.016757118646830153,0.16543582148313224,0.12302568432006743,0.000856200430424482,0.06533101108195012
65553,1167,H1_30,0,0.04516364261507988,0.1060553789138794,0.03555911406874657,0.027308030053973198,0.03906308114528656,0.5392398834228516,0.2463962584733963,0.01740061305463314,0.11587701581459005,0.11642410521511776,0.16485267081985647,0.01021445456412213,0.06241695393857905
65555,1167,H1_30,0,0.006878707092255354,0.10613751411437988,0.006360278464853764,0.006370020564645529,0.0038105316925793886,0.018796294927597046,0.2463962584733963,0.004789865575730801,0.000492761990306244,0.081940176568554,0.10447654503432069,0.002180176038225783,0.05146222338100048
65556,1167,H1_30,0,0.008978704921901226,0.06074097752571106,0.013894458301365376,0.014628601260483265,0.04569622129201889,0.025612274184823036,0.2463962584733963,0.00718402024358511,0.22489696418559804,0.1510418631032037,0.1333871803370357,0.003331429691656697,0.06137406006824895
65557,1167,H1_30,0,0.018132640048861504,0.18562325835227966,0.02591162547469139,0.02809629589319229,0.01789330504834652,0.020992685109376907,0.2463962584733963,0.01502649299800396,0.04000480292066132,0.17499859587174615,0.12398935407485194,0.0028728694024444555,0.06709833865362579
65558,1167,H1_30,0,0.005075404420495033,0.05488760024309158,0.005275340285152197,0.005345351994037628,0.010551723651587963,0.025192879140377045,0.2463962584733963,0.0028673370834439993,3.369919832975042e-05,0.11803901890658319,0.07422303894216484,0.001980072400004436,0.05252485427838638
65529,1167,H1_45,0,0.0030494118109345436,0.004221206530928612,0.004523539915680885,0.0034532281570136547,0.004822976887226105,0.007119858171790838,0.016417909413576126,0.00250332267023623,0.0002285680865171941,0.001331595929511045,0.010574104630605418,0.000495093446229707,0.03431853132045931
65530,1167,H1_45,0,0.00045111856888979673,0.012011141516268253,0.0006257735658437014,0.0006641325890086591,0.003784916363656521,0.0026670393999665976,0.016417909413576126,0.0004352337564341724,0.0004785240482812282,0.06892004996497128,0.06678223538265962,8.916838108672382e-05,0.04575045371189365
65531,1167,H1_45,0,0.03710833564400673,0.0021531570237129927,0.029511090368032455,0.03827069327235222,0.020359236747026443,0.2128768414258957,0.016417909413576126,0.03360357880592346,0.04846060051730412,0.21244629209610974,0.15679774218916032,0.012226466946358643,0.07958714529681281
65532,1167,H1_45,0,0.0010228109313175082,0.021549426019191742,0.0008889785967767239,0.0014135526726022363,0.12495990097522736,0.0035225143656134605,0.016417909413576126,0.004926265217363834,0.0003037940900007187,0.11550353969056831,0.08834183616097538,0.0007338600232904047,0.0538858852860663
65533,1167,H1_45,0,0.006205293349921703,0.20605075359344482,0.004900999367237091,0.0091383783146739,0.011528361588716507,0.08537998050451279,0.016417909413576126,0.02853524498641491,0.007660894730830595,0.04605308966790569,0.10410717160263037,0.013363855701044876,0.047732422913294194
65534,1167,H1_45,0,0.008680111728608608,0.10710494965314865,0.005103119183331728,0.00494492519646883,0.013762414455413818,0.05940283462405205,0.016417909413576126,0.004818877205252647,0.031668735121546936,0.08419440350136662,0.09821812746549585,0.001330447529401763,0.05059454002940062
65535,1167,H1_45,0,0.0006223693490028381,0.07923668622970581,0.0004638147365767509,0.000486911681946367,0.0009299447992816567,0.003352724714204669,0.016417909413576126,0.00026969454484060407,1.0833185690284465e-06,0.06879156724318532,0.06996575946164378,6.65386418994075e-05,0.04606305984818676
65536,1167,H1_45,0,0.0042447904124855995,0.009840670973062515,0.006501426920294762,0.004315601661801338,0.002323969267308712,0.009656868875026703,0.016417909413576126,0.0026738871820271015,1.158757641594215e-05,0.06137057985092211,0.07850995398547972,0.0010088526384618368,0.04617362777106413
65537,1167,H1_45,0,0.00025160409859381616,0.02223893813788891,0.0002381494705332443,0.0004090506990905851,0.00517936609685421,0.00203038495965302,0.016417909413576126,0.00040002050809562206,6.532778092413895e-05,0.07328392448314884,0.03985679407493111,8.692996283906486e-05,0.04355761475342792
65539,1167,H1_45,0,0.009065045975148678,0.03359198197722435,0.012011396698653698,0.00822411011904478,0.009676406159996986,0.016908055171370506,0.016417909413576126,0.010880927555263042,0.002584061971258566,0.15930926204281182,0.12989275158055594,0.02125730390069376,0.0660191658031032
65543,1167,H1_45,0,0.10716844350099564,0.20424172282218933,0.060419417917728424,0.055905018001794815,0.014130311086773872,0.09984296560287476,0.016417909413576126,0.054625630378723145,4.539087413362581e-08,0.17218975183999688,0.16380905764610051,0.0380149259246931,0.0750544302011702
65545,1167,H1_45,0,0.020232664421200752,0.003308796091005206,0.04521816596388817,0.025420498102903366,0.02842482551932335,0.00950149167329073,0.28294676542282104,0.01458042673766613,0.04334204062908208,0.08933817760805476,0.0869879194092028,0.011041805132481946,0.05013087437137969
65546,1167,H1_45,0,0.1049019917845726,0.032151155173778534,0.11826472729444504,0.09501811116933823,0.10282223671674728,0.09844709932804108,0.28294676542282104,0.13367730379104614,0.22069816637112186,0.25854934245237343,0.22068715931165706,0.07787612827548526,0.10304895585049112
65547,1167,H1_45,0,0.00973503291606903,0.1181829422712326,0.004343103617429733,0.010182039812207222,0.04189636930823326,0.0032691473606973886,0.28294676542282104,0.013649867847561836,0.0018349984699624726,0.15932026189683618,0.12021696634166852,0.02247662427445617,0.06475852708064954
65549,1167,H1_45,0,0.004206112585961819,0.003977466840296984,0.005650070961564779,0.0031947840470820665,0.013616210781037807,0.008493623696267605,0.28294676542282104,0.0028318387921899557,0.0027759203328946262,0.08901977033982054,0.056335259029294545,0.0006219023292565697,0.04697705245623423
65551,1167,H1_45,0,0.011516581289470196,0.006147096399217844,0.003898591035977006,0.012097222730517387,0.028744203969836235,0.0027550063095986843,0.28294676542282104,0.008601650595664978,0.008210666573773456,0.10226888318563716,0.08072757557260203,0.0014908765712999808,0.05129006272928844
65552,1167,H1_45,0,0.02073133923113346,0.08246523886919022,0.01649792119860649,0.028397109359502792,0.12107767164707184,0.03868020698428154,0.28294676542282104,0.008066713809967041,0.05298185043280973,0.1283333003733507,0.11845617711543735,0.0032308379548060683,0.058698318348265714
65553,1167,H1_45,0,0.19851259887218475,0.06294159591197968,0.2132173776626587,0.19273589551448822,0.17190749943256378,0.3955945670604706,0.28294676542282104,0.14147907495498657,0.02434588342595957,0.15497961898744417,0.22051789031461347,0.09816966952510298,0.0849407328672882
65555,1167,H1_45,0,0.008520393632352352,0.012631864286959171,0.005412413273006678,0.004408039152622223,0.0012385300360620022,0.014888826757669449,0.28294676542282104,0.002580301370471716,2.6148685407079692e-05,0.1057025232689869,0.05182211795462014,0.0017323570587452304,0.04849285905022054
65556,1167,H1_45,0,0.007218926679342985,0.09312155097723007,0.006506620906293392,0.009053004905581474,0.027309903874993324,0.009273076429963112,0.28294676542282104,0.0075267101638019085,0.00949964903409997,0.11681316677287727,0.08473298926770331,0.0011289616282050196,0.05357245027056389
65557,1167,H1_45,0,0.24243858456611633,0.049698784947395325,0.18141551315784454,0.35567083954811096,0.06787804514169693,0.22310464084148407,0.28294676542282104,0.13315153121948242,0.028055866596517213,0.2287785257438854,0.20966502548216934,0.14452121950216032,0.09886841395219036
65558,1167,H1_45,0,0.02463022992014885,0.020302413031458855,0.01943025551736355,0.029560763388872147,0.016603725031018257,0.015377062372863293,0.28294676542282104,0.00846002995967865,1.6918154929560266e-05,0.10450887157156216,0.04786047781204305,0.0062449905688655,0.0481013640630032
65529,1167,H2_15,0,0.0014847315615043044,0.0033465404994785786,0.0027392751071602106,0.0014871293678879738,0.0011348287807777524,0.006207384169101715,0.026279311627149582,0.0016341630835086107,7.113271533081408e-08,0.005467320958721556,0.011083285183848372,0.00025942132258181393,0.03468499567249906
65530,1167,H2_15,0,0.00037716535734944046,0.006904942914843559,0.000461392046418041,0.00041645183227956295,0.016816193237900734,0.000415019370848313,0.026279311627149582,0.0004704038437921554,9.234872906112141e-05,0.05474709523655951,0.04424953875518119,0.00017390088603499743,0.04204713061495482
65531,1167,H2_15,0,0.0038025607354938984,0.014712879434227943,0.008103635162115097,0.006411705631762743,0.020336156710982323,0.0062017301097512245,0.026279311627149582,0.006128735840320587,0.10895538060217941,0.09262379401876902,0.058247015005285535,0.003908248532760225,0.04635038936429781
65532,1167,H2_15,0,0.0032860301434993744,0.1375361979007721,0.0025597712956368923,0.003348664613440633,0.05324693024158478,0.003944254480302334,0.026279311627149582,0.008363403379917145,0.00016591593416797124,0.06991592990814251,0.09382486046518305,0.0023118735181888585,0.048915210670807334
65533,1167,H2_15,0,0.010797221213579178,0.025053907185792923,0.014502855949103832,0.013908256776630878,0.013704976998269558,0.047563616186380386,0.026279311627149582,0.03237120807170868,8.86308617546569e-05,0.06921632919800863,0.12932119412808205,0.008275508870951704,0.053523447187581265
65535,1167,H2_15,0,0.0010329220676794648,0.015882689505815506,0.0012148844543844461,0.0008033644990064204,0.002100913319736719,0.001333220163360238,0.026279311627149582,0.001446068985387683,1.9419602161247578e-08,0.05845014633523559,0.06290560206211343,0.0009188759454975954,0.044255570014271474
65536,1167,H2_15,0,0.02257569320499897,0.09706565737724304,0.023306671530008316,0.009199658408761024,0.019610688090324402,0.013118807226419449,0.026279311627149582,0.012589002959430218,1.566197098995328e-08,0.07093999375594053,0.11266876227222138,0.002003864078523582,0.05123803071188402
65537,1167,H2_15,0,0.0005069370963610709,0.042104002088308334,0.0004783672629855573,0.0005653335829265416,0.005293544847518206,0.0011587660992518067,0.026279311627149582,0.0010178276570513844,2.3401190043905145e-05,0.06722265574772043,0.052188521062386306,0.0001557632657885766,0.04412640283853488
65538,1167,H2_15,0,0.010964524932205677,0.04980786517262459,0.009631655178964138,0.011218750849366188,0.04419031739234924,0.06296870857477188,0.009922224096953869,0.018880357965826988,6.784003232554545e-05,0.11231874342820246,0.13680985512532046,0.007864819263023137,0.059947221005762524
65541,1167,H2_15,0,0.010723870247602463,0.04149733856320381,0.014692571014165878,0.005315567832440138,0.026604274287819862,0.04456986114382744,0.009922224096953869,0.01982027478516102,0.0016558355568574877,0.10233417397950913,0.13893739348946424,0.002289415736345309,0.05875010992220664
65544,1167,H2_15,1,0.019154172390699387,0.2266225516796112,0.0196366049349308,0.011446776799857616,0.01895247958600521,0.02755623497068882,0.009922224096953869,0.040785014629364014,5.4353759336782396e-05,0.11882011875469214,0.15444121459083102,0.01542968027215949,0.0640413901595696
65545,1167,H2_15,0,0.005576087161898613,0.0005661955801770091,0.007970455102622509,0.008061663247644901,0.001192250638268888,0.009854643605649471,0.050180815160274506,0.0020599665585905313,3.746632006926832e-06,0.017419501040656742,0.02226671977777463,0.0008406837270954391,0.036614717004406605
65546,1167,H2_15,0,0.03772815316915512,0.030036602169275284,0.04417627304792404,0.04062018543481827,0.014378800988197327,0.03619227930903435,0.050180815160274506,0.06081696227192879,0.002616321286121378,0.20524516839912196,0.15193755522513552,0.0144685899522854,0.07927577384496577
65547,1167,H2_15,0,0.0076751369051635265,0.0538591593503952,0.0024229332339018583,0.007181677035987377,0.013475842773914337,0.00184830732177943,0.050180815160274506,0.007981585338711739,2.541718566001898e-07,0.15265432474868332,0.08520123476685405,0.003313198723101366,0.05875779229531585
65548,1167,H2_15,0,0.09854096919298172,0.008141549304127693,0.15017037093639374,0.1199420690536499,0.23214799165725708,0.3712453544139862,0.21624638140201569,0.06435808539390564,0.7743961991466747,0.15650713631161645,0.2025914225709799,0.037813712721466795,0.0652486657242181
65549,1167,H2_15,0,0.0019348225323483348,0.023254482075572014,0.0020886787679046392,0.002195316832512617,0.0021805602591484785,0.001852342626079917,0.050180815160274506,0.0018051689257845283,2.2868181967666994e-05,0.06991018759398954,0.05394139579595964,0.00015369401323625905,0.04460679267524827
65550,1167,H2_15,0,0.0029195051174610853,0.0708460807800293,0.005709389690309763,0.0034944205544888973,0.005263442639261484,0.014122460968792439,0.023063136264681816,0.004110430832952261,0.0004574521510785754,0.1609226865975872,0.10268272201553694,0.0010220214474730696,0.062158072507189945
65551,1167,H2_15,0,0.0021591370459645987,0.006679660640656948,0.0013181812828406692,0.0014997770776972175,0.002544957213103771,0.0007856059819459915,0.050180815160274506,0.0016179165104404092,0.0005060019522962724,0.10829408482167187,0.07271929636569043,0.0005602998807691537,0.051064705526492817
65552,1167,H2_15,0,0.0015700535150244832,0.0339575856924057,0.0013190247118473053,0.00133413914591074,0.012075149454176426,0.0050591337494552135,0.050180815160274506,0.0005420095403678715,7.996980050322173e-06,0.09755374833116684,0.08062704927705003,0.00028067028747489925,0.05059258750941947
65553,1167,H2_15,0,0.0750516802072525,0.03110319748520851,0.0980912521481514,0.09911908209323883,0.02093934267759323,0.10455846041440964,0.050180815160274506,0.019585298374295235,0.015127746017451716,0.0938859337088696,0.11746870359576121,0.009823911168648867,0.05475819593216361
65554,1167,H2_15,0,0.09658479690551758,0.21856370568275452,0.12025143206119537,0.07133302837610245,0.10117100179195404,0.07926471531391144,0.023063136264681816,0.1535656601190567,0.00023616075678827125,0.1548872186094689,0.14767105832702626,0.18587836263670507,0.07458853167184308
65557,1167,H2_15,0,0.026106800884008408,0.017107320949435234,0.033893827348947525,0.034017015248537064,0.03899269551038742,0.08387894928455353,0.050180815160274506,0.037118587642908096,9.909316165489124e-05,0.08090524211952661,0.12464477652783955,0.011420285220774824,0.054629648916630524
65529,1167,H2_30,0,0.0019053593277931213,0.0033465404994785786,0.0025329850614070892,0.002124473685398698,0.0020446591079235077,0.007110095117241144,0.0166165754199028,0.0025422885082662106,1.9188161463231518e-09,0.008349793897092258,0.016556550331184597,0.0002875299461867866,0.03537485079953998
65530,1167,H2_30,0,0.0002523026196286082,0.00043449565418995917,0.00046272086910903454,0.0001464910601498559,0.002094798255711794,0.0005345916724763811,0.0166165754199028,0.00020102715643588454,4.410409247121727e-07,0.037766475713963125,0.04687105619997277,5.21653064096936e-05,0.04058786580764379
65531,1167,H2_30,0,0.003662385977804661,0.015179930254817009,0.005742365028709173,0.00434468500316143,0.10261932015419006,0.013604655861854553,0.0166165754199028,0.012162010185420513,0.039299984796633124,0.11324699538280468,0.08828491774197027,0.004266082365763864,0.05324439029219764
65532,1167,H2_30,0,0.0010346471099182963,0.0039228592067956924,0.0017986780731007457,0.0007415122236125171,0.012538837268948555,0.001712834695354104,0.0166165754199028,0.0007943370728753507,0.0009057954223638966,0.07129432525429776,0.05673859522373265,0.00010118413693760828,0.04500230617601115
65533,1167,H2_30,0,0.005926280282437801,0.002003695582970977,0.015463531017303467,0.010825722478330135,0.012363034300506115,0.031212933361530304,0.0166165754199028,0.012589411810040474,0.00015844324466699806,0.054621778640497505,0.1018630049726408,0.004111624733615906,0.048115739941203085
65537,1167,H2_30,0,9.633941226638854e-05,0.0007644718862138689,8.914661884773523e-05,8.46358816488646e-05,0.0005598811549134552,0.00042550431680865586,0.0166165754199028,9.958130249287933e-05,3.743795401163874e-07,0.05211716726610342,0.019339785576388883,4.299143789473805e-05,0.039513702567979196
65538,1167,H2_30,0,0.009784882888197899,0.05995281785726547,0.01078514289110899,0.00974925234913826,0.012158086523413658,0.030225254595279694,0.005358711816370487,0.021902495995163918,1.7189695335890944e-05,0.12050164767012317,0.11606347241468279,0.006530281087817294,0.05850634663714203
65540,1167,H2_30,0,0.26575759053230286,0.2654706537723541,0.17397788166999817,0.17906521260738373,0.35552287101745605,0.34322479367256165,0.006901654414832592,0.34108057618141174,0.0038349863383147203,0.12858341423149341,0.19986579001181745,0.32518945614657085,0.08830165521655597
65541,1167,H2_30,0,0.005955592263489962,0.035201046615839005,0.007572775240987539,0.005852867849171162,0.0023338599130511284,0.0685766339302063,0.005358711816370487,0.002710138913244009,0.00034720037081148485,0.05987942756958649,0.08729580379375027,0.0009422380849995307,0.04691221509575596
65542,1167,H2_30,0,0.054259076714515686,0.7886286973953247,0.035308051854372025,0.017662283033132553,0.23443935811519623,0.3324563801288605,0.018728308379650116,0.08593198657035828,0.6070810116385718,0.16084491757278666,0.18605992443649694,0.028981441584804268,0.06685146998971357
65544,1167,H2_30,0,0.027493605390191078,0.18573379516601562,0.028864089399576187,0.023765863850712776,0.027184057980775833,0.01200862880796194,0.005358711816370487,0.01862202398478985,0.00012778872913389165,0.13965331487716087,0.13068761425751496,0.007806007479881891,0.06320103526368305
65545,1167,H2_30,0,0.01825743541121483,0.0014002089155837893,0.03005714900791645,0.03140977770090103,0.00847396906465292,0.015483500435948372,0.013237413950264454,0.010226274840533733,0.002070706628407739,0.05889076463493868,0.06535352042121391,0.004503912347991725,0.044742441741819905
65546,1167,H2_30,0,0.009014343842864037,0.006935346405953169,0.025410640984773636,0.010481932200491428,0.015167809091508389,0.02012662962079048,0.013237413950264454,0.018966613337397575,0.0017113382163128773,0.13983459758599578,0.12463146220748669,0.0022449460302886763,0.06234052235644875
65547,1167,H2_30,0,0.0033231195993721485,0.013679899275302887,0.003039970528334379,0.0013434489956125617,0.0042536212131381035,0.0022060794290155172,0.013237413950264454,0.0029080703388899565,1.3159184615150618e-05,0.09817085697027107,0.0589023636459726,0.001551341523745719,0.04836050838664572
65548,1167,H2_30,0,0.011495999991893768,0.026334406808018684,0.02277323789894581,0.015499651432037354,0.008491511456668377,0.024411741644144058,0.12789352238178253,0.01144312508404255,0.07381576192552332,0.08058909206739588,0.10007076301513389,0.002285588810791076,0.0499564556892254
65549,1167,H2_30,0,0.00306738936342299,0.004597118124365807,0.002561317989602685,0.0013860902981832623,0.0017564469017088413,0.0005787767586298287,0.013237413950264454,0.001471510506235063,1.5729230293583555e-05,0.04177595043372375,0.04870560067270444,0.0003096580700627825,0.04117866207780041
65550,1167,H2_30,0,0.0011878114892169833,0.00792456604540348,0.0012466670013964176,0.0010420117760077119,0.0014651553938165307,0.010128489695489407,0.03234349563717842,0.0004597467777784914,8.590208213309453e-05,0.07000890702545569,0.03623914526525559,6.97773184411151e-05,0.04286551120065971
65551,1167,H2_30,0,0.0001869052939582616,0.03542099893093109,0.00024843207211233675,0.0004000758344773203,0.004251458682119846,0.0001493430172558874,0.013237413950264454,0.0009492894751019776,2.376940051542807e-06,0.06996237670701033,0.0655390124844719,0.0001331898948616494,0.04575789715771681
65552,1167,H2_30,0,0.00018375864601694047,0.0024148456286638975,0.00019275277736596763,0.00011837649071821943,0.004784367512911558,0.0008689185488037765,0.013237413950264454,0.00012120925384806469,1.6794793767031754e-05,0.050103730820420314,0.03889663602125057,3.631743599471372e-05,0.041075571771246676
65554,1167,H2_30,0,0.011592716909945011,0.11528351902961731,0.01232400443404913,0.01561916433274746,0.021830283105373383,0.02588912472128868,0.03234349563717842,0.02411917969584465,6.497668143337245e-07,0.10740345326411722,0.10088086718799913,0.015553033876348129,0.054943572988607435
65557,1167,H2_30,0,0.05491870269179344,0.005687772762030363,0.07839632779359818,0.05269238352775574,0.022771472111344337,0.13638068735599518,0.013237413950264454,0.04883110895752907,7.18968700307445e-08,0.06724992151252296,0.09350420594651881,0.024528129119098217,0.049743115099424896
65560,1167,H2_30,0,0.028555935248732567,0.532647967338562,0.037242088466882706,0.021778341382741928,0.030261384323239326,0.056103210896253586,0.05985270068049431,0.07038373500108719,0.7922104684466468,0.08443723242746479,0.14286093667294325,0.025933382943083134,0.04747854176245378
39879,1169,H1_15,0,0.0007169555174186826,0.0013170300517231226,0.0005453660269267857,0.0010972128948196769,0.0012996230507269502,0.0011716845910996199,0.5119479298591614,0.0003473958058748394,0.00010752923929214219,0.006092478954391933,0.003601948222176363,6.878019965432727e-05,0.030678612715761545
39880,1169,H1_15,0,0.0009706341661512852,0.012925637885928154,0.001380585483275354,0.0016017700545489788,0.005640991032123566,0.0015760688111186028,0.5119479298591614,0.002096805488690734,0.032954809774013175,0.04876835592318214,0.05850028275944579,0.0005340875615506833,0.03883126332500504
39881,1169,H1_15,0,0.010544969700276852,0.02871536836028099,0.018837889656424522,0.009439320303499699,0.04964863508939743,0.018529798835515976,0.5119479298591614,0.015392259694635868,0.9062832084478246,0.08307636629153659,0.0769635168781017,0.004318724843885309,0.03291420970626158
39882,1169,H1_15,0,0.04498109593987465,0.011096757836639881,0.05750490725040436,0.05914771929383278,0.12765048444271088,0.06848626583814621,0.5119479298591614,0.03716517612338066,0.1922601033205033,0.07667526651901489,0.21000950379054423,0.0037863084777626996,0.06437009306912918
39884,1169,H1_15,0,0.2181374728679657,0.08600442111492157,0.23877312242984772,0.3177875876426697,0.459263414144516,0.21374589204788208,0.5119479298591614,0.2780320942401886,0.6716573558363014,0.29105886707317785,0.2734787656692902,0.09615138214561937,0.09668894598004825
39885,1169,H1_15,0,0.0030330978333950043,0.7803004384040833,0.00306866061873734,0.0021267991978675127,0.005591475870460272,0.009704232215881348,0.5119479298591614,0.005430668592453003,0.012292043632715249,0.09377082909966314,0.06316535979644547,0.004784791963220469,0.04363978873424879
39887,1169,H1_15,0,0.6638016104698181,0.5089556574821472,0.7890799641609192,0.6037973165512085,0.4543053209781647,0.7227014303207397,0.5119479298591614,0.6117709279060364,0.8550529370318325,0.4313632439280236,0.46675562069146076,0.5928392883780947,0.2271117208940717
39888,1169,H1_15,0,0.5435514450073242,0.1608058214187622,0.6343680620193481,0.5829778909683228,0.09204188734292984,0.43063482642173767,0.5119479298591614,0.35640472173690796,0.6975759205850953,0.5051411672697782,0.43868985584555137,0.26978195834504076,0.26643199958623176
39890,1169,H1_15,0,0.15376071631908417,0.38076043128967285,0.17792551219463348,0.14351876080036163,0.11108212918043137,0.1698530912399292,0.5119479298591614,0.15661165118217468,0.34796668830031924,0.42958494963460075,0.4671031172012432,0.0640456593307304,0.3039939024486842
39891,1169,H1_15,0,0.014916407875716686,0.02216854691505432,0.004838824272155762,0.010351583361625671,0.002365042455494404,0.021969132125377655,0.5119479298591614,0.0030637227464467287,0.020937738945943578,0.0849359939138183,0.07497114007959084,0.0017919610753016502,0.04437221054174806
39892,1169,H1_15,0,0.22372014820575714,0.2420303076505661,0.13878054916858673,0.38221973180770874,0.03508724644780159,0.7267590165138245,0.5119479298591614,0.18221008777618408,0.37691034165554,0.26023604185003985,0.24075977623338515,0.10336121719151484,0.09612306814667766
39893,1169,H1_15,0,0.0006639588973484933,0.0013170300517231226,0.0004398768942337483,0.0008255099528469145,0.000820841989479959,0.0008023626869544387,0.04963430389761925,0.0002400839002802968,3.591451181336428e-05,0.0,0.0010313519648177047,3.1256602960705454e-05,0.030103755542467654
39894,1169,H1_15,0,0.0007197092054411769,0.030603677034378052,0.0012800197582691908,0.0008434986812062562,0.003053093096241355,0.0018656408647075295,0.04963430389761925,0.0020250913221389055,0.02934713712062522,0.07439846527095335,0.03455577657485387,0.0012908194393689244,0.0380684050689128
39895,1169,H1_15,0,0.0003207180998288095,0.18607452511787415,0.0005275681614875793,0.0003882120654452592,0.006721957586705685,0.0002898901584558189,0.04963430389761925,0.0004946477711200714,0.005421245398048248,0.055843263452934444,0.034090786161943595,0.0003722719880778927,0.03694226448959708
39896,1169,H1_15,0,0.0040861135348677635,0.1114015281200409,0.0035638720728456974,0.0017248030053451657,0.0034338487312197685,0.008152268826961517,0.04963430389761925,0.0016244155121967196,0.006748161314739562,0.038555972754712904,0.021574914344318085,0.0005199079781929426,0.03434285438438971
39897,1169,H1_15,0,0.009428665973246098,0.129884734749794,0.014514494687318802,0.014455017633736134,0.010119372047483921,0.042965807020664215,0.04963430389761925,0.00858414638787508,0.058684367768584225,0.020232845199243805,0.01235112982253269,0.0025253293543578185,0.0316459061211296
39899,1169,H1_15,0,0.008835888467729092,0.11810409277677536,0.02037864178419113,0.00878815446048975,0.02173650823533535,0.036589447408914566,0.04963430389761925,0.014290574938058853,0.6837638920011342,0.11669435930982447,0.09553578635947074,0.006376632952995209,0.03935594453097561
39900,1169,H1_15,0,0.15596593916416168,0.006094193551689386,0.10650073736906052,0.15820078551769257,0.06712768971920013,0.07991141080856323,0.04963430389761925,0.11855477839708328,0.11551845772459983,0.14979733941268936,0.19578246067898022,0.08128222798522415,0.07352695670749067
39902,1169,H1_15,0,0.02121518738567829,0.2486058920621872,0.008824278600513935,0.023294486105442047,0.07039263099431992,0.013706310652196407,0.04963430389761925,0.03128715977072716,0.6669314397105396,0.17154857355726402,0.12464879518610494,0.005385744389003458,0.047788015401209284
39903,1169,H1_15,0,0.6528124213218689,0.7600064873695374,0.7874121069908142,0.831554651260376,0.8205876350402832,0.7177438139915466,0.04963430389761925,0.9021567702293396,0.9869826498163432,0.40517618826068874,0.2775970626150891,0.9401661198617592,0.10808444953339695
39905,1169,H1_15,0,0.06202578917145729,0.32775652408599854,0.08868015557527542,0.1799747347831726,0.3712941110134125,0.15655943751335144,0.04963430389761925,0.2972297668457031,0.5814044023249287,0.24710182951210252,0.19884170104415205,0.2606832766744336,0.07151633604631488
39906,1169,H1_15,0,0.0011043371632695198,0.20446136593818665,0.0009564533247612417,0.0008655446581542492,0.004451945424079895,0.001396169769577682,0.04963430389761925,0.003945924341678619,0.008238043776263911,0.02845816297505937,0.009932602675934975,0.0008831851646452147,0.03250934947219735
39879,1169,H1_30,0,0.00017442056559957564,0.008233238942921162,0.0001629676262382418,0.000192394174518995,0.0010543629759922624,0.00033852196065708995,0.38981014490127563,0.00013911284622736275,0.0005614462820529482,0.001425206124852768,0.00467182229883505,3.273467014715577e-05,0.030489442424595736
39880,1169,H1_30,0,0.0017530224286019802,0.03343765065073967,0.0010272220242768526,0.000529249373357743,0.0034712543711066246,0.000863683526404202,0.38981014490127563,0.0005140622961334884,0.009184525339884009,0.010231229544918202,0.013838611713163225,5.677227573028488e-05,0.031735266605818095
39881,1169,H1_30,0,0.003914250992238522,0.03318564221262932,0.009754732251167297,0.003159382613375783,0.008752902038395405,0.006530027836561203,0.38981014490127563,0.006117607466876507,0.2444078864131129,0.053475369888205185,0.056271470381333594,0.0016639850716294187,0.03602174268011036
39882,1169,H1_30,0,0.002477593719959259,0.016757365316152573,0.006039055529981852,0.0041322410106658936,0.01568247377872467,0.004956386052072048,0.38981014490127563,0.003695092163980007,0.4026488319860619,0.07525542159378423,0.06945255604159324,0.0049235556343158685,0.037089933013022484
39884,1169,H1_30,0,0.18809188902378082,0.04456794261932373,0.25605377554893494,0.19917772710323334,0.10198509693145752,0.4364018142223358,0.38981014490127563,0.27991852164268494,0.8643801469335431,0.24986993251565462,0.23857102390047183,0.2929766238150367,0.07398403188182405
39885,1169,H1_30,0,0.0030793093610554934,0.16496439278125763,0.007281849160790443,0.002746637212112546,0.0029617920517921448,0.014684268273413181,0.38981014490127563,0.004133390728384256,0.04315973798982967,0.053434407841263375,0.044228437350468,0.0013888023325327446,0.03735257628890216
39887,1169,H1_30,0,0.13012443482875824,0.6741927862167358,0.10712285339832306,0.20946429669857025,0.6492716670036316,0.05065188184380531,0.38981014490127563,0.21272189915180206,0.1790688138761352,0.20619141195473512,0.20782579180050165,0.18693760804372486,0.082999194162387
39888,1169,H1_30,0,0.2410418689250946,0.5152440071105957,0.1316995918750763,0.25002428889274597,0.2801162302494049,0.4209175109863281,0.38981014490127563,0.36266204714775085,0.46837515125806545,0.3210728616795126,0.3131916921430278,0.1980556362536717,0.13172541818794967
39890,1169,H1_30,0,0.22176429629325867,0.1050671637058258,0.18401335179805756,0.27135011553764343,0.052070796489715576,0.10633328557014465,0.38981014490127563,0.22776052355766296,0.5088164332287417,0.21933911858068966,0.28655753619784563,0.07949642745676447,0.0957506909152797
39891,1169,H1_30,0,0.007611911278218031,0.023199118673801422,0.008227121084928513,0.008499404415488243,0.0410863421857357,0.005083190277218819,0.38981014490127563,0.0061426227912306786,0.19699096101377897,0.05688845382942616,0.07364056688899143,0.006869544556323941,0.038903598819251005
39892,1169,H1_30,0,0.014817866496741772,0.009353600442409515,0.034714534878730774,0.04016776755452156,0.020549481734633446,0.0319666787981987,0.38981014490127563,0.0529477521777153,0.6837625278285374,0.1019171695169033,0.06260394094432178,0.02518345030505175,0.03475279019356889
39893,1169,H1_30,0,0.003459544852375984,0.0007650782936252654,0.002873209770768881,0.004773398395627737,0.005054980982095003,0.010754675604403019,0.04279837757349014,0.002872721990570426,0.005045245191104427,0.040992223230151045,0.03914112571406583,0.0010078901977752873,0.036379312514976204
39894,1169,H1_30,0,0.009123032912611961,0.09081895649433136,0.006270095705986023,0.0032736125867813826,0.018063347786664963,0.005494085140526295,0.04279837757349014,0.0035972222685813904,0.06106973825134438,0.03872579074124646,0.03891263833557218,0.00118705033739945,0.03545736283494156
39895,1169,H1_30,0,0.0007222582935355604,0.026310250163078308,0.0012558893067762256,0.0005316656897775829,0.05604219809174538,0.0005303654470480978,0.04279837757349014,0.0007797657744958997,0.007840202901956642,0.02056056540802279,0.014707485416297843,0.000390332722664959,0.032481810493675885
39896,1169,H1_30,0,0.0021893938537687063,0.3124212622642517,0.0020302257034927607,0.0008728801039978862,0.005595679860562086,0.003020455362275243,0.04279837757349014,0.001676473068073392,0.0012061062847884216,0.03565949448214657,0.022799953268256647,0.00015429739492181196,0.03433003611725259
39897,1169,H1_30,0,0.0018405644223093987,0.009277602657675743,0.0017851482843980193,0.0019145190017297864,0.0008337715989910066,0.017183078452944756,0.04279837757349014,0.0011420469963923097,0.00019012058828258508,0.009963096624081978,0.007106806171843657,0.0003011837574998982,0.031208664949998837
39899,1169,H1_30,0,0.00462376931682229,0.03509210795164108,0.0036146182101219893,0.0020499504171311855,0.0011930360924452543,0.010077363811433315,0.04279837757349014,0.004933507181704044,0.04155469327772447,0.05585949085520724,0.03323811746514205,0.0021755506409179095,0.03633021623602491
39900,1169,H1_30,0,0.10158538073301315,0.30531731247901917,0.11401678621768951,0.23105016350746155,0.19274860620498657,0.15067987143993378,0.04279837757349014,0.2858635485172272,0.003031904709161557,0.1296109658456922,0.17554722552166604,0.16438973204658713,0.06560811676977933
39902,1169,H1_30,0,0.08471234142780304,0.27135393023490906,0.020468100905418396,0.01891605369746685,0.06427273154258728,0.11279495805501938,0.04279837757349014,0.020559819415211678,0.384736902972095,0.2549653567660336,0.18523055114813444,0.0086297326539627,0.08015767177242823
39903,1169,H1_30,0,0.3213876187801361,0.2571060061454773,0.4789624512195587,0.3428659737110138,0.34838932752609253,0.6002027988433838,0.04279837757349014,0.6914985179901123,0.7850035246099226,0.2610755081239982,0.24560889589642082,0.5831322281621046,0.07565114795044932
39905,1169,H1_30,0,0.18784791231155396,0.10000072419643402,0.10730896890163422,0.17857323586940765,0.1440955549478531,0.10424236953258514,0.04279837757349014,0.13877752423286438,0.3559305451613264,0.2658685887678207,0.23196714573945718,0.054754384998859394,0.09620376220313341
39906,1169,H1_30,0,0.0009230086579918861,0.006525073666125536,0.0013967488193884492,0.0008879280067048967,0.0014431772287935019,0.001774535863660276,0.04279837757349014,0.0008316989988088608,0.001970405812475833,0.010413370506282221,0.0036837681519098033,0.0004135421999792438,0.030924367845025325
39879,1169,H1_45,0,0.0003220635117031634,0.0016144741093739867,0.0002966752217616886,0.00020359385234769434,0.0011427031131461263,0.000419911986682564,0.23979905247688293,0.00024335162015631795,4.369269345545853e-05,0.006055547803446729,0.010588542218828925,0.0002071326883860523,0.03128642307750701
39880,1169,H1_45,0,0.0007792246178723872,0.01937566138803959,0.0005349171697162092,0.0003056736895814538,0.00711600249633193,0.0013138032518327236,0.23979905247688293,0.00035050607402808964,0.0044066778724981956,0.01592898017309366,0.012381358188422963,5.5373442007912144e-05,0.032012243473057624
39881,1169,H1_45,0,0.000921497237868607,0.1826372742652893,0.002455528359860182,0.0007784957415424287,0.0156421959400177,0.005092627834528685,0.23979905247688293,0.0020932217594236135,0.10133052113672594,0.045599429237843984,0.039306629812433325,0.0008702704998398375,0.03549891604885228
39882,1169,H1_45,0,0.001361909438855946,0.005602056626230478,0.001718904240988195,0.004025598987936974,0.013495495542883873,0.002166685415431857,0.23979905247688293,0.0038598014507442713,0.1552806298686638,0.06029240015733342,0.04977558299452786,0.00034306900061933053,0.036971999476155364
39884,1169,H1_45,0,0.429175466299057,0.05648167058825493,0.4277326166629791,0.5664841532707214,0.383035272359848,0.34151944518089294,0.23979905247688293,0.5022558569908142,0.8985267256219065,0.3027827735323542,0.26853188009005036,0.47521178565811834,0.08737399609212353
39885,1169,H1_45,0,0.006470031104981899,0.019602632150053978,0.0036709043197333813,0.006339164916425943,0.04145055264234543,0.0015869447961449623,0.23979905247688293,0.004169876221567392,0.006731559065843571,0.05672504199816629,0.057471199337726965,0.0017996823007284607,0.03973336417255723
39887,1169,H1_45,0,0.027584584429860115,0.20202307403087616,0.048591937869787216,0.09881888329982758,0.2096705585718155,0.08851872384548187,0.23979905247688293,0.13444027304649353,0.9465584832315587,0.23344593117947932,0.22182236572523803,0.054428515559504946,0.06484596476318079
39888,1169,H1_45,0,0.23742365837097168,0.14838936924934387,0.1710936278104782,0.18940392136573792,0.034815333783626556,0.2572489082813263,0.23979905247688293,0.1644904762506485,0.9368491905810673,0.2081928374861413,0.22384895123496748,0.025097430161762628,0.06110474713827612
39890,1169,H1_45,0,0.3314729928970337,0.8400941491127014,0.4758312404155731,0.34060633182525635,0.22938817739486694,0.1713429093360901,0.23979905247688293,0.4680517017841339,0.2652548929830619,0.32931378787598875,0.359379453003168,0.5623090649171588,0.17649869943835414
39891,1169,H1_45,0,0.006413887720555067,0.005057603120803833,0.025398215278983116,0.020483732223510742,0.13926658034324646,0.0034298566170036793,0.23979905247688293,0.045731332153081894,0.7515675138590262,0.062046761115796774,0.06377723535426424,0.016243001084080975,0.03174834104607474
39892,1169,H1_45,0,0.011859176680445671,0.07487266510725021,0.024024350568652153,0.022674767300486565,0.050980694591999054,0.01739472523331642,0.23979905247688293,0.030830977484583855,0.5661449798594146,0.12715158467098717,0.10473046009637813,0.009423304036527566,0.04273599661310166
39893,1169,H1_45,0,0.004193561151623726,0.0006088869413360953,0.0029696812853217125,0.004540286958217621,0.0010841649491339922,0.03566533699631691,0.053008731454610825,0.0014712315751239657,0.00012498687778672338,0.010362417774729972,0.030073757837512857,0.0006906112645222231,0.033362929612660665
39894,1169,H1_45,0,0.0026041127275675535,0.012943980284035206,0.002644770313054323,0.0020513555500656366,0.007515785750001669,0.006552598904818296,0.053008731454610825,0.0006732684560120106,0.002718543912284321,0.029259101201528748,0.023227312306568822,0.00022420930015882022,0.03393110089246407
39895,1169,H1_45,0,0.0007367911166511476,0.002810834674164653,0.0007004534127190709,0.00041853406582958996,0.005143150221556425,0.000729920866433531,0.053008731454610825,0.0004043874505441636,0.04128006844510149,0.04323593035032362,0.024310514814405843,5.8039912352195973e-05,0.03453724207256984
39896,1169,H1_45,0,0.016507061198353767,0.31680718064308167,0.008295378647744656,0.009763156063854694,0.3493120074272156,0.008042589761316776,0.053008731454610825,0.02219998650252819,0.023784541582548172,0.09771140231673597,0.07572965864075197,0.003488033140820136,0.045364405630775394
39897,1169,H1_45,0,0.017746377736330032,0.04578360542654991,0.020036064088344574,0.011814968660473824,0.02631586417555809,0.0053114816546440125,0.053008731454610825,0.04099729657173157,0.012111271928255991,0.060277308713606516,0.026639309244151414,0.007083444286704344,0.035920297827742025
39899,1169,H1_45,0,0.008043278008699417,0.027680106461048126,0.004842499736696482,0.005285255610942841,0.019560344517230988,0.0054145874455571175,0.053008731454610825,0.007092727348208427,0.04111276873889226,0.11328587748895297,0.09158751546979628,0.0011857036493535548,0.0493577586367136
39900,1169,H1_45,0,0.03218400850892067,0.07389695197343826,0.08055994659662247,0.08883658051490784,0.09213992953300476,0.23316429555416107,0.053008731454610825,0.1830381602048874,0.0010478954734093858,0.16431674975843763,0.2318265055265119,0.12493036085989624,0.09149278530924994
39902,1169,H1_45,0,0.003890453139320016,0.03492765873670578,0.001388124655932188,0.00591924786567688,0.01631733402609825,0.001966067124158144,0.053008731454610825,0.0029491784516721964,0.18401730113731443,0.16696631482083849,0.10851559228850023,0.0014084193108247303,0.05524455583304529
39903,1169,H1_45,0,0.16375742852687836,0.15570510923862457,0.13130339980125427,0.08734620362520218,0.18061098456382751,0.14345121383666992,0.053008731454610825,0.14074468612670898,0.940379083044688,0.19494509215585212,0.28831100150781386,0.079815901154432,0.07562880594004433
39905,1169,H1_45,0,0.0640227422118187,0.05990196391940117,0.08994147926568985,0.12294469773769379,0.046179309487342834,0.07387090474367142,0.053008731454610825,0.1930002123117447,0.17965640984651218,0.17747434618294833,0.15799192201721765,0.09049267976922372,0.06413253961697635
39906,1169,H1_45,0,0.006295057479292154,0.18803764879703522,0.005270833149552345,0.0013825090136379004,0.029511498287320137,0.0009504614863544703,0.053008731454610825,0.004627525806427002,0.00026325872451125464,0.09090569888529115,0.0755691153514356,0.0007240622161268933,0.045387137331209276
39879,1169,H2_15,0,0.0002038150851149112,0.0003044393961317837,0.00018385029397904873,0.00016627467994112521,0.0003399768902454525,0.00046799334813840687,0.18759633600711823,8.956370584201068e-05,3.0463720024757314e-06,0.0,0.0,4.084326306817443e-05,0.030020086293582594
39880,1169,H2_15,0,0.004298097919672728,0.03277256712317467,0.002134684706106782,0.002917167032137513,0.008035806007683277,0.012353465892374516,0.18759633600711823,0.001997667830437422,0.014417071386595823,0.0384217187427225,0.04214386191520259,0.0010726524535998468,0.03640745076405356
39881,1169,H2_15,0,0.006373999640345573,0.020694637671113014,0.008136275224387646,0.005500565283000469,0.022747905924916267,0.012320145033299923,0.18759633600711823,0.0030861939303576946,0.0003297779674047214,0.09528585957311274,0.0650464050318396,0.001106280990173871,0.044268454371484
39882,1169,H2_15,0,0.0015347528969869018,0.0027494009118527174,0.0012170636327937245,0.0019818972796201706,0.009945832192897797,0.0016297951806336641,0.18759633600711823,0.001211569644510746,0.02127061351568531,0.026580695709319545,0.048753304254839674,0.00012998958716978556,0.03617263981732555
39884,1169,H2_15,0,0.19279998540878296,0.020414836704730988,0.15652437508106232,0.22524432837963104,0.08420571684837341,0.42675280570983887,0.18759633600711823,0.17301325500011444,0.27949908766071335,0.11274199766016944,0.17021906312124038,0.13452252134795545,0.05636790222515983
39885,1169,H2_15,0,0.0017241841414943337,0.007949808612465858,0.0006156241288408637,0.0011184120085090399,0.0008406357956118882,0.003340872237458825,0.18759633600711823,0.0003572491114027798,0.0005169764763832626,0.03520981019563116,0.026387456964413036,0.0002666622444404615,0.03468901783987868
39887,1169,H2_15,0,0.0045964764431118965,0.04506096988916397,0.0071237958036363125,0.005956515669822693,0.012594230473041534,0.006806874182075262,0.18759633600711823,0.009968433529138565,0.12426275147700723,0.08289641922604715,0.07743664940504826,0.005468383309989747,0.04263567089411865
39888,1169,H2_15,0,0.17026633024215698,0.0685364156961441,0.20504526793956757,0.24608637392520905,0.0414523147046566,0.07811027765274048,0.18759633600711823,0.06769619882106781,0.1602651457892038,0.08788040729704666,0.14190065600034146,0.009077427247686426,0.05167342063486654
39889,1169,H2_15,0,0.4724588990211487,0.20972582697868347,0.5044249296188354,0.4540161192417145,0.35975217819213867,0.7855967283248901,0.12410340458154678,0.4198627769947052,0.4193646815331349,0.1490041332418003,0.24581144902701324,0.2833477917877986,0.0706662463140726
39891,1169,H2_15,0,0.0038894021417945623,0.0069062672555446625,0.0018928967183455825,0.0034160041250288486,0.017874978482723236,0.0032105776481330395,0.18759633600711823,0.0030689891427755356,0.07432123404436307,0.03243272432577089,0.06580162222043845,0.0009759122077832085,0.037802737326509184
39892,1169,H2_15,0,0.011008445173501968,0.023300636559724808,0.01051445584744215,0.008208909071981907,0.06630250066518784,0.021391035988926888,0.18759633600711823,0.007960458286106586,0.44515747978162934,0.08005766904741693,0.07016112790957138,0.004055693374286638,0.03692766776131816
39893,1169,H2_15,0,0.0021933463867753744,0.000577472266741097,0.0017804064555093646,0.0031651214230805635,0.0006845209281891584,0.03436920419335365,0.018284261226654053,0.0014166097389534116,0.00023675303090297912,0.005576176437868505,0.024113836389601222,0.0006801489723023809,0.03247758925365504
39894,1169,H2_15,0,0.003037804737687111,0.01614469103515148,0.007700068410485983,0.0022022202610969543,0.025615651160478592,0.002250870456919074,0.018284261226654053,0.00501289265230298,0.011646653512313757,0.02767037650692918,0.022207680665968635,0.0011756782721301811,0.033578582171492906
39895,1169,H2_15,0,0.00031566101824864745,0.0032429625280201435,0.0007094411412253976,0.00021282464149408042,0.007683287374675274,0.00043593504233285785,0.018284261226654053,0.0006100624450482428,0.00016464701163396728,0.02213464667046935,0.0059382361512592095,8.784018903524765e-05,0.031859873585877906
39896,1169,H2_15,0,0.0009928453946486115,0.03327229619026184,0.0011816611513495445,0.0011632406385615468,0.0038970154710114002,0.0007462984067387879,0.018284261226654053,0.0010202402481809258,0.0026534294730238446,0.03520423390750351,0.031045765792616916,0.0005104374329518701,0.035139504531153866
39897,1169,H2_15,0,0.0007848312379792333,0.01207838486880064,0.0008704026695340872,0.000631708069704473,0.004408522509038448,0.0009601003839634359,0.018284261226654053,0.0011013336479663849,0.00046138152062968733,0.008787301528219417,0.011195500208737512,0.00043900394311842525,0.03149696186385444
39899,1169,H2_15,0,0.0023908300790935755,0.05698973312973976,0.004249898716807365,0.001933084917254746,0.012806623242795467,0.004313166253268719,0.018284261226654053,0.002269803313538432,0.01627962118764297,0.0440236565695391,0.04695281081728788,0.00038658541567523674,0.03733427134713657
39900,1169,H2_15,0,0.007184309884905815,0.009981086477637291,0.008512308821082115,0.010165050625801086,0.015617400407791138,0.02492442913353443,0.018284261226654053,0.013631345704197884,0.0008309688619262599,0.0776644197710957,0.07073849215611251,0.0037246334319687257,0.04330751627196267
39901,1169,H2_15,0,0.0008816245826892555,0.25579705834388733,0.002104726620018482,0.0012104626512154937,0.0033905403688549995,0.0009586433880031109,0.0080364178866148,0.005531218368560076,0.3823075422589428,0.1029904261930699,0.07193802595763985,0.0018847162060524859,0.03968424791823479
39903,1169,H2_15,0,0.012845860794186592,0.07059679925441742,0.00676618330180645,0.008604020811617374,0.003054969012737274,0.0357329435646534,0.018284261226654053,0.007153932936489582,0.02727015989067813,0.07939336522401592,0.09877125339001637,0.0028325457737446514,0.04731163835256496
39905,1169,H2_15,0,0.057149503380060196,0.12529775500297546,0.10163933038711548,0.06492381542921066,0.04699551314115524,0.11642979085445404,0.018284261226654053,0.14119963347911835,0.18707408565078648,0.15333358542427478,0.17198317103213187,0.025368869087259716,0.06429082046912922
39906,1169,H2_15,0,0.0002836239291355014,0.024710552766919136,0.0006916383863426745,0.00023450737353414297,0.005287574604153633,0.001568428473547101,0.018284261226654053,0.00034070058609358966,0.0020202537844563498,0.06484489090675966,0.025421160007546288,8.263625803158538e-05,0.0366944583351509
39879,1169,H2_30,0,0.00012088271614629775,0.00018350983737036586,0.00012420961866155267,9.776069782674313e-05,0.0010056979954242706,0.00038221702561713755,0.03528059273958206,0.00010178947559325024,5.478840697602907e-07,0.0,0.0010623962503661752,5.4214946339807075e-05,0.030108286159074026
39880,1169,H2_30,0,0.00655258959159255,0.007323835510760546,0.007940334267914295,0.002832859754562378,0.0023977055680006742,0.02062307484447956,0.03528059273958206,0.0023513908963650465,0.02144814762949686,0.02745400374397071,0.054011143863851425,0.0021505410375056108,0.036826602868362375
39881,1169,H2_30,0,0.0013883928768336773,0.01836576499044895,0.0027663863729685545,0.0008157285628840327,0.007396576926112175,0.011939546093344688,0.03528059273958206,0.0008097188547253609,0.00048488238625827527,0.0501966776323794,0.04301014000235494,0.0004107462747787998,0.03759360828730018
39882,1169,H2_30,0,0.0005474769277498126,0.0007643779972568154,0.0004964699619449675,0.0005409906734712422,0.001821994548663497,0.0007968870922923088,0.03528059273958206,0.0009671402513049543,0.003245856156538277,0.030383819684722067,0.039051851058284445,0.00021265035827554502,0.03563490057099249
39884,1169,H2_30,0,0.03821968287229538,0.01599247194826603,0.0627121850848198,0.02808195725083351,0.0317169688642025,0.27401915192604065,0.03528059273958206,0.06553515791893005,0.31619977497204926,0.12890773091949556,0.17127929306018067,0.0731309305120339,0.059130109254318476
39885,1169,H2_30,0,0.0012716007186099887,0.01899178884923458,0.0014893471961840987,0.001276524504646659,0.010636340826749802,0.004860954359173775,0.03528059273958206,0.0038520796224474907,0.00207335070441801,0.023330987178957933,0.022266049459141613,0.0022183752165512633,0.03342841930280082
39886,1169,H2_30,0,0.006984461098909378,0.0318545326590538,0.005715126171708107,0.005312769208103418,0.3235872983932495,0.00583675829693675,0.012083740904927254,0.007420276291668415,0.8401561363374902,0.11854723856318043,0.09396254360243948,0.002318304351003553,0.03749814033748931
39888,1169,H2_30,0,0.1271546483039856,0.1860094517469406,0.11496017128229141,0.08411453664302826,0.12737710773944855,0.030020246282219887,0.03528059273958206,0.08289940655231476,0.03626289985308564,0.15205904258977307,0.15478230059575498,0.00863469230861692,0.06609260348847991
39889,1169,H2_30,0,0.07680551707744598,0.04088198393583298,0.0659870058298111,0.08607623726129532,0.12336533516645432,0.2620067596435547,0.0074834818951785564,0.030986690893769264,0.36921753596162554,0.2231228019370951,0.23072302631829858,0.008012484747568355,0.08918646581573403
39891,1169,H2_30,0,0.013985775411128998,0.01367131993174553,0.009179257787764072,0.0289609432220459,0.205527663230896,0.007378401234745979,0.03528059273958206,0.010562497191131115,0.8566041488215504,0.053803838282415424,0.07666511646328342,0.003096068654684394,0.03162561793076579
39892,1169,H2_30,0,0.01157955639064312,0.015905503183603287,0.020089630037546158,0.012126314453780651,0.014530478045344353,0.007819990627467632,0.03528059273958206,0.015261135064065456,0.2699742488824169,0.07802803644305646,0.0549049884097976,0.0022832512837770978,0.037230613749735623
39893,1169,H2_30,0,0.0022452424746006727,0.000577472266741097,0.002125327242538333,0.004295078571885824,0.0006641646032221615,0.03486405685544014,0.01033021043986082,0.0014417911879718304,0.00013691473866222614,0.00564183200092352,0.02942471774833629,0.0003633338344209019,0.03298488976422792
39894,1169,H2_30,0,0.0008824621327221394,0.14059655368328094,0.0025014157872647047,0.0008564468589611351,0.004647460766136646,0.0027727303095161915,0.01033021043986082,0.001128737349063158,0.0008234221424294765,0.009256547477235585,0.023884849045486725,0.00020744754215174438,0.03268613446141602
39895,1169,H2_30,0,0.0014358500484377146,0.012610293924808502,0.001523959799669683,0.0011886241845786572,0.005116612184792757,0.000981037737801671,0.01033021043986082,0.001028042403049767,0.005714661552438565,0.08111260040778118,0.06224815394940677,0.0005982389236545516,0.042505663033104796
39896,1169,H2_30,0,0.00038529737503267825,0.008291982114315033,0.00023215521650854498,0.0002908443857450038,0.0026492958422750235,0.0009543870110064745,0.01033021043986082,0.00040639040526002645,0.0014574294895139265,0.01749545610305016,0.01840874599854572,0.00011438855948100627,0.032702635312860405
39897,1169,H2_30,0,0.00010531090811127797,0.0077981711365282536,0.0001554432383272797,0.00014781633217353374,0.00019724124285858124,0.0005653214757330716,0.01033021043986082,0.0001550885062897578,0.0012808329321333373,0.0283672850725219,0.013501613643229354,3.34271172830249e-05,0.032948640821548324
39899,1169,H2_30,0,0.0027234589215368032,0.07749898731708527,0.0029948444571346045,0.002497917041182518,0.04046076163649559,0.005980112124234438,0.01033021043986082,0.0022239782847464085,0.11238436967595512,0.05429637037741399,0.060484777055842154,0.00037599860013460927,0.03834376321624504
39901,1169,H2_30,0,0.014013301581144333,0.05833987891674042,0.009623607620596886,0.009982227347791195,0.07232169061899185,0.058782435953617096,0.0012039830908179283,0.005390183534473181,0.26591523149805496,0.16846751408606878,0.18423110733497172,0.003267710370946048,0.07008608815253252
39905,1169,H2_30,0,0.013507796451449394,0.016741877421736717,0.01756785251200199,0.008754031732678413,0.0029143057763576508,0.038919687271118164,0.01033021043986082,0.02853846363723278,0.02756406561140074,0.10054970430230775,0.07199538730945021,0.003434408944867581,0.044905761170890596
39906,1169,H2_30,0,0.00025561422808095813,0.018306957557797432,0.0003801971906796098,0.00015550476382486522,0.001167690264992416,0.00227014790289104,0.01033021043986082,0.00021803592971991748,0.00043265424423726874,0.05677511962214512,0.04107685545077989,3.748112285117804e-05,0.03788196709748365
39907,1169,H2_30,0,0.03281749412417412,0.08063211292028427,0.042643122375011444,0.022798147052526474,0.12347684800624847,0.057742636650800705,0.0008889815653674304,0.03930015489459038,0.01419073703573978,0.15914771526909763,0.16702238060624533,0.015362613441344802,0.07242754333002785
39908,1169,H2_30,0,0.022933965548872948,0.06987787783145905,0.029805371537804604,0.029770588502287865,0.014510402455925941,0.029692720621824265,0.0008889815653674304,0.013789234682917595,0.0759720807375727,0.11460576078816224,0.13912865376511419,0.009458100971248827,0.05757577243598413
39925,1170,H1_15,0,0.0022961252834647894,0.09585466980934143,0.0022809195797890425,0.002259176457300782,0.010412503965198994,0.002389774890616536,0.41067034006118774,0.003948837518692017,0.039784659142342055,0.04020244678858956,0.03732229720318031,0.00221658482530899,0.03566964993715536
39926,1170,H1_15,0,0.006078032311052084,0.5306359529495239,0.012097501195967197,0.015963390469551086,0.12974253296852112,0.15037304162979126,0.41067034006118774,0.026614727452397346,0.480562060220473,0.08170917698256404,0.0879505830098748,0.006321679224134274,0.03831165225083825
39927,1170,H1_15,0,0.04222488775849342,0.13528570532798767,0.014664972200989723,0.02633518911898136,0.08329283446073532,0.03938037529587746,0.41067034006118774,0.03213895112276077,0.6179441264156786,0.07611843296793243,0.1472053676240337,0.03509898106842563,0.043318380479389636
39928,1170,H1_15,0,0.07931383699178696,0.07309363037347794,0.07282081991434097,0.05136284977197647,0.024443311616778374,0.3557765483856201,0.41067034006118774,0.04209358990192413,0.239224615439575,0.08055307653346377,0.12067599837833466,0.03127353050501774,0.04635281725353966
39929,1170,H1_15,0,0.0052727581933140755,0.21834997832775116,0.00725959800183773,0.005541462451219559,0.020691651850938797,0.012552708387374878,0.41067034006118774,0.01152497623115778,0.10289016275674966,0.1327455732293905,0.19808939319925126,0.0022143419991229505,0.07400194372189213
39930,1170,H1_15,1,0.5987504124641418,0.18598295748233795,0.6806724071502686,0.6999859809875488,0.23284828662872314,0.6679401397705078,0.41067034006118774,0.4631021320819855,0.6895613093417381,0.29164856152863883,0.3472081152165498,0.29753194079354167,0.12194194332339325
39931,1170,H1_15,1,0.6145508289337158,0.22224754095077515,0.4055219292640686,0.6993337273597717,0.21420148015022278,0.5298361778259277,0.41067034006118774,0.424919456243515,0.3565465392919109,0.3128002787881626,0.40654857688362656,0.51027374204176,0.19489086283529292
39933,1170,H1_15,0,0.27123138308525085,0.3955767750740051,0.14542369544506073,0.09414739161729813,0.12280665338039398,0.3708203136920929,0.41067034006118774,0.1515062004327774,0.3630727605353762,0.20417590776967168,0.22339476890319682,0.2636411278042823,0.08266394646952303
39936,1170,H1_15,0,0.0014438774669542909,0.0013170300517231226,0.0011096976231783628,0.0014875215711072087,0.0006459151627495885,0.004733328707516193,0.41067034006118774,0.00036235764855518937,0.0003034745025115687,0.0,0.0,5.555458400559559e-05,0.030014608765970712
39938,1170,H1_15,0,0.02200935408473015,0.1441987305879593,0.030402136966586113,0.024730471894145012,0.3580974042415619,0.01265684887766838,0.41067034006118774,0.085604727268219,0.4990609101345929,0.19901680786994103,0.20812324083200767,0.009096607250417228,0.0710286803047397
39939,1170,H1_15,0,0.24437759816646576,0.08306387066841125,0.3086322546005249,0.17301449179649353,0.16247765719890594,0.4384559690952301,0.41067034006118774,0.28502973914146423,0.3253786967614027,0.3927869802102586,0.333026616758316,0.15702630051834293,0.18337159623132204
39941,1170,H1_15,0,0.0010000021429732442,0.020348992198705673,0.0017318371683359146,0.0004558772488962859,0.001108977827243507,0.0018977670697495341,0.3997904062271118,0.0009595764568075538,0.00015859177325450936,0.016098901411968215,0.017139088975643813,0.00023902213939073182,0.032502762648798214
39943,1170,H1_15,0,0.027036674320697784,0.26837801933288574,0.033141251653432846,0.018648993223905563,0.11966614425182343,0.21718640625476837,0.3997904062271118,0.030302591621875763,0.38293017325502166,0.16338234203537413,0.14505424508839884,0.017364218354658244,0.05653336680028851
39944,1170,H1_15,0,0.01803782768547535,0.02149328403174877,0.049966394901275635,0.026034170761704445,0.1087430864572525,0.006907085422426462,0.3997904062271118,0.020381011068820953,0.3065293288490286,0.17940021734317285,0.1801904494667311,0.005480510028114641,0.06897529791976527
39946,1170,H1_15,0,0.011636651121079922,0.12860983610153198,0.004203347489237785,0.010771903209388256,0.014803784899413586,0.005577644798904657,0.3997904062271118,0.00947349052876234,0.07455012758532412,0.28413967707981824,0.17912779876408855,0.0050200382233009655,0.09918878025343664
39947,1170,H1_15,0,0.0031275770161300898,0.046147722750902176,0.001569374930113554,0.0051049767062067986,0.012284941039979458,0.005643537733703852,0.3997904062271118,0.0031789157073944807,0.03878835136803566,0.09485175297263884,0.03197241723155064,0.0009792406319250743,0.039219636808136345
39948,1170,H1_15,0,0.04475436359643936,0.2668980658054352,0.021803773939609528,0.039612989872694016,0.02430432103574276,0.17483414709568024,0.3997904062271118,0.020747583359479904,0.08395522670909555,0.24326893849481185,0.18159485857574154,0.009299250634121577,0.0902999912958809
39949,1170,H1_15,1,0.003949058707803488,0.019544336944818497,0.00193716399371624,0.0031787704210728407,0.004817814100533724,0.006627687718719244,0.3997904062271118,0.002374753588810563,0.06799661732223525,0.03985496256947915,0.02609734385748969,0.0007333592004322689,0.034152902102163964
39950,1170,H1_15,0,0.0029668686911463737,0.018614737316966057,0.0029992242343723774,0.002945070154964924,0.016352854669094086,0.004036618396639824,0.3997904062271118,0.0041819978505373,0.009517696963966038,0.04238495253837648,0.04795590426582387,0.003775122604540179,0.03742619896044056
39952,1170,H1_15,0,0.0008208650979213417,0.03815009072422981,0.0012507423525676131,0.0012602077331393957,0.0073306686244904995,0.000887128000613302,0.3997904062271118,0.0013015317963436246,0.02548782522022997,0.048068455051385676,0.028497351701938938,0.0005395703305527855,0.035495036018642456
39954,1170,H1_15,0,0.6763812899589539,0.5334595441818237,0.5300636887550354,0.4475478529930115,0.6959573030471802,0.5322375297546387,0.3997904062271118,0.48801323771476746,0.5300001643147386,0.32013055453836725,0.32148499620388116,0.37454237369060395,0.1279512053737208
39956,1170,H1_15,0,0.0005389237776398659,0.0013170300517231226,0.00036793312756344676,0.0004788885125890374,0.0006190517451614141,0.0009689507423900068,0.3997904062271118,0.00014804865350015461,8.640120301772876e-05,0.0,0.0,3.9159072816671125e-05,0.030018688896548445
39925,1170,H1_30,0,0.01919122040271759,0.03583870455622673,0.011189330369234085,0.01399528793990612,0.0651019886136055,0.008794221095740795,0.3747262954711914,0.018304694443941116,0.034621966734005034,0.03399985154015592,0.07346841934282686,0.012907686735134637,0.03935123283443258
39926,1170,H1_30,0,0.009808339178562164,0.096804179251194,0.014537936076521873,0.04081420972943306,0.035748593509197235,0.045569080859422684,0.3747262954711914,0.05958728864789009,0.8213310531497321,0.044532200979614786,0.0662811549645628,0.030580098934319316,0.03040042369944837
39927,1170,H1_30,0,0.007101765368133783,0.03518325090408325,0.011723306030035019,0.016508733853697777,0.06062628701329231,0.009287082590162754,0.3747262954711914,0.02130085974931717,0.08381617149381163,0.029875848569654723,0.09377648097776865,0.0078749749120972,0.04073688337332734
39928,1170,H1_30,0,0.16165244579315186,0.02700410783290863,0.16169416904449463,0.21962255239486694,0.1611514836549759,0.36378732323646545,0.3747262954711914,0.19075331091880798,0.5622770442349911,0.07679975416801428,0.18638690022984608,0.020215582685522815,0.04731794181793303
39929,1170,H1_30,0,0.007855587638914585,0.008732174523174763,0.017742421478033066,0.025352884083986282,0.004285634960979223,0.12402696162462234,0.3747262954711914,0.05608665943145752,0.901538849440598,0.14003028975353055,0.14641295714457275,0.01266603766083794,0.0437794087679178
39930,1170,H1_30,1,0.3822863698005676,0.2291669398546219,0.5287365913391113,0.3711380064487457,0.6644359827041626,0.2690046727657318,0.3747262954711914,0.35492274165153503,0.9038607732183606,0.2541564026969355,0.27773259715403814,0.3852128871228678,0.08349564560203905
39931,1170,H1_30,1,0.0253103356808424,0.24175330996513367,0.029439864680171013,0.04086971655488014,0.15423591434955597,0.20348741114139557,0.3747262954711914,0.055231936275959015,0.5004437178469838,0.24899968781942655,0.2462061457122766,0.03342514529671163,0.09309601528220247
39933,1170,H1_30,0,0.0647699236869812,0.1902768611907959,0.03784432262182236,0.07157401740550995,0.054257411509752274,0.293231725692749,0.3747262954711914,0.06519357115030289,0.05026846003997101,0.19802770502818906,0.18323463692446829,0.04968929096835062,0.08230605901994455
39936,1170,H1_30,0,0.000842803274281323,0.0013170300517231226,0.0008128060726448894,0.0010639324318617582,0.0005960469716228545,0.0037354999221861362,0.3747262954711914,0.00033158669248223305,0.00037988715227136574,0.0,0.0,5.3638276676579986e-05,0.030014179004574287
39938,1170,H1_30,0,0.008978404104709625,0.19590270519256592,0.020792126655578613,0.04396646097302437,0.13105031847953796,0.0031740523409098387,0.3747262954711914,0.06618049740791321,0.7525854625078207,0.11804314836521153,0.14339756894033778,0.017653896359862628,0.04365470529626988
39939,1170,H1_30,0,0.03602976351976395,0.29692885279655457,0.016031239181756973,0.015213219448924065,0.03599969670176506,0.08535517007112503,0.3747262954711914,0.01636345125734806,0.2313185095913946,0.2795727205988184,0.2554187368727796,0.012227176826355077,0.12163639857265258
39941,1170,H1_30,0,0.0010665170848369598,0.0026797582395374775,0.000797195010818541,0.00046479221782647073,0.028451675549149513,0.0004101455269847065,0.3504418730735779,0.0009281389066018164,0.0003977684677950514,0.004615947026718747,0.005848629970263021,0.00022440078841478415,0.03077543673855801
39943,1170,H1_30,0,0.0016962310764938593,0.18511709570884705,0.0009803646244108677,0.0036878108512610197,0.008892451412975788,0.00444478914141655,0.3504418730735779,0.0015406198799610138,0.04312459715406352,0.09066083725312325,0.06679696407079701,0.0005544735773924604,0.04334016543846545
39944,1170,H1_30,0,0.11879099905490875,0.15785719454288483,0.09206373244524002,0.08509755879640579,0.06829541176557541,0.06488523632287979,0.3504418730735779,0.12773717939853668,0.09605489535998286,0.3037813051132734,0.21229927781011015,0.047818226504387516,0.11250098551914278
39946,1170,H1_30,0,0.0031224105041474104,0.0409986786544323,0.004541114438325167,0.0018807818414643407,0.0077630579471588135,0.004202233627438545,0.3504418730735779,0.0036992602981626987,0.006679264692439683,0.15419483825453675,0.11830798671208782,0.0023852746027250315,0.06045218417901221
39947,1170,H1_30,0,0.0018433838849887252,0.021127700805664062,0.003560591721907258,0.001708651427179575,0.011915750801563263,0.007851515896618366,0.3504418730735779,0.0023749119136482477,0.0024731329830747083,0.07411099468049158,0.04474311312500795,0.001557520376321538,0.03965992425258655
39948,1170,H1_30,0,0.02652774006128311,0.02007964998483658,0.016725746914744377,0.0223417729139328,0.15797723829746246,0.02162032574415207,0.3504418730735779,0.03303734213113785,0.10214287040839287,0.17331266719438038,0.10443220927421479,0.013162106251036013,0.056830782232765574
39949,1170,H1_30,1,0.0006369210896082222,0.002450209343805909,0.0005359319620765746,0.0005910218460485339,0.0007253651274368167,0.001753775984980166,0.3504418730735779,0.0008422481478191912,0.001344210150063443,0.020554903982988013,0.01919440698991266,0.0003378019789980648,0.032974535000202344
39950,1170,H1_30,0,0.0007005171501077712,0.0017832121811807156,0.0006783416611142457,0.0006738879019394517,0.001303552882745862,0.0013280558632686734,0.3504418730735779,0.0008665471686981618,0.003088637366023471,0.01952189179042671,0.03333488529714174,0.0002363405115036958,0.03427567055169265
39952,1170,H1_30,0,0.0013839969178661704,0.004583774134516716,0.0012692544842138886,0.0006724383565597236,0.006654920522123575,0.0033977325074374676,0.3504418730735779,0.0004952549934387207,0.011348552427760885,0.014966222100959149,0.01391681069808781,0.00019688531353295266,0.032017512536954486
39954,1170,H1_30,0,0.03521764650940895,0.25945577025413513,0.025291338562965393,0.03590228781104088,0.03967687860131264,0.03591937944293022,0.3504418730735779,0.05363931134343147,0.20255477755483295,0.22620733022058598,0.192104201746031,0.0354644486038248,0.08401837846776589
39956,1170,H1_30,0,0.0004944259999319911,0.0013170300517231226,0.00035749509697780013,0.0004377173027023673,0.0008853567996993661,0.0007585660205222666,0.3504418730735779,0.0001727643539197743,4.189914237325735e-05,0.0,0.0,5.1279636587149844e-05,0.030018969057795913
39925,1170,H1_45,0,0.0056790695525705814,0.003501220140606165,0.003160374006256461,0.0047643957659602165,0.006928699556738138,0.002817614935338497,0.3522407114505768,0.0021414938382804394,0.002775357752491879,0.015008313786754034,0.028379013426227354,0.000704970130303148,0.0334684744780485
39926,1170,H1_45,0,0.0062828813679516315,0.12425471842288971,0.01046027708798647,0.012463138438761234,0.0019668899476528168,0.05046497657895088,0.3522407114505768,0.011722952127456665,9.353965109996225e-05,0.0454094000219345,0.06396049438321405,0.005334574189678933,0.03964917130488719
39927,1170,H1_45,0,0.005731733050197363,0.005600194912403822,0.014403914101421833,0.012124578468501568,0.019942114129662514,0.013780704699456692,0.3522407114505768,0.009776902385056019,0.03465810534338095,0.03429289248481561,0.08526526051375052,0.0026062622956770864,0.04091494210755208
39928,1170,H1_45,0,0.09133492410182953,0.022113999351859093,0.08736344426870346,0.12556056678295135,0.28716015815734863,0.1774730533361435,0.3522407114505768,0.24797554314136505,0.3062665903889277,0.10882210313695055,0.13492250378429405,0.06311538937159578,0.047013590378036235
39929,1170,H1_45,0,0.059818461537361145,0.0339285172522068,0.11861415952444077,0.10001999139785767,0.01853017881512642,0.20092536509037018,0.3522407114505768,0.04268592223525047,0.06224597664808574,0.13296077667199163,0.14600708158905176,0.007492061632492003,0.06129721482527434
39930,1170,H1_45,0,0.4285474121570587,0.05952734127640724,0.29062673449516296,0.5297436118125916,0.29309767484664917,0.5252142548561096,0.3522407114505768,0.31818193197250366,0.4488428209161292,0.255108583062346,0.23006758853876488,0.6226961394440652,0.09298781663431109
39931,1170,H1_45,1,0.43912696838378906,0.29139310121536255,0.41796019673347473,0.40168461203575134,0.4650347828865051,0.840852677822113,0.3522407114505768,0.6021655201911926,0.7175451742205777,0.2232480931752814,0.3586864899377544,0.2779264049965013,0.10252330360853427
39933,1170,H1_45,0,0.09045085310935974,0.021362056955695152,0.09312587976455688,0.09231286495923996,0.007629069034010172,0.2889956831932068,0.3522407114505768,0.10569775849580765,0.025121577215661578,0.1455570248081264,0.17973929388664583,0.020898438022015475,0.07162214821006664
39936,1170,H1_45,0,0.0007488474948331714,0.0013170300517231226,0.0006356263183988631,0.0011951932683587074,0.0013057509204372764,0.0020456567872315645,0.3522407114505768,0.00043230209848843515,8.988801673567273e-05,0.0013595505617977528,0.001193147278253661,7.023936169180497e-05,0.03019456989451931
39938,1170,H1_45,0,0.0004680895071942359,0.040533021092414856,0.00047784479102119803,0.00026625566533766687,0.0010555298067629337,0.003780467202886939,0.3522407114505768,0.00029707513749599457,0.012944350034844287,0.06070179771633113,0.019930024354177216,0.00010024481021098845,0.035659470884298154
39939,1170,H1_45,0,0.03329519182443619,0.0462067537009716,0.052249036729335785,0.03424905613064766,0.02207241579890251,0.046580880880355835,0.3522407114505768,0.048279378563165665,0.1388280523745429,0.19136389911285684,0.15963124936842993,0.010772662173896955,0.07075153591622824
39941,1170,H1_45,0,0.0002129455970134586,0.023078767582774162,0.0003013687382917851,0.0001239188277395442,0.0024430507328361273,0.00020389148266986012,0.3345654606819153,0.0004159277305006981,0.0015809231152175759,0.011923342566794998,0.006911535937432265,8.552966356667254e-05,0.03130282159536637
39943,1170,H1_45,0,0.006634686607867479,0.623325526714325,0.0048301201313734055,0.002343513537198305,0.006065764464437962,0.029098303988575935,0.3345654606819153,0.0021076600532978773,0.016163456833387695,0.052093213998997946,0.03957735278475074,0.0008683238984351764,0.03711534835804776
39944,1170,H1_45,0,0.10387033224105835,0.04329679533839226,0.20745427906513214,0.28515976667404175,0.05206715315580368,0.08863122761249542,0.3345654606819153,0.09344503283500671,0.3239545282337169,0.251871337304341,0.16255711071156434,0.024943475014440494,0.0736230601833777
39946,1170,H1_45,0,0.059203438460826874,0.046435676515102386,0.028760375455021858,0.06424296647310257,0.12647771835327148,0.04609055444598198,0.3345654606819153,0.03422471135854721,0.006386563594946656,0.18425064502610577,0.1205755395247415,0.015172203069494544,0.0646455687585766
39947,1170,H1_45,0,0.0013924145605415106,0.012178502976894379,0.0009734491468407214,0.0012884143507108092,0.0016252378700301051,0.004253503866493702,0.3345654606819153,0.00095936976140365,0.001453722709021599,0.06213718607849033,0.0300955640487876,0.0005624059484306969,0.03701655500478704
39948,1170,H1_45,0,0.026061860844492912,0.1681331843137741,0.011415950022637844,0.016726749017834663,0.044261932373046875,0.06307502835988998,0.3345654606819153,0.00524533586576581,0.001997066581675793,0.14586973428811784,0.1063025313872748,0.00303191297400291,0.05690084563406472
39949,1170,H1_45,1,0.0008010921301320195,0.0022490762639790773,0.000754629319999367,0.0004482372023630887,0.00023203039017971605,0.00395780336111784,0.3345654606819153,0.0003056632122024894,8.117396750202392e-05,0.005997830597208738,0.002995988868725583,0.00011558729854507668,0.03062235506289544
39950,1170,H1_45,0,0.000278091145446524,0.0037108969409018755,0.0003988089447375387,0.000209416524739936,0.0015510405646637082,0.0007365728379227221,0.3345654606819153,0.0003710303280968219,0.000138940553189736,0.00475429428866441,0.006021612760153226,8.015468905795938e-05,0.030805703005793984
39952,1170,H1_45,0,0.0005489732138812542,0.029696818441152573,0.00044734758557751775,0.000484547606902197,0.016559947282075882,0.0002635856217239052,0.3345654606819153,0.0015185211086645722,0.004488204178824176,0.010403484805627512,0.0022012077604390574,0.0005215577720982772,0.030765160244919033
39954,1170,H1_45,0,0.020934738218784332,0.29296979308128357,0.011373509652912617,0.031024757772684097,0.011391119100153446,0.05623246356844902,0.3345654606819153,0.02400379069149494,0.008656786063889083,0.09552144015060662,0.11532013823864526,0.028929845131967342,0.052285644623992204
39956,1170,H1_45,0,0.0004095723561476916,0.0013170300517231226,0.00034846356720663607,0.0005375432665459812,0.000585623667575419,0.0009661469957791269,0.3345654606819153,0.00022678676759824157,5.3061862119950637e-05,0.0,0.0,7.581274833819581e-05,0.030018536028537806
39925,1170,H2_15,0,0.00151887908577919,0.01922498643398285,0.0019993551541119814,0.0031258633825927973,0.056738775223493576,0.0007078456692397594,0.29419827461242676,0.002892825286835432,0.010891072439123926,0.029593430333747395,0.018505961704020857,0.0010093596927871198,0.0333780346472612
39926,1170,H2_15,0,0.0045759594067931175,0.21792685985565186,0.004708164371550083,0.005007795989513397,0.007086607161909342,0.008186028338968754,0.29419827461242676,0.006428151857107878,0.0010127094482117289,0.016824312537062944,0.05196029599346355,0.0018521939460110328,0.0360296895522012
39927,1170,H2_15,0,0.002094757277518511,0.01814768835902214,0.002099496079608798,0.004675904288887978,0.0010926311369985342,0.03376712650060654,0.29419827461242676,0.002593556186184287,0.0004254768660387741,0.014626980515775007,0.049021519273792225,0.00038002068961351024,0.035589803443240774
39928,1170,H2_15,0,0.05541178211569786,0.008188494481146336,0.06876100599765778,0.0654134601354599,0.011999936774373055,0.09975438565015793,0.29419827461242676,0.041026417165994644,0.0440095402822023,0.07627678625027202,0.10088458611623588,0.0152419082008027,0.04654651544904032
39929,1170,H2_15,0,0.047915276139974594,0.07422614097595215,0.08560951054096222,0.04208746179938316,0.027943136170506477,0.10261154919862747,0.29419827461242676,0.09339693933725357,0.04927100935866994,0.12892322496540826,0.14512455855963044,0.011262458685614991,0.05986256500040233
39930,1170,H2_15,0,0.29500672221183777,0.10128184407949448,0.2874164283275604,0.489488422870636,0.1512448489665985,0.3323166072368622,0.29419827461242676,0.3643460273742676,0.16889201805354764,0.21360009940595429,0.17135130725092904,0.13179505705643113,0.0695054768119184
39931,1170,H2_15,1,0.012581026181578636,0.008186469785869122,0.02815876342356205,0.028078371658921242,0.041627172380685806,0.046322014182806015,0.29419827461242676,0.0185582023113966,0.13974798690009074,0.16182910057122504,0.16917232738004676,0.004376728928322855,0.06923716672602238
39933,1170,H2_15,0,0.031455207616090775,0.10036444664001465,0.05748895928263664,0.028982434421777725,0.013616953045129776,0.0986439660191536,0.29419827461242676,0.03501860424876213,0.6853631093344813,0.16772069661365038,0.13993198098701642,0.009664489477145325,0.0493620245265781
39936,1170,H2_15,0,0.0006566074443981051,0.0010557888308539987,0.0004922100342810154,0.000667356129270047,0.0004997326759621501,0.0016562333330512047,0.29419827461242676,0.00039654591819271445,4.908222091553837e-05,0.0,0.0,0.00010172228042179853,0.030017087116344543
39938,1170,H2_15,0,0.0029916937928646803,0.06691598147153854,0.0021362861152738333,0.002378312638029456,0.0033661359921097755,0.02689642645418644,0.29419827461242676,0.0013904718216508627,0.0028410920413303887,0.09126125423594354,0.07958569889617592,0.0003753039421186664,0.046035578011057586
39939,1170,H2_15,0,0.03553612530231476,0.004546040203422308,0.05256950855255127,0.03077399916946888,0.01970686763525009,0.05782495066523552,0.29419827461242676,0.04720474034547806,0.2482042413163772,0.11879081620380873,0.1327171761366093,0.007858753092735853,0.05182324041008849
39941,1170,H2_15,0,0.00019546959083527327,0.009503942914307117,0.0002739328774623573,0.0001234767260029912,0.0029446068219840527,0.00022826541680842638,0.14139723777770996,0.00015928434731904417,6.209330057109493e-05,0.0014252061248527677,0.00273309700209393,7.284542693062231e-05,0.030330609543409298
39943,1170,H2_15,0,0.0020834761671721935,0.1331256926059723,0.00126478576567024,0.006808802019804716,0.007966579869389534,0.00394668523222208,0.14139723777770996,0.0016097272746264935,0.0045398200267274084,0.04009411848847854,0.03697352786567622,0.00028900740144448213,0.03609123380576882
39944,1170,H2_15,0,0.16488775610923767,0.0026910549495369196,0.20613887906074524,0.21879826486110687,0.08631904423236847,0.08868499100208282,0.14139723777770996,0.3345736265182495,0.22392720073396707,0.08900130911728453,0.2046913581209746,0.09358561102005128,0.05814513745966011
39945,1170,H2_15,0,0.1791180670261383,0.4951619505882263,0.17417311668395996,0.15565155446529388,0.13493569195270538,0.2773059606552124,0.056762270629405975,0.18386556208133698,0.993967632442925,0.1499167575722494,0.26693919155705564,0.062410104281346405,0.061048146430357796
39946,1170,H2_15,0,0.004897349514067173,0.11680252850055695,0.005273296032100916,0.009234299883246422,0.12495092302560806,0.0266327615827322,0.14139723777770996,0.012211359106004238,0.008845974624445063,0.08042557722362578,0.09300894700639735,0.0019609582708571657,0.046778541423505814
39949,1170,H2_15,1,0.0005735313752666116,0.0021560611203312874,0.0008196153794415295,0.00040495680877938867,0.0006216600304469466,0.0008940527914091945,0.14139723777770996,0.00027664698427543044,0.0005264759413715873,0.004321264623158457,0.005910789544690759,0.0001420629854771483,0.03076787370993314
39950,1170,H2_15,0,0.0001167838490800932,0.012127811089158058,0.00011455194180598482,0.00014574802480638027,0.0010690550552681088,0.00045481164124794304,0.14139723777770996,0.00029428271227516234,4.252621342980333e-05,0.018999299280603985,0.015503630221912285,7.451338556499387e-05,0.032543432348426174
39952,1170,H2_15,0,0.00021736632334068418,0.002797618042677641,0.0003181657230015844,0.00032088052830658853,0.00810279231518507,0.0001348778750980273,0.14139723777770996,0.0002742540091276169,0.002460523300796056,0.007258390152361686,0.012226605360117652,0.00027039369005469563,0.03148105339765894
39953,1170,H2_15,1,0.028422797098755836,0.15467704832553864,0.014763896353542805,0.045116957277059555,0.010576699860394001,0.04006996005773544,0.056762270629405975,0.0180687103420496,0.023824797084914404,0.11781779674127615,0.10983465674071007,0.0055650479035019434,0.053377367053991105
39954,1170,H2_15,0,0.005564178340137005,0.012264099903404713,0.004888076800853014,0.008181213401257992,0.0004973284667357802,0.03144112601876259,0.14139723777770996,0.004896556958556175,0.007182700640303824,0.05360553937646332,0.06785784024085798,0.0031960733125945486,0.04080079800062811
39956,1170,H2_15,0,0.0006286974530667067,0.0010557888308539987,0.0007972600287757814,0.0007234328077174723,0.003000366734340787,0.0009433590457774699,0.14139723777770996,0.00047837066813372076,2.141256638025119e-05,0.0,0.0,0.0002003490652094355,0.030017404406210813
39925,1170,H2_30,0,0.0004630144976545125,0.023544544354081154,0.0002703040954656899,0.0003809533081948757,0.002695166040211916,0.0021087955683469772,0.34330713748931885,0.0005619394360110164,0.0017844618045065029,0.002719101123595505,0.0024295780553396534,0.00010953174853746443,0.030360837347776146
39926,1170,H2_30,0,0.002266868017613888,0.0032938451040536165,0.003541759680956602,0.002298783278092742,0.0026436899788677692,0.0042565083131194115,0.34330713748931885,0.0019204956479370594,3.7604719602752204e-05,0.03281940240094158,0.05059941444503282,0.00033913857912226973,0.03712931088100895
39927,1170,H2_30,0,0.0013437330489978194,0.04325123131275177,0.0014098415849730372,0.002171140629798174,0.002738161711022258,0.003947496879845858,0.34330713748931885,0.0015143264317885041,0.0018652274758760795,0.004393583250780936,0.012672192516269007,0.00014715914213688484,0.031336059088520704
39928,1170,H2_30,0,0.013178545981645584,0.028820781037211418,0.007870106026530266,0.014168514870107174,0.0008069174946285784,0.03768917918205261,0.34330713748931885,0.012562784366309643,0.014030858292222304,0.07884011453332343,0.09693770867258684,0.0024252242137719386,0.04713916882917587
39929,1170,H2_30,0,0.020019035786390305,0.025546712800860405,0.020284689962863922,0.037936482578516006,0.07636529207229614,0.02919103391468525,0.34330713748931885,0.05883403867483139,5.921488428842048e-06,0.1620744152445882,0.14499390021256023,0.018449476991973378,0.06703694313798245
39931,1170,H2_30,1,0.06144929304718971,0.013525924645364285,0.12356691807508469,0.08439724892377853,0.06382138282060623,0.130429208278656,0.34330713748931885,0.06832653284072876,0.9304868416594866,0.1956390261803811,0.1932370322609273,0.01589838111835577,0.05569330530579598
39932,1170,H2_30,0,0.06019584462046623,0.02952386625111103,0.1201077550649643,0.09024814516305923,0.09427609294652939,0.10897532105445862,0.02711094543337822,0.04374328628182411,0.2854596540465572,0.11196371060043116,0.1660696230579264,0.015596113269481167,0.05656594905265013
39934,1170,H2_30,0,0.0006095875287428498,0.026534490287303925,0.0005392464809119701,0.0006304552662186325,0.0044869063422083855,0.0006875431281514466,0.0077405828051269054,0.002098012249916792,0.09150438795962798,0.07768592544887203,0.032416756571394506,0.0005498843857736862,0.037217902367813915
39936,1170,H2_30,0,0.0006415523821488023,0.0010557888308539987,0.0004525739932432771,0.0007116012275218964,0.0005209227674640715,0.0020534240175038576,0.34330713748931885,0.00044192347559146583,6.46319795296794e-05,0.0,0.0,0.00011544517698613647,0.030016603248654374
39938,1170,H2_30,0,0.0009440307039767504,0.02135983482003212,0.0009839273989200592,0.0009810022311285138,0.0035829690750688314,0.0084758922457695,0.34330713748931885,0.0017858316423371434,0.03963936019095537,0.04021815432662238,0.055357017952163294,0.0003307033325211089,0.0376902161288935
39940,1170,H2_30,1,0.16209447383880615,0.22362130880355835,0.12532863020896912,0.16219528019428253,0.12486471235752106,0.34150785207748413,0.02711094543337822,0.17853538691997528,0.8886129281889786,0.4345280436762416,0.3091887578080191,0.0751679589051962,0.14054165273061928
39941,1170,H2_30,0,0.0004849611723329872,0.029556408524513245,0.0006770938634872437,0.00016264519945252687,0.0038586114533245564,0.0002261245681438595,0.1355990320444107,0.00035303548793308437,0.00040377604581532577,0.007349649571698742,0.016466391253398237,4.1182042732407293e-05,0.031887263193358155
39943,1170,H2_30,0,0.001110582728870213,0.12944993376731873,0.000938200915697962,0.0009937003487721086,0.003085149684920907,0.000866943271830678,0.1355990320444107,0.0006074734847061336,0.00037391194204687783,0.013357467279680468,0.022254503450381984,0.00025565909390295305,0.03280917424712415
39945,1170,H2_30,0,0.004418363329023123,0.04401944577693939,0.0051482124254107475,0.011419657617807388,0.010087386704981327,0.02513118088245392,0.008853708393871784,0.007153036072850227,0.0207003190071822,0.11367936677628906,0.1668771598683263,0.008899252734359904,0.06567879329735679
39946,1170,H2_30,0,0.0032114738132804632,0.2058754414319992,0.0019987355917692184,0.0030809815507382154,0.02637275867164135,0.010535143315792084,0.1355990320444107,0.0017735469155013561,0.003949231689474673,0.07989803524158148,0.07959596494653262,0.0006515833182164997,0.04490696313427686
39949,1170,H2_30,1,0.00012370017066132277,0.0036745581310242414,0.00016114303434733301,8.271465048892424e-05,0.001421265653334558,0.0003205359389539808,0.1355990320444107,0.00011536951933521777,0.0001781606619722938,0.012676345068414828,0.009823835464630013,1.8845310841141038e-05,0.03162478211702029
39950,1170,H2_30,0,0.00013238149404060096,0.017030639573931694,0.00016705688904039562,9.820198465604335e-05,0.0006779197137802839,0.00036916020326316357,0.1355990320444107,0.00020229778601787984,8.930767322406318e-05,0.01448900632509751,0.009495229121030931,4.7531666786344654e-05,0.03170814498984285
39951,1170,H2_30,0,0.005293607246130705,0.014842445030808449,0.004213182721287012,0.00640583923086524,0.016016794368624687,0.008342512883245945,0.016170015558600426,0.00557144358754158,0.009214310216025824,0.1383506953129679,0.13232032227200913,0.0022743226905250487,0.061315963802578886
39952,1170,H2_30,0,0.0002283141657244414,0.0053701200522482395,0.000346745626302436,0.0006099946331232786,0.0026663101743906736,0.0007235617376863956,0.1355990320444107,0.00091360550140962,0.10962001257365052,0.014392313409593746,0.024933461044619132,0.00034145094239416366,0.031943281063584475
39953,1170,H2_30,1,0.0004549911536742002,0.046294648200273514,0.0004808283702004701,0.0005371488514356315,0.0030554484110325575,0.0005514821968972683,0.008853708393871784,0.0007397900335490704,0.011645128940625037,0.08255948548698537,0.06896609635036474,0.00011056079050152071,0.043472864433163116
39955,1170,H2_30,0,0.19378483295440674,0.33618682622909546,0.14901751279830933,0.18946810066699982,0.08041859418153763,0.24695104360580444,0.016170015558600426,0.11917949467897415,0.2707460834901488,0.2881256575919218,0.2640891795966653,0.022562444376098816,0.12120979964793994
39956,1170,H2_30,0,0.0002585634356364608,0.0010557888308539987,0.00020960907568223774,0.0002924916916526854,0.0006643247907049954,0.000636580865830183,0.1355990320444107,0.00018899666611105204,3.252510625838284e-05,0.0,0.002513205432808997,5.340922659410285e-05,0.03022819602807299
39971,1171,H1_15,0,0.0015427867183461785,0.003822689177468419,0.0019398486474528909,0.0029967783484607935,0.024063078686594963,0.0007967211422510445,0.5855106115341187,0.0017105246661230922,0.03389459288215162,0.0473800282456856,0.030294877736123722,0.0005537807067485009,0.03968497614242459
39972,1171,H1_15,0,0.009705153293907642,0.10196243971586227,0.006771767511963844,0.011309785768389702,0.012030809186398983,0.02077123522758484,0.5855106115341187,0.007681367453187704,0.06347530521303324,0.18060355658007343,0.1183996761881163,0.004693091646048103,0.06660855372480007
39973,1171,H1_15,0,0.08547645807266235,0.07301811873912811,0.07014719396829605,0.08231513947248459,0.02171591855585575,0.12089093029499054,0.5855106115341187,0.0642528310418129,0.3158470229991397,0.18435022747580937,0.18665069708328327,0.07439239663509614,0.0756844637656695
39974,1171,H1_15,0,0.026220962405204773,0.034888848662376404,0.017103048041462898,0.04794861003756523,0.04593915864825249,0.008673766627907753,0.5855106115341187,0.030083857476711273,0.46986529483683687,0.347782458397481,0.17882093110407798,0.02699434699046027,0.10666107596910147
39975,1171,H1_15,0,0.3559476137161255,0.41831737756729126,0.1371765285730362,0.2968617081642151,0.008600394241511822,0.36238735914230347,0.5855106115341187,0.08133949339389801,0.5530249882863274,0.36137430888639255,0.22600819911008005,0.02746231636162906,0.12205476688433044
39976,1171,H1_15,0,0.007710915990173817,0.17774295806884766,0.010469145141541958,0.009335555136203766,0.05880793184041977,0.0053817410953342915,0.5855106115341187,0.02350189909338951,0.8597924809958177,0.1563193839489871,0.10393333535856634,0.004889474293674607,0.05055375712640545
39977,1171,H1_15,0,0.33233776688575745,0.4783262312412262,0.1778661459684372,0.2720383405685425,0.11675262451171875,0.14941343665122986,0.5855106115341187,0.09016189724206924,0.8732808433640702,0.3608004455929544,0.20616023261154298,0.03639120747293288,0.11058290326810928
39978,1171,H1_15,0,0.0822095051407814,0.6460332274436951,0.0966084748506546,0.08869654685258865,0.028785446658730507,0.11185939610004425,0.5855106115341187,0.12936067581176758,0.9621284021051092,0.19770996798553478,0.17325147161286417,0.06179418204530823,0.06739707923992481
39979,1171,H1_15,0,0.20389501750469208,0.09045740216970444,0.15963056683540344,0.2654479742050171,0.2628915011882782,0.22520476579666138,0.5855106115341187,0.27251094579696655,0.9845255906256432,0.3649669634375267,0.31266603122988607,0.13475223749771414,0.14564184970445238
39982,1171,H1_15,0,0.2916737496852875,0.279888391494751,0.1970193088054657,0.29605919122695923,0.27249449491500854,0.2817060053348541,0.5855106115341187,0.25090327858924866,0.7137120873344021,0.3364543641396069,0.263180719369251,0.15604334771712092,0.12899564225738955
39986,1171,H1_15,0,0.07875484973192215,0.08975014835596085,0.04923832044005394,0.0686742514371872,0.044832199811935425,0.08417174220085144,0.5855106115341187,0.03493208810687065,0.878173028604476,0.22677423231436616,0.15956713953368232,0.01605176625602479,0.06885193985925543
39987,1171,H1_15,0,0.01493668369948864,0.002416750881820917,0.009053941816091537,0.01585562527179718,0.001253813854418695,0.010069627314805984,0.7364792227745056,0.002184048295021057,0.009323396413976932,0.013598247704955267,0.015012946905095411,0.0005738696876528667,0.03559807277647903
39989,1171,H1_15,0,0.07411656528711319,0.16937902569770813,0.10244955122470856,0.07632023841142654,0.14137905836105347,0.024309901520609856,0.7364792227745056,0.06718156486749649,0.9348547381690252,0.42794666913638507,0.24211480568397925,0.06576482311704046,0.13789704385036936
39990,1171,H1_15,0,0.02092736028134823,0.09196240454912186,0.019085189327597618,0.019503425806760788,0.07552973926067352,0.01454761903733015,0.7364792227745056,0.04980630800127983,0.947087703619563,0.20440716142191728,0.0999168795144985,0.007919510719252636,0.056613015086466954
39992,1171,H1_15,0,0.04739222303032875,0.157766655087471,0.039919912815093994,0.06835412979125977,0.3040257394313812,0.01688324846327305,0.7364792227745056,0.06877162307500839,0.7071267041624123,0.20104706409733647,0.1678284940783334,0.016413942953035263,0.06904171752827058
39993,1171,H1_15,0,0.01011545117944479,0.013234011828899384,0.0207232516258955,0.015284858644008636,0.036274634301662445,0.007210569456219673,0.7364792227745056,0.03297150135040283,0.6664815955273077,0.21889228581455092,0.16037623722179403,0.01675914884328323,0.070655593758584
39994,1171,H1_15,0,0.3374064266681671,0.0651978850364685,0.36168867349624634,0.47777754068374634,0.23774833977222443,0.19892238080501556,0.7364792227745056,0.5123277902603149,0.9970738228704699,0.23365023762113973,0.22799165811234737,0.30574255086108454,0.09959988298792401
39995,1171,H1_15,0,0.15585419535636902,0.033664409071207047,0.18679434061050415,0.1712207943201065,0.10258153825998306,0.044126275926828384,0.7364792227745056,0.13216035068035126,0.6986318996059491,0.28456217595853334,0.19121317693801615,0.04812669332770002,0.09288717830917502
39996,1171,H1_15,0,0.19815482199192047,0.3317197263240814,0.1820976585149765,0.17148515582084656,0.16980433464050293,0.140791118144989,0.7364792227745056,0.14128868281841278,0.5786232202113357,0.44521218177221084,0.26352943850399285,0.12015530818716302,0.16447778086078113
39997,1171,H1_15,0,0.14930163323879242,0.12812291085720062,0.10163619369268417,0.14779052138328552,0.024527201429009438,0.09573931992053986,0.7364792227745056,0.053696829825639725,0.42600788679700285,0.19300398427959986,0.12467968711004815,0.06647671347636515,0.0655578491087402
39999,1171,H1_15,0,0.002400127239525318,0.11904962360858917,0.001266251434572041,0.0044029043056070805,0.002068572212010622,0.0008157712873071432,0.7364792227745056,0.000978791038505733,0.1038802944128629,0.1794864020280257,0.08993804481298531,0.0002676829856785267,0.06160806601787616
40000,1171,H1_15,0,0.1274157017469406,0.15310515463352203,0.13385029137134552,0.1161796972155571,0.13872821629047394,0.09957192093133926,0.7364792227745056,0.05972191318869591,0.5432904796139262,0.23879868309045468,0.17391050828971003,0.09682093640572789,0.08000015365761896
39971,1171,H1_30,0,0.0012512697139754891,0.002006103750318289,0.0016124563990160823,0.0014674864942207932,0.00161847029812634,0.0008981943828985095,0.5047361850738525,0.0006642456282861531,0.0012581786881117156,0.0014804083885209712,0.0023804230634898943,0.00035065449001818325,0.03366002520596876
39972,1171,H1_30,0,0.01576182059943676,0.060503121465444565,0.07190429419279099,0.021416105329990387,0.200428768992424,0.04340173676609993,0.5047361850738525,0.050379429012537,0.6795410302333195,0.17455697615830482,0.13598607584544917,0.0346432586008144,0.06010437566429725
39973,1171,H1_30,0,0.00504167890176177,0.008696802891790867,0.008164476603269577,0.005310980603098869,0.012055976316332817,0.009491275064647198,0.5047361850738525,0.007189558818936348,0.35131894934497454,0.11411055467413109,0.0991814230280114,0.0016658303348499432,0.05026193675062279
39974,1171,H1_30,0,0.0553753562271595,0.15079808235168457,0.0666910856962204,0.06890170276165009,0.23228631913661957,0.007938167080283165,0.5047361850738525,0.06753010302782059,0.9360574228945964,0.2601150923779062,0.16680532923425323,0.02110137456671453,0.07659146886945217
39975,1171,H1_30,0,0.04545450210571289,0.022637590765953064,0.05034462735056877,0.04177171364426613,0.18549521267414093,0.0550893098115921,0.5047361850738525,0.02804626151919365,0.6562352415281993,0.11014193692577495,0.08546735309355265,0.014516250593520692,0.04524648948670887
39976,1171,H1_30,0,0.004415956325829029,0.009201559238135815,0.0036175784189254045,0.0032267114147543907,0.026264553889632225,0.009203189052641392,0.5047361850738525,0.00748680392280221,0.12054008861877255,0.11052491300603061,0.08629551557544082,0.004824439481313027,0.05142507188818083
39977,1171,H1_30,0,0.008023842237889767,0.07984606176614761,0.014652675949037075,0.009246967732906342,0.052442703396081924,0.019295575097203255,0.5047361850738525,0.020700404420495033,0.6311631617027994,0.09326264155984315,0.1102080083570277,0.008864261589872427,0.045846340966714645
39978,1171,H1_30,0,0.020488688722252846,0.2606133818626404,0.019488651305437088,0.019597908481955528,0.12550190091133118,0.05300223082304001,0.5047361850738525,0.05106135085225105,0.009982333276736467,0.1725027814100014,0.16514045954717052,0.016434181228865162,0.07482097936812249
39979,1171,H1_30,0,0.004966020584106445,0.009311988018453121,0.009165200404822826,0.004982756916433573,0.09911023080348969,0.02008850872516632,0.5047361850738525,0.013958891853690147,0.8424242774052317,0.15549063975836028,0.12106993933341147,0.006025810202640888,0.05233675798006682
39982,1171,H1_30,0,0.08150971680879593,0.03206682577729225,0.14016656577587128,0.10330235958099365,0.13872286677360535,0.09697321802377701,0.5047361850738525,0.1432097852230072,0.6530475349097916,0.2340994636538252,0.2324080883819614,0.07140033386183113,0.09045847557208353
39986,1171,H1_30,0,0.006736953742802143,0.0676489844918251,0.009996864944696426,0.006694423034787178,0.0148000568151474,0.01436109934002161,0.5047361850738525,0.007670330349355936,0.151636642910597,0.09377237735927446,0.07422364019313193,0.003907393629902646,0.04764467602638517
39987,1171,H1_30,0,0.002632282441481948,0.002416750881820917,0.0034509676042944193,0.0036710628774017096,0.001281703938730061,0.0010441342601552606,0.5300819873809814,0.0012373608769848943,0.008117360446554955,0.001331595929511045,0.00232643919340224,0.0003974156135680551,0.03358678496489701
39989,1171,H1_30,0,0.04999508336186409,0.05885925516486168,0.04507772624492645,0.050100479274988174,0.07347927987575531,0.012051751837134361,0.5300819873809814,0.03786349296569824,0.8377611556764274,0.40349755147274285,0.24920272920436812,0.021457124506131166,0.1323177846328373
39990,1171,H1_30,0,0.04453866183757782,0.01019477378576994,0.05593820661306381,0.047173310071229935,0.04122844338417053,0.035989753901958466,0.5300819873809814,0.052319709211587906,0.4004682197064215,0.326695218883285,0.18021285680557236,0.021112459478082636,0.10380058490149491
39992,1171,H1_30,0,0.006302327383309603,0.398693710565567,0.009500687941908836,0.00645427918061614,0.08814743161201477,0.025144383311271667,0.5300819873809814,0.02513875812292099,0.33229588772913393,0.20307503258955006,0.13420983594198235,0.01422316070048623,0.06895757512552812
39993,1171,H1_30,0,0.05599459260702133,0.11853493005037308,0.053518250584602356,0.0350051186978817,0.04573817178606987,0.016481775790452957,0.5300819873809814,0.041678812354803085,0.516548855528525,0.26462698223693915,0.24904568056406406,0.014533326889094068,0.0993197990178894
39994,1171,H1_30,0,0.2934315502643585,0.6541506052017212,0.3760882616043091,0.1250351518392563,0.38030001521110535,0.6068906784057617,0.5300819873809814,0.21865499019622803,0.9687604999233632,0.18652130859163696,0.2321785145433065,0.3727729315760216,0.07957453475499769
39995,1171,H1_30,0,0.06282134354114532,0.004759735427796841,0.027179604396224022,0.03905954957008362,0.0019759340211749077,0.0558023601770401,0.5300819873809814,0.012238018214702606,0.23786898445532523,0.14388760840556317,0.10537347581731638,0.0011714262272766757,0.056651015104795956
39996,1171,H1_30,0,0.5128629803657532,0.013865024782717228,0.578033983707428,0.504294753074646,0.5521445870399475,0.37780439853668213,0.5300819873809814,0.424018919467926,0.8398462644383309,0.5259369439873394,0.4159950873907438,0.16547968751766007,0.27273036395381506
39997,1171,H1_30,0,0.30379366874694824,0.16146807372570038,0.3624834418296814,0.272779643535614,0.23854918777942657,0.14529980719089508,0.5300819873809814,0.2317458987236023,0.8697156650156945,0.29146701504456574,0.19794006450775267,0.06759667717872678,0.09671445939446706
39999,1171,H1_30,0,0.0021830901969224215,0.008227895013988018,0.001275762915611267,0.0024896732065826654,0.008681264705955982,0.0016348890494555235,0.5300819873809814,0.0017865406116470695,0.019651021480365353,0.19635439412602484,0.09770076066345289,0.0007388544931009887,0.06675872918804941
40000,1171,H1_30,0,0.03550652414560318,0.02136693336069584,0.033167749643325806,0.02580312453210354,0.01687205396592617,0.026231156662106514,0.5300819873809814,0.0047682588919997215,0.05257099613899818,0.26722446609923106,0.1337006646617506,0.006227767809669338,0.08558462528139582
39971,1171,H1_45,0,0.0012749356683343649,0.002006103750318289,0.001128542236983776,0.0013682498829439282,0.0011445301352068782,0.0006925215129740536,0.4355407953262329,0.0006467020721174777,0.0016032225883187967,0.001331595929511045,0.0013883630762000498,0.000253873774216272,0.03356858588963423
39972,1171,H1_45,0,0.01828557439148426,0.012105979025363922,0.0360993891954422,0.0293081346899271,0.028080662712454796,0.061427175998687744,0.4355407953262329,0.014866485260426998,0.027980617038223816,0.10737526123358514,0.11355960121714893,0.013160164933745673,0.05579688186613055
39973,1171,H1_45,0,0.00299078063108027,0.026076126843690872,0.003570758504793048,0.0032610511407256126,0.003051904495805502,0.010139122605323792,0.4355407953262329,0.0020686283241957426,0.07385963022605804,0.0936888121826468,0.07684023537150843,0.0014629677109769086,0.04876544374138536
39974,1171,H1_45,0,0.02806822396814823,0.01870061084628105,0.02258644998073578,0.03670268878340721,0.0026006808038800955,0.005000049248337746,0.4355407953262329,0.008479752577841282,0.9222661827330768,0.18350205471117037,0.0881588129395679,0.010276060572197014,0.05146881384974731
39975,1171,H1_45,0,0.061689332127571106,0.05057899281382561,0.05899935960769653,0.045622412115335464,0.030049366876482964,0.08052703738212585,0.4355407953262329,0.017616285011172295,0.7399434589606206,0.11188952540466608,0.058284038204065254,0.0025283546387819718,0.0416993477060473
39976,1171,H1_45,0,0.004517602268606424,0.00981083232909441,0.005357885733246803,0.0045007397420704365,0.005340185482054949,0.005603315774351358,0.4355407953262329,0.0038694075774401426,0.0001495893642929402,0.06470292670697107,0.06044663498370132,0.0011104546076464758,0.04473951684818172
39977,1171,H1_45,0,0.01169699989259243,0.09224849194288254,0.010918022133409977,0.010540314018726349,0.02846243791282177,0.01519278809428215,0.4355407953262329,0.005114651285111904,0.5674278081557516,0.14494399873425737,0.10244937823936384,0.008349329853147996,0.051916019930808716
39978,1171,H1_45,0,0.06004214286804199,0.22951540350914001,0.09522228688001633,0.04653765261173248,0.1552819162607193,0.13001087307929993,0.4355407953262329,0.11274924874305725,0.5102406223082351,0.16916231820962613,0.1868658726685078,0.048469309097807355,0.07098496876787441
39979,1171,H1_45,0,0.012849900871515274,0.01266276091337204,0.02896003983914852,0.007461119908839464,0.07514509558677673,0.023190317675471306,0.4355407953262329,0.016303494572639465,0.5884121164231847,0.116522259772794,0.15804211123306505,0.010516345635542955,0.05452518795190714
39982,1171,H1_45,0,0.22227177023887634,0.05355268716812134,0.19777743518352509,0.267638623714447,0.012532440014183521,0.13769762217998505,0.4355407953262329,0.17902499437332153,0.5350264616891972,0.2206640999335832,0.20340811709848233,0.15457623293483894,0.08650157952824894
39986,1171,H1_45,0,0.0016982614761218429,0.04359864071011543,0.0018008145270869136,0.0039102742448449135,0.025327948853373528,0.00039698765613138676,0.4355407953262329,0.004333725664764643,0.7407273313249214,0.043792717641387015,0.03648227909760865,0.0009242533082818568,0.03303597659654859
39987,1171,H1_45,0,0.0036453930661082268,0.002416750881820917,0.0057578193955123425,0.005120737478137016,0.0017496361397206783,0.0009918578434735537,0.4737924039363861,0.0024819683749228716,0.008717300206826949,0.002812004318032016,0.003195655746772521,0.0011106997988103583,0.03379257847214647
39989,1171,H1_45,0,0.048546548932790756,0.03287976607680321,0.03175666183233261,0.03631201758980751,0.0027643025387078524,0.03631378710269928,0.4737924039363861,0.015506399795413017,0.5885117196383572,0.15597084698847524,0.09051329542616786,0.00926451655894333,0.05205011309842922
39990,1171,H1_45,0,0.06950793415307999,0.0061734458431601524,0.02889200486242771,0.05336706340312958,0.013771304860711098,0.051686841994524,0.4737924039363861,0.02843867987394333,0.2512000417154373,0.22181174255245645,0.17153302174844465,0.008362251419955252,0.07989383435034648
39992,1171,H1_45,0,0.03629827871918678,0.3850914239883423,0.049182720482349396,0.026349270716309547,0.083701491355896,0.03794744238257408,0.4737924039363861,0.06444462388753891,0.7587940176151587,0.1817650790517074,0.12386464817261762,0.040277794715267434,0.05898736747690004
39993,1171,H1_45,0,0.6389660835266113,0.03322378173470497,0.6471439003944397,0.5380184054374695,0.02159600332379341,0.6202953457832336,0.4737924039363861,0.3270968794822693,0.7171919513423376,0.2562020774740074,0.26468643298698,0.20976770602995867,0.11038123259417286
39994,1171,H1_45,0,0.3756486177444458,0.125295951962471,0.47283631563186646,0.4240817427635193,0.006041829939931631,0.9228238463401794,0.4737924039363861,0.25330668687820435,0.9236912556122061,0.14753989600602485,0.14000039285500396,0.15937941164457237,0.05931903875836969
39995,1171,H1_45,0,0.03943375125527382,0.013975514099001884,0.04940114542841911,0.054363127797842026,0.032990243285894394,0.07709815353155136,0.4737924039363861,0.057953041046857834,0.3455692272303054,0.14855696490380724,0.13745155096668582,0.010964211093285344,0.06123011474806558
39996,1171,H1_45,0,0.11519774794578552,0.025213830173015594,0.13296163082122803,0.11043664813041687,0.12206187844276428,0.1121157705783844,0.4737924039363861,0.11498063057661057,0.8109040308298914,0.3868051186565871,0.24329030421157136,0.07654399071499102,0.12996203957149235
39997,1171,H1_45,0,0.026101531460881233,0.08535291254520416,0.014282571151852608,0.03543764725327492,0.017899297177791595,0.010718489065766335,0.4737924039363861,0.019144585356116295,0.053850059346519784,0.11760451815265792,0.050455914298504774,0.00879343838731148,0.04953153053934605
39999,1171,H1_45,0,0.0023337232414633036,0.011725383810698986,0.0030172907281666994,0.0033749055583029985,0.19315895438194275,0.0011625067563727498,0.4737924039363861,0.002724043093621731,0.28480755572979805,0.17043409662941805,0.06302378423074015,0.0003663146726386101,0.054370784381578725
40000,1171,H1_45,0,0.06557802110910416,0.019318999722599983,0.05799254775047302,0.05461107939481735,0.029112130403518677,0.019497718662023544,0.4737924039363861,0.010020200163125992,0.1288522387740287,0.1614845749095665,0.10434591997302485,0.0067066148128914725,0.06068500422905896
39971,1171,H2_15,0,0.0008394106407649815,0.0016564682591706514,0.0008490724139846861,0.0009484626352787018,0.001216801698319614,0.000699959578923881,0.05342498794198036,0.0004540349473245442,0.0005103975025692783,0.0,0.0,0.0002012287704387464,0.033364172818537825
39973,1171,H2_15,0,0.004745172802358866,0.04157380759716034,0.009489490650594234,0.005766973365098238,0.012686146423220634,0.009677393361926079,0.05342498794198036,0.005390124395489693,0.15336979456162192,0.11619794011626669,0.09767474359669825,0.006236453480170752,0.052972450338955195
39974,1171,H2_15,0,0.06772539764642715,0.06705807894468307,0.04582972824573517,0.052952975034713745,0.048379432410001755,0.019034644588828087,0.05342498794198036,0.04815394803881645,0.6576094558483887,0.11241046476550028,0.13814345021761032,0.03640559332381756,0.051678963337134974
39975,1171,H2_15,0,0.01407444104552269,0.10566451400518417,0.02018105238676071,0.032797135412693024,0.01324482075870037,0.09032347798347473,0.05342498794198036,0.036713067442178726,0.8950627938068939,0.12639715846936306,0.12574745927197056,0.017662436856621437,0.04892249794426523
39976,1171,H2_15,0,0.0051091196946799755,0.009636860340833664,0.008334233425557613,0.004010333213955164,0.018616661429405212,0.00473042530938983,0.05342498794198036,0.00366979674436152,4.8785529650003106e-06,0.06177273903059752,0.08555214404465257,0.0009255605234451184,0.046971258466731426
39977,1171,H2_15,0,0.000728687213268131,0.005628284532576799,0.001025693491101265,0.0019051949493587017,0.000904580345377326,0.001769630704075098,0.05342498794198036,0.0018976316787302494,0.027105281485829268,0.11592957067767526,0.11955616924457418,0.0019318954475435182,0.057286565063759926
39978,1171,H2_15,0,0.12716345489025116,0.15410465002059937,0.2565808892250061,0.12587252259254456,0.16469287872314453,0.2335507571697235,0.05342498794198036,0.13013924658298492,0.2585986677099333,0.1194198897769021,0.18429391127803607,0.1419614272152414,0.06795364149363221
39980,1171,H2_15,0,0.07077813148498535,0.050787195563316345,0.09331277012825012,0.09475882351398468,0.1424645483493805,0.22210557758808136,0.020822681486606598,0.12174633890390396,0.08514946307161089,0.16185252333126568,0.13504141689904497,0.06650480150585923,0.06975874469526912
39982,1171,H2_15,0,0.09812048822641373,0.003281382378190756,0.14945495128631592,0.09398876130580902,0.004008282441645861,0.09719987958669662,0.05342498794198036,0.05161798372864723,0.13666028445430917,0.07779854791268873,0.1364107078940245,0.14816023189553493,0.05523874725166552
39984,1171,H2_15,1,0.46088430285453796,0.28470560908317566,0.4381188750267029,0.36464154720306396,0.3053930699825287,0.6263861060142517,0.020822681486606598,0.46795451641082764,0.7080172438936376,0.2110872043822008,0.2608792995539529,0.38829673960239197,0.1074401754739307
39986,1171,H2_15,0,0.001962110633030534,0.00897511187940836,0.003768622176721692,0.0018312354804947972,0.01942766271531582,0.0019383274484425783,0.05342498794198036,0.003555885050445795,0.5898351042733705,0.0518650192641793,0.06460706875919457,0.0009954295858979872,0.037319715913139345
39987,1171,H2_15,0,0.0018190520349889994,0.0018572536064311862,0.002940425416454673,0.0023813999723643064,0.0014366870746016502,0.0006831969367340207,0.4162046015262604,0.0018147642258554697,0.005305157463850048,0.0014804083885209712,0.0,0.0006757363102035954,0.03346230192061963
39989,1171,H2_15,0,0.11119049042463303,0.08636561036109924,0.03697658330202103,0.07996430993080139,0.034201014786958694,0.17569811642169952,0.4162046015262604,0.10086233913898468,0.4277318190607133,0.11072031205467704,0.10549531197541707,0.02692872546595558,0.05200586902053183
39990,1171,H2_15,0,0.017370358109474182,0.01014048233628273,0.010950782336294651,0.013249870389699936,0.01952916570007801,0.016019852831959724,0.4162046015262604,0.013494467362761497,0.09416567626390639,0.10147218815470115,0.08733058742071581,0.005162593885117965,0.05090940872757754
39992,1171,H2_15,0,0.06759929656982422,0.12328016757965088,0.08749466389417648,0.05933981016278267,0.09905450791120529,0.09963971376419067,0.4162046015262604,0.08272667974233627,0.7842116209813242,0.08156223383519366,0.10378540679278218,0.04318304424330876,0.04364775319604003
39993,1171,H2_15,0,0.6582884788513184,0.032739683985710144,0.7693433165550232,0.4738466739654541,0.06835844367742538,0.834557294845581,0.4162046015262604,0.5829117894172668,0.73945645811361,0.21497398925823646,0.2638482988116134,0.3528928644583572,0.11345405389605405
39994,1171,H2_15,0,0.1331867277622223,0.02910325676202774,0.1701185405254364,0.14699269831180573,0.12983755767345428,0.540420651435852,0.4162046015262604,0.08061884343624115,0.8284350718505716,0.11844197404595572,0.15725165176112862,0.04149216880617058,0.05334051139307757
39995,1171,H2_15,0,0.07517590373754501,0.044763028621673584,0.07574096322059631,0.05110761150717735,0.0776541605591774,0.04038412496447563,0.4162046015262604,0.1234108954668045,0.6026784615985556,0.07975872795892205,0.12383665420960362,0.06267339014199277,0.04863280195253616
39996,1171,H2_15,0,0.07953622192144394,0.00372955109924078,0.08343029022216797,0.09351170063018799,0.006307421252131462,0.03645816817879677,0.4162046015262604,0.03544876351952553,0.19376102434649173,0.11174125237687851,0.14729235052702083,0.009924962999849886,0.05869383293578356
39997,1171,H2_15,0,0.0054094442166388035,0.043838657438755035,0.008072067983448505,0.006377289071679115,0.008692306466400623,0.018467023968696594,0.4162046015262604,0.004213869106024504,0.00944809451917987,0.06039324299261918,0.0569406104932194,0.002668674060305722,0.0438356113842453
39999,1171,H2_15,0,0.0033321355003863573,0.012530014850199223,0.0020124688744544983,0.004599169362336397,0.010386514477431774,0.004956889431923628,0.4162046015262604,0.0024437655229121447,0.007756333778337506,0.053932496712805277,0.03885505080437762,0.000648953911827687,0.04141778145064023
40000,1171,H2_15,0,0.041219115257263184,0.007814339362084866,0.018693769350647926,0.035088054835796356,0.024063898250460625,0.11653216183185577,0.4162046015262604,0.007207173854112625,0.07123858265687703,0.09075102176676793,0.08683789320574853,0.010834709037778853,0.049725886354127134
39971,1171,H2_30,0,0.0006728444714099169,0.0016564682591706514,0.0009400934795849025,0.0009383238502778113,0.0016020805342122912,0.0006687016575597227,0.05890567973256111,0.00048217206494882703,0.0013422228394583055,0.0,0.0,0.0002928371041847673,0.03335714247301655
39973,1171,H2_30,0,0.0021847954485565424,0.002532514277845621,0.0024392446503043175,0.001409134711138904,0.0025148692075163126,0.011340213008224964,0.05890567973256111,0.0015552279073745012,0.7392567533212169,0.07681610772910324,0.05403224955094919,0.001504380092134467,0.037396077528325126
39974,1171,H2_30,0,0.008802550844848156,0.012647783383727074,0.00796988233923912,0.0060928622260689735,0.02348480187356472,0.023517077788710594,0.05890567973256111,0.01413347851485014,0.5918634892157767,0.07750209134859132,0.06980884769589168,0.002271259496010572,0.04050725514618634
39975,1171,H2_30,0,0.012593146413564682,0.053835514932870865,0.016521204262971878,0.00983817595988512,0.0066528283059597015,0.061572473496198654,0.05890567973256111,0.026645226404070854,0.7379748017808182,0.11057638835061039,0.1262432892265825,0.007971015926882836,0.048513568298025146
39980,1171,H2_30,0,0.03846035525202751,0.15641681849956512,0.04333890229463577,0.024668188765645027,0.04911955073475838,0.2189597636461258,0.028632156550884247,0.10086791962385178,0.4102988678849457,0.12661101705260994,0.14629079473893944,0.012890496283101552,0.059357682297767105
39981,1171,H2_30,1,0.002994105452671647,0.008398840203881264,0.003966041374951601,0.0032019764184951782,0.007533442694693804,0.011415738612413406,0.03934651240706444,0.008388073183596134,0.11160728444600042,0.11847087354875666,0.08868132215245024,0.007372689758355656,0.05288720260092953
39982,1171,H2_30,0,0.03504428267478943,0.00533318892121315,0.03784523159265518,0.044570572674274445,0.02496161125600338,0.14941643178462982,0.05890567973256111,0.024459082633256912,0.4896400038986079,0.051263132168086964,0.07615598305117947,0.009494608571110183,0.03970002691709931
39983,1171,H2_30,0,0.08072760701179504,0.07420722395181656,0.07612763345241547,0.0524204820394516,0.4096853733062744,0.13790449500083923,0.03934651240706444,0.06482645869255066,0.053157214135411114,0.1812805595982799,0.20932837542927904,0.026677641383563447,0.08375825454802689
39984,1171,H2_30,1,0.4988807439804077,0.1250515729188919,0.48955437541007996,0.38828253746032715,0.1803087443113327,0.7346482872962952,0.028632156550884247,0.6939185857772827,0.9008449088813155,0.2692974019607306,0.3863550702294681,0.7698090163069268,0.17609144342075297
39985,1171,H2_30,0,0.0328032560646534,0.008928818628191948,0.035551849752664566,0.031953975558280945,0.011845950968563557,0.10812605917453766,0.0516001433134079,0.015356182120740414,0.2677440717412961,0.024425655811969944,0.03969813958743662,0.005696775376486926,0.03617173366807853
39986,1171,H2_30,0,0.017069030553102493,0.0008986449684016407,0.030840709805488586,0.011887417174875736,0.03517543524503708,0.00222111982293427,0.05890567973256111,0.0067148832604289055,0.9396371822256095,0.09994509083635272,0.061414482126402284,0.001643846979595471,0.03859042482870122
39987,1171,H2_30,0,0.0019518275512382388,0.0018572536064311862,0.00228261761367321,0.002261887537315488,0.0009384467266499996,0.0008465463179163635,0.439181387424469,0.00153452274389565,0.0017636787203419932,0.0014804083885209714,0.0021483504683630058,0.0004324841549198838,0.03365299787270834
39989,1171,H2_30,0,0.0455203503370285,0.06582999229431152,0.022272277623414993,0.04173259437084198,0.012269090861082077,0.13741996884346008,0.439181387424469,0.05219200626015663,0.08383795687044211,0.16192739852798785,0.08542134037996317,0.01166996058344336,0.06020655958956117
39990,1171,H2_30,0,0.008651425130665302,0.0031119182240217924,0.0064054932445287704,0.005985816940665245,0.0036346702836453915,0.03091241978108883,0.439181387424469,0.008032271638512611,0.01975280311464642,0.0571776305880029,0.037545535527652475,0.005170090083864146,0.04163303478535716
39991,1171,H2_30,0,0.00636128569021821,0.0033164096530526876,0.006681473460048437,0.006411353126168251,0.01494448073208332,0.012439473532140255,0.04212380573153496,0.014782309532165527,0.280437310254726,0.06473178988810924,0.09354483268052517,0.007233884018813232,0.04489468154957769
39992,1171,H2_30,0,0.04269932582974434,0.03266526386141777,0.022893929854035378,0.03411097452044487,0.02758926711976528,0.02369261533021927,0.439181387424469,0.020213503390550613,0.5743338343965202,0.04876646857594342,0.05559283704829105,0.004437905483819561,0.03675171492940221
39993,1171,H2_30,0,0.5649140477180481,0.04380396008491516,0.5074543952941895,0.4409233033657074,0.03690079599618912,0.2893642783164978,0.439181387424469,0.44325295090675354,0.5232531022966775,0.2253038477094554,0.22000625016572264,0.21735502848304925,0.1032341852862922
39995,1171,H2_30,0,0.0069702183827757835,0.021324586123228073,0.014519994147121906,0.006007668562233448,0.003220680635422468,0.01963616907596588,0.439181387424469,0.010445662774145603,0.13075779309468682,0.05249319031338424,0.04854963312265932,0.006056086444298527,0.04095647678893705
39997,1171,H2_30,0,0.0015254005556926131,0.08996466547250748,0.000872819044161588,0.001519713900052011,0.0012044383911415935,0.007898752577602863,0.439181387424469,0.0010409082751721144,0.00707151238356179,0.031014866793174126,0.03284215183933535,0.0003852374029319603,0.03863887817532235
39998,1171,H2_30,0,0.2790171802043915,0.03719985485076904,0.34951406717300415,0.23548191785812378,0.43063437938690186,0.7049652338027954,0.09401308745145798,0.1858258694410324,0.43356934961106497,0.08100811704991423,0.24903895710700757,0.12880387765797088,0.06987706632306002
39999,1171,H2_30,0,0.016872702166438103,0.002739931922405958,0.009676173329353333,0.014586840756237507,0.0028384309262037277,0.01508910208940506,0.439181387424469,0.0022678119130432606,0.05093251809692441,0.06457736723831896,0.03725425601632108,0.002150689967142357,0.04185666797779728
40000,1171,H2_30,0,0.014331802725791931,0.0016799321165308356,0.008294099941849709,0.010350685566663742,0.012597694993019104,0.010739077813923359,0.439181387424469,0.0018116470891982317,0.059768272158818456,0.08935463700837512,0.06257911888476611,0.0011753610684970255,0.04692004365839136
40715,1188,H1_15,0,0.010224292054772377,0.12845318019390106,0.004574244376271963,0.006167319603264332,0.011815370060503483,0.0027468488551676273,0.5855106115341187,0.006656380370259285,0.06397084835190776,0.1466683938754768,0.10589049015016838,0.0010052885592731773,0.05952370779396978
40716,1188,H1_15,0,0.0032498009968549013,0.047847747802734375,0.004395014606416225,0.004993685986846685,0.03771347552537918,0.0012415916426107287,0.5855106115341187,0.003618096001446247,0.23249507553585705,0.133068541037177,0.07354612003122388,0.002602028032189452,0.05128330522306234
40717,1188,H1_15,0,0.027915574610233307,0.20927271246910095,0.0313158854842186,0.02976844646036625,0.033107221126556396,0.016881555318832397,0.5855106115341187,0.03639914467930794,0.617420553939348,0.19128761043155804,0.11152272578304706,0.01033656448383361,0.059927183812055564
40719,1188,H1_15,0,0.17545075714588165,0.11911673098802567,0.21227742731571198,0.14824019372463226,0.09613977372646332,0.14691956341266632,0.5855106115341187,0.1929735243320465,0.7775816445047481,0.3249662465379419,0.26646259726042865,0.09664237038158417,0.12132661184369731
40720,1188,H1_15,0,0.3534051775932312,0.5801558494567871,0.24451301991939545,0.3228738009929657,0.3667377531528473,0.08377943187952042,0.5855106115341187,0.38705316185951233,0.6503974842068687,0.41809741880100104,0.3265467456118886,0.2236073262232428,0.18960763790437227
40721,1188,H1_15,0,0.2014630287885666,0.44037148356437683,0.12790945172309875,0.17281223833560944,0.07716892659664154,0.11394240707159042,0.5855106115341187,0.07529173046350479,0.7190072289571703,0.24410997707237328,0.178549592990022,0.010253353695089817,0.07902174182175388
40724,1188,H1_15,0,0.011457104235887527,0.009224153123795986,0.014175697229802608,0.013506755232810974,0.07268096506595612,0.012193127535283566,0.5855106115341187,0.020010272040963173,0.8513870105913122,0.19847630574860198,0.11809973478207922,0.014717202769809689,0.05836551634693557
40725,1188,H1_15,0,0.2058156132698059,0.13933537900447845,0.2575693130493164,0.23844419419765472,0.29295676946640015,0.15944290161132812,0.5855106115341187,0.14986805617809296,0.79150717768564,0.47480829800279933,0.31733766740439806,0.05090018152698824,0.18813049617102798
40727,1188,H1_15,0,0.10183766484260559,0.3280488848686218,0.045203499495983124,0.07533705234527588,0.050374116748571396,0.17473620176315308,0.5855106115341187,0.046417005360126495,0.48218956227251397,0.22305760184169987,0.17406580587189824,0.008946295746042457,0.07706441939517185
40729,1188,H1_15,0,0.0005455011851154268,0.0018086410127580166,0.0006430369103327394,0.000517102365847677,0.021729907020926476,0.00027828101883642375,0.5855106115341187,0.0008601274457760155,0.002590312454881706,0.023178100272842807,0.02914296719905231,0.00027089205629965597,0.03764744399782736
40730,1188,H1_15,0,0.02482444979250431,0.002416750881820917,0.0185005534440279,0.02613731287419796,0.002308804076164961,0.025896195322275162,0.7364792227745056,0.0030417251400649548,0.007642191734576178,0.0,0.0039381081231669715,0.0015699086229981026,0.0336450678077418
40731,1188,H1_15,1,0.11520278453826904,0.07409709692001343,0.09609055519104004,0.07451434433460236,0.01556448731571436,0.06594432890415192,0.7364792227745056,0.03177467733621597,0.7159797074110057,0.17893377022126095,0.14265547396577538,0.02053680708771521,0.060582871424793704
40732,1188,H1_15,0,0.657518744468689,0.3316774070262909,0.7517659068107605,0.6841855049133301,0.16958710551261902,0.7050879001617432,0.7364792227745056,0.7027178406715393,0.7527268223143042,0.6096522699823369,0.441688185360868,0.7156218335721484,0.3796331322491664
40733,1188,H1_15,0,0.04367492347955704,0.24016407132148743,0.06746858358383179,0.03735031932592392,0.024651827290654182,0.02603035420179367,0.7364792227745056,0.030042527243494987,0.9225561520182982,0.30714139384296074,0.1657727708357113,0.02635033009627758,0.08542476073322001
40734,1188,H1_15,0,0.506340503692627,0.2166135609149933,0.5380825400352478,0.49580252170562744,0.17422941327095032,0.21152079105377197,0.7364792227745056,0.37045612931251526,0.955794573532522,0.5077596256909374,0.31837625642299316,0.18467822485938212,0.21435435296704805
40735,1188,H1_15,0,0.010290787555277348,0.348200261592865,0.008896668441593647,0.007245090324431658,0.014372599311172962,0.009586666710674763,0.7364792227745056,0.004875177051872015,0.5937719604748624,0.15000964613548973,0.10510012249861538,0.0019581035593857514,0.05254606688795018
40736,1188,H1_15,0,0.17726671695709229,0.19159053266048431,0.19616234302520752,0.2498161345720291,0.10275545716285706,0.08343501389026642,0.7364792227745056,0.23760853707790375,0.8895575805283016,0.300896858737947,0.2362321417975537,0.15343512327889647,0.10724064090820362
40738,1188,H1_15,0,0.17326757311820984,0.3480401337146759,0.18345536291599274,0.2166946828365326,0.08587566763162613,0.395238995552063,0.7364792227745056,0.3810696303844452,0.9892981894394637,0.4518157588701175,0.3001282150581937,0.18611504594951817,0.1824327698122812
40739,1188,H1_15,0,0.0798240602016449,0.07542730122804642,0.033417705446481705,0.04879393428564072,0.02485411986708641,0.055716633796691895,0.7364792227745056,0.03237606957554817,0.34054886970361353,0.14101955508263353,0.13082442125272417,0.009266902154820185,0.05856153685962299
40741,1188,H1_15,1,0.45401468873023987,0.07847069948911667,0.3590258061885834,0.19545376300811768,0.041423115879297256,0.5618712902069092,0.7364792227745056,0.10101909935474396,0.8793028817270668,0.29106225523156576,0.2792750383038172,0.021921979512384636,0.1076389903530498
40744,1188,H1_15,0,0.2534138858318329,0.03351911902427673,0.18005208671092987,0.21547025442123413,0.10447035729885101,0.05115541070699692,0.7364792227745056,0.13240328431129456,0.432088947757296,0.22211418759737314,0.17572828837083015,0.06200037849124471,0.0814590743346938
40715,1188,H1_30,0,0.0012264590477570891,0.017619313672184944,0.0019459271570667624,0.002084455220028758,0.005829472094774246,0.0038996171206235886,0.5047361850738525,0.004403857514262199,0.03694851047524171,0.0917993280496518,0.07764449394170116,0.0035563491506360448,0.049183913140088124
40716,1188,H1_30,0,0.0005266610532999039,0.01243914570659399,0.0005345455720089376,0.0010529451537877321,0.0027718511410057545,0.0018095433479174972,0.5047361850738525,0.001755517441779375,0.006783125539319687,0.065054599217738,0.03969362598728237,0.0006373948040693699,0.04262988853566005
40717,1188,H1_30,0,0.15309114754199982,0.006667120847851038,0.17759740352630615,0.06074224412441254,0.005581870209425688,0.2663457989692688,0.5047361850738525,0.016166148707270622,0.32133277958799245,0.15328377246778924,0.11454651309878025,0.002856494592089758,0.05808707946910243
40719,1188,H1_30,0,0.1496235430240631,0.37286633253097534,0.08877195417881012,0.1211993470788002,0.02647905796766281,0.4185080826282501,0.5047361850738525,0.09390130639076233,0.7396020978111929,0.25697908161250205,0.20799511748560973,0.06982633006419181,0.08740646121609315
40720,1188,H1_30,0,0.4497235417366028,0.3987330496311188,0.5344269275665283,0.5083994269371033,0.24996161460876465,0.26276546716690063,0.5047361850738525,0.41147381067276,0.9817898131863936,0.3273426740413543,0.33882762232881336,0.42966174716025185,0.15107971038585702
40721,1188,H1_30,0,0.12681490182876587,0.1461603045463562,0.09858040511608124,0.07089650630950928,0.06960254907608032,0.13789930939674377,0.5047361850738525,0.14972440898418427,0.9568615432487949,0.33927074943888436,0.23614776046658825,0.047801934227702625,0.11215484802055094
40724,1188,H1_30,0,0.003554744878783822,0.019622450694441795,0.004974269308149815,0.0037739521358162165,0.020181871950626373,0.017260901629924774,0.5047361850738525,0.004317454528063536,0.10666809132561278,0.11868447667795536,0.09866997781826865,0.0024282282797647345,0.05401694022683776
40725,1188,H1_30,0,0.05189938843250275,0.04098416492342949,0.06730138510465622,0.0683547705411911,0.03919467329978943,0.038677919656038284,0.5047361850738525,0.060800760984420776,0.08488370295322617,0.23372801014747432,0.16534347074399167,0.021764465841619163,0.08582395416032719
40727,1188,H1_30,0,0.022941062226891518,0.02928725630044937,0.01226282399147749,0.01791689172387123,0.03959430754184723,0.029475614428520203,0.5047361850738525,0.014448551461100578,0.11388328211383013,0.1445092203590936,0.08573147583917372,0.0029116988596247975,0.056160403637011476
40729,1188,H1_30,0,0.0004256887477822602,0.0005248804809525609,0.00034271253389306366,0.00034617551136761904,0.0009332101908512414,0.00029061350505799055,0.5047361850738525,0.0005126481992192566,3.4079957191620043e-05,0.0029474381100697386,0.008076182376509396,0.00011736733546686055,0.03422269497342082
40730,1188,H1_30,0,0.09536801278591156,0.002416750881820917,0.053486380726099014,0.09084199368953705,0.011845950968563557,0.040408529341220856,0.5300819873809814,0.00908950250595808,0.11682719728587568,0.03833873507338492,0.02485702392915556,0.003475484713315611,0.037627933117031935
40731,1188,H1_30,0,0.03096507489681244,0.03064126707613468,0.025711998343467712,0.01626029796898365,0.01022722665220499,0.042558103799819946,0.5300819873809814,0.014938713051378727,0.6749193342456521,0.18831338351480983,0.1369883538919329,0.006760157890806433,0.061382023951678875
40732,1188,H1_30,0,0.045093994587659836,0.004955422133207321,0.016258589923381805,0.0501018650829792,0.02059045061469078,0.08275554329156876,0.5300819873809814,0.013381310738623142,0.41142717610035534,0.1413611854071531,0.12653035148464603,0.018065881417579654,0.05658588251828197
40733,1188,H1_30,0,0.236189603805542,0.14637748897075653,0.12076178193092346,0.1980375349521637,0.07316496223211288,0.05936308577656746,0.5300819873809814,0.17152509093284607,0.9471688816315758,0.3116291357386221,0.18523543897766748,0.04951594155040124,0.09518945618604657
40734,1188,H1_30,0,0.020818617194890976,0.09667372703552246,0.019221242517232895,0.01956547424197197,0.0855947956442833,0.01364757027477026,0.5300819873809814,0.03018685057759285,0.05930467129440821,0.12903495555837594,0.11103182142953621,0.007768660117929232,0.058415240664688554
40735,1188,H1_30,0,0.06466039270162582,0.05818900465965271,0.048660341650247574,0.023651447147130966,0.09623700380325317,0.07554600387811661,0.5300819873809814,0.06956128031015396,0.018597130652170103,0.12493688357091814,0.1381127693584108,0.04750125990026862,0.06357247784204963
40736,1188,H1_30,0,0.014935877174139023,0.03323052078485489,0.01046744640916586,0.024822035804390907,0.024230407550930977,0.05317160114645958,0.5300819873809814,0.007363054435700178,0.39966331258040816,0.11875073537018979,0.08953326756064055,0.0014155997871749555,0.049187681740216475
40738,1188,H1_30,0,0.4250654876232147,0.17596745491027832,0.4726921319961548,0.5676894783973694,0.1973477154970169,0.6776059865951538,0.5300819873809814,0.5377476811408997,0.7918123705658963,0.33278261600713394,0.3295597327620926,0.4774923442705354,0.16611794764024504
40739,1188,H1_30,0,0.03206544369459152,0.022681768983602524,0.05571053922176361,0.07315637171268463,0.09221379458904266,0.0372324101626873,0.5300819873809814,0.045204516500234604,0.02283774453374816,0.1256142453101787,0.13409750558739691,0.015068409201482412,0.062025280903409995
40741,1188,H1_30,1,0.23783893883228302,0.11738528311252594,0.17262165248394012,0.19431623816490173,0.09916216880083084,0.12370388954877853,0.5300819873809814,0.11913735419511795,0.030330150145809615,0.16787599153346353,0.14182577226717732,0.10202393816519989,0.07311828975300931
40744,1188,H1_30,0,0.02776450850069523,0.009066562168300152,0.008906755596399307,0.01708189956843853,0.03138279169797897,0.04365941509604454,0.5300819873809814,0.011830823495984077,0.03152705091701598,0.14311422464202053,0.13280766621859694,0.00847660234169815,0.06331034356761417
40715,1188,H1_45,0,0.04012686386704445,0.1838199943304062,0.01953868195414543,0.040826935321092606,0.03265123441815376,0.013549447059631348,0.4355407953262329,0.03682587295770645,0.6413416576435155,0.11062621248929552,0.09219156737956775,0.012143331295669397,0.046331911619295806
40716,1188,H1_45,0,0.0034014873672276735,0.026395756751298904,0.0029329319950193167,0.004556985106319189,0.015070737339556217,0.0029239319264888763,0.4355407953262329,0.008805193938314915,0.027319776148518226,0.05909899374021232,0.05827214659276463,0.0052196204139935524,0.04372936468596736
40717,1188,H1_45,0,0.2706686854362488,0.22238677740097046,0.4098189175128937,0.2589820623397827,0.25164082646369934,0.44339004158973694,0.4355407953262329,0.21500307321548462,0.8952030100309212,0.14977216313251498,0.16916262453013817,0.05355818299981486,0.06229933812641456
40719,1188,H1_45,0,0.18101993203163147,0.24342136085033417,0.16716568171977997,0.16576294600963593,0.08598671853542328,0.0973014086484909,0.4355407953262329,0.12049655616283417,0.48470515990847307,0.20023035057520533,0.12819048801217317,0.07460872599959167,0.06849063276645088
40720,1188,H1_45,0,0.7159909605979919,0.08406057953834534,0.5530766248703003,0.6839908957481384,0.21939001977443695,0.5336321592330933,0.4355407953262329,0.5975058674812317,0.8187771051659288,0.3558259346716457,0.39533150691168806,0.6670758856754903,0.20613077329593701
40721,1188,H1_45,0,0.33988285064697266,0.08126002550125122,0.22802715003490448,0.3743963837623596,0.06600181758403778,0.33541491627693176,0.4355407953262329,0.14553594589233398,0.6468780392818886,0.22093039290159955,0.18566728494738802,0.06499725877626708,0.07944573042636013
40724,1188,H1_45,0,0.007810769136995077,0.09180080890655518,0.010410126298666,0.009027541615068913,0.010649430565536022,0.011395544745028019,0.4355407953262329,0.023498879745602608,0.12073152382225515,0.06983295192923679,0.07279477447899638,0.00693494803613784,0.04552712918580018
40725,1188,H1_45,0,0.081172414124012,0.10568220913410187,0.050749268382787704,0.0709015280008316,0.07773242145776749,0.06783983111381531,0.4355407953262329,0.03713226318359375,0.03223256152655271,0.17277670556015473,0.11713308646923397,0.025901155413641096,0.06675139899322742
40727,1188,H1_45,0,0.013313792645931244,0.020120903849601746,0.013558105565607548,0.012896922416985035,0.01391632854938507,0.016706520691514015,0.4355407953262329,0.004882643464952707,0.42535083185853084,0.17275693921452695,0.11237509281359759,0.0014032636071566382,0.0589277784609219
40729,1188,H1_45,0,0.0001186067602247931,0.0005248804809525609,0.0002696228330023587,0.0002766108955256641,0.0007781701860949397,0.00014671024109702557,0.4355407953262329,0.00030885558226145804,1.9678307514881e-06,0.005930907046605251,0.007844876441296528,8.295501461821986e-05,0.03444677181011797
40730,1188,H1_45,0,0.0118039445951581,0.002416750881820917,0.010022111237049103,0.01080042589455843,0.002308804076164961,0.008999098092317581,0.4737924039363861,0.0026082389522343874,0.019469230768514128,0.0,0.003479828698905683,0.001509431534329386,0.033486594445501144
40731,1188,H1_45,0,0.01630350947380066,0.03231988847255707,0.03896065056324005,0.021271122619509697,0.23096230626106262,0.03783753141760826,0.4737924039363861,0.023088550195097923,0.7892891976972353,0.15364557368973528,0.13030389186155047,0.022981095680433133,0.054070123013017744
40732,1188,H1_45,0,0.017791034653782845,0.012957737781107426,0.007073276676237583,0.020308010280132294,0.0064998771995306015,0.04022041708230972,0.4737924039363861,0.01406977791339159,0.3834214613762742,0.1298448513903619,0.055517802231666226,0.0210365482548871,0.0474033997974469
40733,1188,H1_45,0,0.23150621354579926,0.09215600043535233,0.26957225799560547,0.25182077288627625,0.04142722859978676,0.04599696770310402,0.4737924039363861,0.30956757068634033,0.8956517208266148,0.2171774437326123,0.1846707259950565,0.34774661372381344,0.08212702396861145
40734,1188,H1_45,0,0.013248416595160961,0.06451338529586792,0.011252791620790958,0.012186158448457718,0.03952516242861748,0.013105330988764763,0.4737924039363861,0.009758546948432922,0.47669155284088155,0.12008308059877663,0.07930430354975598,0.002641294265892988,0.04739931343023344
40735,1188,H1_45,0,0.057531531900167465,0.15474814176559448,0.035422295331954956,0.047045838087797165,0.009770922362804413,0.041928309947252274,0.4737924039363861,0.02701847441494465,0.09946952904606407,0.0889431681685972,0.07906092353621239,0.015031318002824902,0.04879855969376548
40736,1188,H1_45,0,0.009140183217823505,0.10950353741645813,0.015705499798059464,0.016169371083378792,0.04813140630722046,0.011828293092548847,0.4737924039363861,0.02336636371910572,0.7016812360551586,0.08753661914003108,0.0797954379684846,0.014340019146484768,0.041578343145577075
40738,1188,H1_45,0,0.1670992523431778,0.014563883654773235,0.18685002624988556,0.178920716047287,0.24901576340198517,0.12833064794540405,0.4737924039363861,0.24664710462093353,0.9398951107919957,0.32577316040423654,0.2789734211516198,0.1649942993912335,0.12362897773882138
40739,1188,H1_45,0,0.01680930331349373,0.015438100323081017,0.019324831664562225,0.021515749394893646,0.013958544470369816,0.023517334833741188,0.4737924039363861,0.021269574761390686,0.14069299157145276,0.12161398523586268,0.10614001413834995,0.005169857148529469,0.05529493182925674
40741,1188,H1_45,1,0.26741719245910645,0.01770506612956524,0.3222913146018982,0.297165185213089,0.22795936465263367,0.41470810770988464,0.4737924039363861,0.22842857241630554,0.8111729553536218,0.18319793699325432,0.13444536537608678,0.21162996628067124,0.065556022279765
40744,1188,H1_45,0,0.026406049728393555,0.020222915336489677,0.025164935737848282,0.009904047474265099,0.004653256852179766,0.02596769668161869,0.4737924039363861,0.007771000266075134,0.021096127724925803,0.11760524412658785,0.09232310834827213,0.0013244874933782374,0.0544203441996203
40715,1188,H2_15,0,0.005515424534678459,0.00439018290489912,0.007742832414805889,0.00468730041757226,0.008715943433344364,0.004598171915858984,0.05342498794198036,0.009066147729754448,0.8694321224766274,0.08154262139003463,0.0877181257010959,0.007697521747557235,0.039677031250568116
40716,1188,H2_15,0,0.02053571306169033,0.12450702488422394,0.011068657971918583,0.027204524725675583,0.018589721992611885,0.010105705820024014,0.05342498794198036,0.03924506902694702,0.02464091198047762,0.10406676938709218,0.056140239161972395,0.014350121759607497,0.049414671914781806
40717,1188,H2_15,0,0.09849835932254791,0.00864132959395647,0.07983137667179108,0.07970870286226273,0.006411571521311998,0.2796788811683655,0.05342498794198036,0.05895671248435974,0.7875673853127498,0.040717167824145806,0.0838210715007955,0.040795062617503375,0.03713485298746282
40719,1188,H2_15,0,0.010729790665209293,0.043607499450445175,0.005123558919876814,0.010349570773541927,0.0020069899037480354,0.027372337877750397,0.05342498794198036,0.012653190642595291,0.01129926102885273,0.03908517714596525,0.03820209236128325,0.003538359515832195,0.04008335015669581
40720,1188,H2_15,0,0.07924117892980576,0.013838480226695538,0.17471250891685486,0.07701091468334198,0.05400875583291054,0.06999000906944275,0.05342498794198036,0.18600723147392273,0.9562526279452856,0.1138611775290748,0.16239544492255478,0.09506290733810864,0.054585169589406395
40721,1188,H2_15,0,0.1447000801563263,0.06175738945603371,0.07447575032711029,0.05398302152752876,0.05784766748547554,0.17676323652267456,0.05342498794198036,0.04026883468031883,0.5352986273446223,0.06638753016212191,0.13658040629270232,0.01231815963322243,0.046986701573857724
40723,1188,H2_15,0,0.12993815541267395,0.017755158245563507,0.15017758309841156,0.12929604947566986,0.055034738034009933,0.09124471992254257,0.10064619779586792,0.19174396991729736,0.9783019642819039,0.23320857242309762,0.26291792212703746,0.11363186764962874,0.09171312618667776
40724,1188,H2_15,0,0.003254037583246827,0.010286649689078331,0.0016517170006409287,0.003430725308135152,0.0012324490817263722,0.0018205512315034866,0.05342498794198036,0.001453010831028223,0.005878318713084879,0.0594604147441786,0.03992531728561969,0.0017694479161705374,0.04208721783908981
40725,1188,H2_15,0,0.007395152002573013,0.007634576875716448,0.009688463993370533,0.011274900287389755,0.07733971625566483,0.0036627145018428564,0.05342498794198036,0.00959684420377016,0.06308458964034844,0.039250774349319915,0.04790296818333101,0.004181822879165988,0.04032548632318859
40729,1188,H2_15,0,8.770851127337664e-05,0.0005039082607254386,0.00025257389643229544,0.00018219801131635904,0.001218125456944108,0.00013777556887362152,0.05342498794198036,0.00035235294490121305,2.2605210304325993e-06,0.0013315959295110453,0.0030533926898352495,6.358019066817374e-05,0.03370416329607811
40730,1188,H2_15,0,0.004035816993564367,0.0018572536064311862,0.004268763121217489,0.0046838982962071896,0.0015434949891641736,0.0035158423706889153,0.4162046015262604,0.0017497902736067772,0.014698845939159329,0.0,0.0,0.0009372851872870055,0.03325301469352953
40731,1188,H2_15,0,0.0069221993908286095,0.04011912643909454,0.010820071212947369,0.0075756097212433815,0.08494404703378677,0.011619700118899345,0.4162046015262604,0.01478601898998022,0.8422308845152443,0.12634847854711856,0.09243882440749558,0.014005713631776584,0.04555344673230826
40732,1188,H2_15,0,0.08592645823955536,0.4595150947570801,0.1605013906955719,0.1192137748003006,0.5007883310317993,0.06345494091510773,0.4162046015262604,0.25461456179618835,0.9286521515644798,0.1688317969425425,0.17365907178179354,0.4461603195782339,0.07012482088341128
40733,1188,H2_15,0,0.14112000167369843,0.01742737367749214,0.24083943665027618,0.09577618539333344,0.13220882415771484,0.08906345814466476,0.4162046015262604,0.36700356006622314,0.9364393461230904,0.15644837034892056,0.23456547072840078,0.20865920017439527,0.07857737588654942
40734,1188,H2_15,0,0.03898574411869049,0.03564220666885376,0.056223075836896896,0.033833231776952744,0.038170866668224335,0.012010428123176098,0.4162046015262604,0.051460109651088715,0.9370093277889995,0.0900663793281346,0.09645535967593738,0.0296507221728759,0.04160277447852932
40735,1188,H2_15,0,0.010370085015892982,0.08721383661031723,0.012727237306535244,0.005216509103775024,0.0017720507457852364,0.01013987883925438,0.4162046015262604,0.013078315183520317,0.2292593908253687,0.05887937782702611,0.050739338338133724,0.0011049269350651622,0.040718254248547935
40736,1188,H2_15,0,0.005864126607775688,0.2912586033344269,0.007023272104561329,0.0036645664367824793,0.00857844203710556,0.014177537523210049,0.4162046015262604,0.0045659467577934265,0.6256368093176382,0.07899796818063734,0.04230793502683121,0.002256331656545382,0.037757083009806784
40738,1188,H2_15,0,0.09108074009418488,0.0057857767678797245,0.14402568340301514,0.13016478717327118,0.19091945886611938,0.17679142951965332,0.4162046015262604,0.11246828734874725,0.0104901436005951,0.19103466100041092,0.21708669536918554,0.07975166823184014,0.09064023526754839
40739,1188,H2_15,0,0.0033283671364188194,0.006548642180860043,0.007580207195132971,0.00779767194762826,0.16077667474746704,0.012574044056236744,0.4162046015262604,0.00394913787022233,0.5151480628440476,0.09545557006669493,0.05238273777486363,0.0033369476046450335,0.04141390797515732
40740,1188,H2_15,0,0.03662211447954178,0.0015881139552220702,0.049357857555150986,0.041470110416412354,0.028530463576316833,0.015614466741681099,0.12064387649297714,0.08126495033502579,0.1635548041373417,0.11614819042639696,0.141617513303719,0.009521123120734358,0.06039465470791383
40741,1188,H2_15,1,0.15138426423072815,0.0059913466684520245,0.1387263834476471,0.145262211561203,0.024029839783906937,0.1733480840921402,0.4162046015262604,0.06207778677344322,0.39958742568046174,0.0945631645590405,0.10798947079341321,0.06978326029893844,0.049917656139878065
40715,1188,H2_30,0,0.006649589631706476,0.014778698794543743,0.004962659440934658,0.006125128827989101,0.007600058801472187,0.00570274842903018,0.05890567973256111,0.004263976588845253,0.039398905629596234,0.04918828927075146,0.056045779173153454,0.002867677711785646,0.04222399061018109
40716,1188,H2_30,0,0.0029984500724822283,0.006429239176213741,0.002046845853328705,0.0019187177531421185,0.006480058655142784,0.002137686125934124,0.05890567973256111,0.0022124294191598892,0.009550508628167972,0.03255533701558257,0.019946076967748423,0.0003868258063920956,0.03767418130118132
40717,1188,H2_30,0,0.010973324067890644,0.03590992093086243,0.012608328834176064,0.010291467420756817,0.0021461229771375656,0.11448351293802261,0.05890567973256111,0.007260244805365801,0.3544750617714756,0.0167694279445661,0.04469263126978719,0.006425641672203793,0.034903402087300826
40719,1188,H2_30,0,0.04930158704519272,0.005433950573205948,0.03228401765227318,0.053986016660928726,0.07473312318325043,0.02259640395641327,0.05890567973256111,0.01872915029525757,0.14031785470192834,0.03164525902294004,0.02701996226839598,0.01592601814242806,0.037213471430451235
40720,1188,H2_30,0,0.3583042621612549,0.003112531965598464,0.4449462890625,0.3847443759441376,0.04908226430416107,0.5345162153244019,0.05890567973256111,0.3183611333370209,0.5720804577677283,0.16436695598419018,0.16114423791640284,0.252462555508158,0.07381047455523064
40722,1188,H2_30,0,0.0016475524753332138,0.009969102218747139,0.002333328127861023,0.001837553340010345,0.03236667439341545,0.0026000242214649916,0.024426652118563652,0.011817140504717827,0.2705557968148481,0.04628522779164178,0.09902411745370447,0.009579989485469861,0.04349546931539411
40723,1188,H2_30,0,0.0791039764881134,0.472378671169281,0.17739231884479523,0.10037464648485184,0.13718995451927185,0.22503827512264252,0.13015510141849518,0.24731172621250153,0.47412410188896853,0.12797608765731264,0.16995494475244555,0.18733713023731308,0.06766507198019418
40725,1188,H2_30,0,0.00030414958018809557,0.021951261907815933,0.0005336999311111867,0.000669436005409807,0.0033947755582630634,0.0005304284277372062,0.05890567973256111,0.0008431510650552809,0.032839563381015964,0.016772107749779837,0.00731320989789649,0.0004267854635468349,0.03499289904647982
40728,1188,H2_30,0,0.0021310162264853716,0.028313273563981056,0.0013553499011322856,0.0014377539046108723,0.010385431349277496,0.0023180588614195585,0.024426652118563652,0.0012906171614304185,0.20336567562448046,0.07312333948699055,0.08680116152684668,0.0006021810216125728,0.04574833772596831
40729,1188,H2_30,0,7.602594996569678e-05,0.0005039082607254386,0.00012983198394067585,0.00016820435121189803,0.0012899498688057065,0.0001375497959088534,0.05890567973256111,0.00024527404457330704,5.525394345631167e-07,0.0,0.003384911578884938,3.924988124049504e-05,0.03361998082809311
40730,1188,H2_30,0,0.0034937462769448757,0.0018572536064311862,0.003961428999900818,0.00402402225881815,0.002356290817260742,0.0026102084666490555,0.439181387424469,0.0013900118647143245,0.015246530061268712,0.0,0.0,0.0009134359469149227,0.03324141892526012
40731,1188,H2_30,0,0.008181290701031685,0.007882104255259037,0.006330811884254217,0.01164532545953989,0.004497021436691284,0.016760805621743202,0.439181387424469,0.005229558330029249,0.4429639337125968,0.06762542267326484,0.05081365882219973,0.0030497225973900176,0.03918216135913788
40732,1188,H2_30,0,0.014775401912629604,0.06690879166126251,0.010589496232569218,0.015845956280827522,0.006375862751156092,0.05239379405975342,0.439181387424469,0.008800729177892208,0.07592181934706262,0.11948609814768903,0.06262007233954453,0.01841904905231207,0.05062785869286623
40733,1188,H2_30,0,0.023828627541661263,0.004370520822703838,0.009401245974004269,0.021196477115154266,0.000940194702707231,0.07139681279659271,0.439181387424469,0.01876230165362358,0.04535313216990493,0.06101616662633686,0.09295964056364826,0.011822788038796137,0.04750780438756782
40734,1188,H2_30,0,0.013956845737993717,0.11759787052869797,0.011507893912494183,0.005950471386313438,0.0017091174377128482,0.01278999075293541,0.439181387424469,0.005398239474743605,0.18452244117472022,0.09578953759846333,0.08147588199085659,0.0022293572066237376,0.04817002199580429
40736,1188,H2_30,0,0.004981411620974541,0.04310007393360138,0.004933343268930912,0.0038937239442020655,0.0005899575771763921,0.005858561024069786,0.439181387424469,0.0020371489226818085,0.09605167455030043,0.050860048809418336,0.027797353621042575,0.0006542261501554256,0.03912388582909154
40737,1188,H2_30,1,0.448621541261673,0.12034834921360016,0.48693960905075073,0.4380490183830261,0.42060762643814087,0.47440871596336365,0.03356405347585678,0.6824122071266174,0.6431463936757127,0.5292876598904412,0.4206111848818102,0.6539026769846454,0.3221759278038904
40739,1188,H2_30,0,0.004919743165373802,0.0071186949498951435,0.0025113990996032953,0.005543412175029516,0.005808454938232899,0.0164362620562315,0.439181387424469,0.0017944264691323042,0.0074179040740337205,0.08570083839376867,0.05826132855481927,0.0004088465065597134,0.04671172230635321
40740,1188,H2_30,0,0.0029614681843668222,0.00968253519386053,0.0027876850217580795,0.0026672601234167814,0.0024836210068315268,0.007449955679476261,0.1326831430196762,0.0033185507636517286,0.007070614994181151,0.10320410250941799,0.08341837334745614,0.0004228410157574631,0.05158689622352935
40741,1188,H2_30,0,0.13873593509197235,0.01610749214887619,0.08200496435165405,0.10919936746358871,0.027865733951330185,0.03281388431787491,0.439181387424469,0.041114356368780136,0.012188197394741971,0.09677854312612504,0.11567199442158535,0.06213084173218709,0.05600817873713837
40742,1188,H2_30,0,0.019289854913949966,0.017071951180696487,0.0250827856361866,0.03730889409780502,0.012613154947757721,0.09801582992076874,0.09772218763828278,0.006358194164931774,0.2946542905952287,0.09692235407576191,0.1456853532643158,0.0013679443661305788,0.054095885443003616
40760,1189,H1_15,0,0.0030144834890961647,0.0040250238962471485,0.0025927950628101826,0.0039082057774066925,0.00952100194990635,0.003647575620561838,0.4420195519924164,0.0023162837605923414,0.02868823335802114,0.017455656301866032,0.0168619048458166,0.0005699319349318381,0.03588118396898443
40761,1189,H1_15,0,0.023244870826601982,0.0537542849779129,0.01571372151374817,0.02265198528766632,0.15508852899074554,0.06109914183616638,0.4420195519924164,0.01648561656475067,0.5923577943950349,0.1567088392841822,0.21589942051494485,0.004657416894088981,0.0684223780728457
40762,1189,H1_15,0,0.07233244180679321,0.021690169349312782,0.03210700303316116,0.051790155470371246,0.0765884593129158,0.08173027634620667,0.4420195519924164,0.017756905406713486,0.553867866530799,0.2741973854949492,0.20786383851813242,0.01129075626541523,0.09167957306478323
40763,1189,H1_15,0,0.10569196194410324,0.16363714635372162,0.0875178799033165,0.12177007645368576,0.10174839943647385,0.15207551419734955,0.4420195519924164,0.07665851712226868,0.8441504789590862,0.4006773953505015,0.288088152642885,0.015980695134479715,0.14376824056917453
40764,1189,H1_15,0,0.014549451880156994,0.11203203350305557,0.007799126673489809,0.011415733955800533,0.028687501326203346,0.004369703121483326,0.4420195519924164,0.014594484120607376,0.4036475061407354,0.12265997762057985,0.11844608291466648,0.004126423261786781,0.05308163829232319
40765,1189,H1_15,0,0.008652672171592712,0.13925068080425262,0.011278818361461163,0.008980168960988522,0.015170521102845669,0.019976450130343437,0.4420195519924164,0.007090198341757059,0.4609950226643049,0.0846119789948643,0.05781158914173499,0.00256323459068956,0.04139222151749655
40766,1189,H1_15,0,0.6762599349021912,0.8161270618438721,0.6899613738059998,0.7054865956306458,0.1124754473567009,0.45385345816612244,0.4420195519924164,0.5238136053085327,0.7906041699541193,0.5545836668101126,0.48511918731913545,0.436365295146773,0.3385524075393737
40767,1189,H1_15,0,0.07379186898469925,0.8955612778663635,0.1121356263756752,0.1040092259645462,0.35656678676605225,0.11499001085758209,0.4420195519924164,0.17332062125205994,0.4900277552649414,0.18677026681647613,0.2346612574344763,0.1153813688832689,0.08541267467948432
40770,1189,H1_15,0,0.14431169629096985,0.12793298065662384,0.1276392638683319,0.18639756739139557,0.02969551272690296,0.2524050176143646,0.4420195519924164,0.09591778367757797,0.7627504688037893,0.17061172693179213,0.20209589062151723,0.03147225634103036,0.06874763256010968
40773,1189,H1_15,0,0.00210826494731009,0.0648064836859703,0.0016472403658553958,0.0020193385425955057,0.07641475647687912,0.002409001113846898,0.4420195519924164,0.003793889656662941,0.851072211712226,0.10842174456350603,0.08281205467125888,0.0010092377478731986,0.04218902803853406
40774,1189,H1_15,0,0.04345269501209259,0.17208461463451385,0.03386596590280533,0.0338178314268589,0.25628405809402466,0.05531475320458412,0.4420195519924164,0.04023691266775131,0.7286944241794733,0.2738913406646438,0.29257171614503474,0.01037761083622027,0.10631729115939899
40776,1189,H1_15,0,0.008558355271816254,0.002416750881820917,0.006534786894917488,0.007864736020565033,0.0012548663653433323,0.007223083637654781,0.2592594027519226,0.0013382144970819354,0.0036807937152293193,0.0,0.0,0.00070068148762645,0.033351644574600686
40777,1189,H1_15,0,0.03151930123567581,0.037093594670295715,0.03854026272892952,0.037672657519578934,0.14656950533390045,0.14907832443714142,0.2592594027519226,0.030154209583997726,0.7907322122517224,0.1257494864094097,0.1895040506662927,0.0028730545939479697,0.05731598438339942
40778,1189,H1_15,0,0.0039016217924654484,0.1807800680398941,0.0048860106617212296,0.003734896657988429,0.06269051134586334,0.005868283566087484,0.2592594027519226,0.003344824770465493,0.3675385934333035,0.05762678253634141,0.08352071916433347,0.00041401072403150877,0.041865994298364434
40779,1189,H1_15,0,0.007580368313938379,0.6128650903701782,0.010832587257027626,0.011226401664316654,0.030570486560463905,0.017699601128697395,0.2592594027519226,0.0303635410964489,0.45674891192640993,0.19399388594627368,0.14500015264777183,0.02769373244352436,0.06720369140551036
40780,1189,H1_15,0,0.004008802119642496,0.07799083739519119,0.005870787892490625,0.0032640560530126095,0.0073720901273190975,0.005262154620140791,0.2592594027519226,0.012212485074996948,0.5204228774434738,0.08896970926504597,0.07396189808956745,0.005575391697988101,0.04284641967523558
40781,1189,H1_15,0,0.0977587029337883,0.2359805405139923,0.1251724809408188,0.07781154662370682,0.3403242826461792,0.15818622708320618,0.2592594027519226,0.06198186054825783,0.9497001130241394,0.36068289869333775,0.29397410583321,0.017541974932822915,0.12837277413087564
40782,1189,H1_15,0,0.0020604117307811975,0.027471639215946198,0.00202660309150815,0.0006550676189363003,0.08458077907562256,0.0019030692055821419,0.2592594027519226,0.0023619269486516714,0.7974121850506394,0.10140521600422775,0.09103330809109263,0.0007959613145264628,0.042686677198865125
40783,1189,H1_15,0,0.12070325762033463,0.20376941561698914,0.11557520180940628,0.08748508989810944,0.17330127954483032,0.36666154861450195,0.2592594027519226,0.07862149924039841,0.545264608184217,0.2753472540788465,0.25789120186567926,0.011240613778050466,0.1049792774765587
40784,1189,H1_15,0,0.01491803489625454,0.07231219112873077,0.04298808425664902,0.01948411762714386,0.0644574910402298,0.21330375969409943,0.2592594027519226,0.038796838372945786,0.9088833644486457,0.22766068473272127,0.20841946293672647,0.004516128912836159,0.07619477718689503
40787,1189,H1_15,0,0.0026021802332252264,0.21363496780395508,0.0031235150527209044,0.0032369722612202168,0.03211180493235588,0.004232126288115978,0.2592594027519226,0.005148242227733135,0.5933043691354165,0.10978226047460424,0.0790033163643061,0.0007367017496681444,0.044708876664902863
40788,1189,H1_15,0,0.10388374328613281,0.21586942672729492,0.13011769950389862,0.0760001689195633,0.5484223961830139,0.12599551677703857,0.2592594027519226,0.12952455878257751,0.6078535193221739,0.14121131219876087,0.1360304888524534,0.10782934829634207,0.05867891561402052
40760,1189,H1_30,0,0.0024514731485396624,0.006907360628247261,0.002295984188094735,0.0031674825586378574,0.007618221454322338,0.006328187417238951,0.3580212891101837,0.002769110957160592,0.010019231909118752,0.022952112067019425,0.013547230125744911,0.0005787178933127548,0.03629277591061162
40761,1189,H1_30,0,0.010707149282097816,0.04573158919811249,0.004144312813878059,0.018065456300973892,0.004120152909308672,0.015618820674717426,0.3580212891101837,0.008765890263020992,0.3037927305102668,0.09074760986123515,0.09237989961074745,0.0023879610103338805,0.04730519103944839
40762,1189,H1_30,0,0.011067948304116726,0.074876569211483,0.010095049627125263,0.017768168821930885,0.026822136715054512,0.012869168072938919,0.3580212891101837,0.011224575340747833,0.5313989137731736,0.07594689595376408,0.09440241985820554,0.006172378863354555,0.04322825158100472
40763,1189,H1_30,0,0.1799561232328415,0.294965535402298,0.1570296436548233,0.20839923620224,0.6663912534713745,0.03512078896164894,0.3580212891101837,0.2637975215911865,0.8514548683170664,0.23260007666562235,0.19951487787550257,0.32912445680074454,0.0868724285660059
40764,1189,H1_30,0,0.017388101667165756,0.018192822113633156,0.03204846382141113,0.029618656262755394,0.012906098738312721,0.021674267947673798,0.3580212891101837,0.007529029622673988,0.7767190938490963,0.17400367272554826,0.10931140509967033,0.0017633764446147017,0.05421151593429402
40765,1189,H1_30,0,0.008546831086277962,0.08678333461284637,0.0075205969624221325,0.008661975152790546,0.047701213508844376,0.00415928615257144,0.3580212891101837,0.011367827653884888,0.13112021249018366,0.08370958765845546,0.08343214615736326,0.0021248522931902616,0.047769336912608755
40766,1189,H1_30,0,0.1127060204744339,0.007647216320037842,0.09386654943227768,0.12875139713287354,0.03014134056866169,0.054850343614816666,0.3580212891101837,0.04421025142073631,0.6705174718484538,0.2911584435542805,0.2195494392022796,0.017780366315231267,0.09689179157634938
40767,1189,H1_30,0,0.08157631009817123,0.46790173649787903,0.0578448660671711,0.058287113904953,0.10486431419849396,0.37576016783714294,0.3580212891101837,0.03622769936919212,0.017541860370687373,0.1996943462962833,0.2234796425219727,0.010581539230761265,0.08967635953237892
40770,1189,H1_30,0,0.024187849834561348,0.10257832705974579,0.026616619899868965,0.038225553929805756,0.07523467391729355,0.027647418901324272,0.3580212891101837,0.0332041010260582,0.6093804474933605,0.19472520939802493,0.12016602585349918,0.015242080645571272,0.06164449047450294
40773,1189,H1_30,0,0.0015258843777701259,0.027123242616653442,0.0012696926714852452,0.002594337100163102,0.008338588289916515,0.0026252761017531157,0.3580212891101837,0.002117283409461379,0.17360768951838965,0.08224372731765606,0.04833149180313018,0.00021286376483526872,0.04332474677122889
40774,1189,H1_30,0,0.005824602209031582,0.015732303261756897,0.00396131444722414,0.004406735301017761,0.1172434538602829,0.013812444172799587,0.3580212891101837,0.01015306357294321,0.6220290110065461,0.11566300680661856,0.134991765015532,0.001748690858410572,0.05110962017687914
40776,1189,H1_30,0,0.004427026025950909,0.002416750881820917,0.004206296522170305,0.004206847865134478,0.0013120895018801093,0.0030114571563899517,0.2729276716709137,0.0012664939276874065,0.0020535024253517243,0.0,0.0,0.000713641717329956,0.03336637495804844
40777,1189,H1_30,0,0.13179656863212585,0.03188083693385124,0.16075538098812103,0.1733335703611374,0.1326432228088379,0.25848132371902466,0.2729276716709137,0.17070910334587097,0.3423737802407362,0.11317150827709498,0.1749887078350882,0.07863804675433286,0.06485049924053166
40778,1189,H1_30,0,0.009529621340334415,0.37513577938079834,0.005162418819963932,0.008070998825132847,0.04746224731206894,0.006041809916496277,0.2729276716709137,0.004250960424542427,0.22836177711004232,0.05349717727252405,0.0777321690856143,0.0021148063666173284,0.042501315939614454
40779,1189,H1_30,0,0.004978463053703308,0.0904608964920044,0.010551589541137218,0.006303480360656977,0.2009376734495163,0.004545364994555712,0.2729276716709137,0.007365609984844923,0.126624575468441,0.14816712306187016,0.11754915821137821,0.006373500612621754,0.06037029023089496
40780,1189,H1_30,0,0.02313300222158432,0.02191045880317688,0.024528345093131065,0.018314670771360397,0.0971912071108818,0.04697627201676369,0.2729276716709137,0.01716960221529007,0.35885991342599893,0.15649184305117275,0.11986092892218882,0.001949250559706413,0.05872437349804265
40781,1189,H1_30,0,0.031296271830797195,0.35190990567207336,0.06426885724067688,0.05834702029824257,0.0906839594244957,0.03735395893454552,0.2729276716709137,0.05614977702498436,0.328529708479687,0.34398323744794285,0.2708043539703185,0.0697558451456957,0.1324685747047278
40782,1189,H1_30,0,0.010599957779049873,0.06966720521450043,0.00702949333935976,0.007372993975877762,0.015482868067920208,0.017766429111361504,0.2729276716709137,0.011944141238927841,0.16648263243208092,0.06620664981779417,0.05501375936618638,0.0023741814352018944,0.042562300359929243
40783,1189,H1_30,0,0.038596369326114655,0.17045295238494873,0.031672168523073196,0.021953705698251724,0.12624631822109222,0.0581633634865284,0.2729276716709137,0.02735951915383339,0.856205149998316,0.2162457846552839,0.15343430129798058,0.009729400563178937,0.06615791913546652
40784,1189,H1_30,0,0.0052753654308617115,0.07059349864721298,0.006681289989501238,0.00992960948497057,0.3543458580970764,0.0031725983135402203,0.2729276716709137,0.011664478108286858,0.29569243854620336,0.13311112254014054,0.08918385749147578,0.007165452865977002,0.05246516321947111
40787,1189,H1_30,0,0.01201972272247076,0.1180574893951416,0.009568970650434494,0.009654405526816845,0.030160972848534584,0.016172276809811592,0.2729276716709137,0.02202516421675682,0.4816113328466312,0.0830788182699301,0.08042704123455222,0.0025842401022835547,0.04343588388357015
40788,1189,H1_30,0,0.007696156855672598,0.021667640656232834,0.00742887519299984,0.005822272039949894,0.0012481189332902431,0.058667540550231934,0.2729276716709137,0.002238629152998328,0.06542162396104072,0.057589206604111494,0.04010704742345377,0.0007380208518182899,0.041233997745591854
40760,1189,H1_45,0,0.001851764158345759,0.00321001629345119,0.0018092875834554434,0.0022909031249582767,0.0008364070672541857,0.0037915476132184267,0.28887438774108887,0.0008230299572460353,0.0007596341496581833,0.0032154247685133737,0.004639965294225304,0.0002179396494337633,0.03397954095788974
40761,1189,H1_45,0,0.1164625808596611,0.029717525467276573,0.059897202998399734,0.0896330326795578,0.33936864137649536,0.02317391149699688,0.28887438774108887,0.038274310529232025,0.44394330482697564,0.12217149798024754,0.10748806496136112,0.01130503452498828,0.05186223223984271
40762,1189,H1_45,0,0.006520293187350035,0.027768149971961975,0.003163728630170226,0.007435534615069628,0.006621038541197777,0.010323084890842438,0.28887438774108887,0.004964249208569527,0.04772587953398752,0.04124203406397097,0.07524168997475196,0.006132643996199792,0.043173268860211576
40763,1189,H1_45,0,0.11497858911752701,0.03762294352054596,0.09153556078672409,0.16564461588859558,0.08129999041557312,0.2023954838514328,0.28887438774108887,0.08807287365198135,0.8435982543036414,0.1484127999879841,0.16316764495770752,0.09213266794607856,0.058594346109130425
40764,1189,H1_45,0,0.00867332424968481,0.05373059958219528,0.016255011782050133,0.009864404797554016,0.012877754867076874,0.004345324821770191,0.28887438774108887,0.02069983258843422,0.387057197516298,0.10407164383941316,0.08120296859837166,0.00589239573906721,0.04700162882975589
40765,1189,H1_45,0,0.005630027502775192,0.09859026968479156,0.009443535469472408,0.0072190165519714355,0.012690309435129166,0.008783852681517601,0.28887438774108887,0.009993108920753002,0.0011877506224636596,0.1499305956669448,0.09517770055048166,0.002546740863187845,0.05968075363860854
40766,1189,H1_45,0,0.11821602284908295,0.03612621873617172,0.07500916719436646,0.06373882293701172,0.3821662962436676,0.02403511293232441,0.28887438774108887,0.15005597472190857,0.9535971820544998,0.32790194340860424,0.28598053298859394,0.11622529250104495,0.12052410086846449
40767,1189,H1_45,0,0.004588983952999115,0.18482902646064758,0.003439118852838874,0.012327789328992367,0.02508753351867199,0.003441412467509508,0.28887438774108887,0.004423967562615871,0.06542914972098356,0.11708235703962949,0.07136865839457981,0.0010830898995035914,0.05121372246089887
40770,1189,H1_45,0,0.1967666894197464,0.017453594133257866,0.18243589997291565,0.1629018485546112,0.056299950927495956,0.1291278898715973,0.28887438774108887,0.0965447798371315,0.15639929578551928,0.18269019651765533,0.15740183579090966,0.06538241429379647,0.07470973814007602
40773,1189,H1_45,0,0.03702563792467117,0.48757410049438477,0.027430877089500427,0.011083746328949928,0.006938894744962454,0.022239411249756813,0.28887438774108887,0.021619156002998352,0.33767398457233877,0.22075078489730782,0.1415667998629088,0.00931964731331519,0.07304169331679854
40774,1189,H1_45,0,0.023643361404538155,0.11842642724514008,0.011791719123721123,0.026684068143367767,0.048745013773441315,0.020071877166628838,0.28887438774108887,0.03254217654466629,0.4071270175766181,0.1595094437739896,0.1417406049256964,0.01142775562961779,0.06183441173672432
40776,1189,H1_45,0,0.014972544275224209,0.002416750881820917,0.012113121338188648,0.014563193544745445,0.011845950968563557,0.003334111999720335,0.25747978687286377,0.0028447257354855537,0.046553463769528604,0.026146563829858242,0.0162578931583168,0.001281771289191175,0.03642084285401675
40777,1189,H1_45,0,0.004075884353369474,0.012130633927881718,0.0035092795733362436,0.007947368547320366,0.02020830102264881,0.005358180496841669,0.25747978687286377,0.002052645431831479,0.02462527050145483,0.07848065999956208,0.07293663706251728,0.0004731548831273727,0.047197530323837465
40778,1189,H1_45,0,0.011125423014163971,0.018772538751363754,0.004847826436161995,0.008715123869478703,0.0017013094620779157,0.011418452486395836,0.25747978687286377,0.0035355654545128345,0.052742259109461224,0.0576833421457604,0.0418400086619783,0.0026378644411820863,0.04158891428551953
40779,1189,H1_45,0,0.009253278374671936,0.02092706225812435,0.01680409535765648,0.005516884382814169,0.0433194562792778,0.010197006165981293,0.25747978687286377,0.010047230869531631,0.02692428982021647,0.12274961305904772,0.09244482054099602,0.02172655052374444,0.055258766007715704
40780,1189,H1_45,0,0.022164009511470795,0.08421463519334793,0.03491656482219696,0.04193933680653572,0.26937341690063477,0.011768133379518986,0.25747978687286377,0.08624336868524551,0.4103939151296299,0.18727952789079214,0.1484082673792763,0.007378321694348606,0.06896031819424465
40781,1189,H1_45,0,0.01608535647392273,0.056702837347984314,0.025481104850769043,0.022750094532966614,0.021902520209550858,0.1883781999349594,0.25747978687286377,0.013232805766165257,0.4760640798543958,0.224631948262438,0.20255929786500357,0.006254030536072061,0.08106343661429992
40782,1189,H1_45,0,0.0030752571765333414,0.012253504246473312,0.0033135844860225916,0.0020737615413963795,0.08880335092544556,0.005427252035588026,0.25747978687286377,0.0011470528552308679,0.3252127322560259,0.06187400463952116,0.03307596106088184,0.0004103633608698363,0.03820576015986699
40783,1189,H1_45,0,0.000942334474530071,0.018323542550206184,0.001802500570192933,0.0014003196265548468,0.0011211737291887403,0.006890116725116968,0.25747978687286377,0.0012418105034157634,0.3461651241322325,0.13748764548682169,0.10050221957616584,0.00036552625372588207,0.053392558852899646
40784,1189,H1_45,0,0.002113056369125843,0.023490576073527336,0.0016396372811868787,0.002335619181394577,0.028300106525421143,0.0025654644705355167,0.25747978687286377,0.0015370644396170974,0.14290919832813975,0.12627610904753228,0.0575166688278953,0.0004264530467963578,0.04973788692791336
40787,1189,H1_45,0,0.005242274142801762,0.0287836454808712,0.004229988437145948,0.004705470986664295,0.017267001792788506,0.0016903894720599055,0.25747978687286377,0.0017526611918583512,0.3344951238935644,0.04190379904196395,0.0290538880055407,0.0007214772634115635,0.03593992465146412
40788,1189,H1_45,0,0.06049862131476402,0.3076023757457733,0.029323004186153412,0.04685596749186516,0.10905276238918304,0.08532751351594925,0.25747978687286377,0.038099102675914764,0.6217007423062964,0.0988036471470976,0.10542726708159049,0.006816726527579184,0.04650379387262097
40760,1189,H2_15,0,0.0014064969727769494,0.0026511133182793856,0.001352697960101068,0.001589172868989408,0.001192250638268888,0.003439154475927353,0.26368072628974915,0.0008437884971499443,0.000366019995184873,0.0,0.0033865849297338283,0.00018145370314238407,0.03362776554968114
40761,1189,H2_15,0,0.002123743062838912,0.013897078111767769,0.0037741241976618767,0.0034259797539561987,0.0138850137591362,0.0021141173783689737,0.26368072628974915,0.0036167779471725225,0.7592952955650328,0.0797811427075993,0.06094963422790344,0.000542365255239214,0.03811433994145846
40762,1189,H2_15,0,0.0019072763388976455,0.25007274746894836,0.0011814641766250134,0.0018345994176343083,0.005791736766695976,0.003223756095394492,0.26368072628974915,0.0010476779425516725,0.0029011452305305776,0.0455811754476484,0.018570781638568946,0.0002804410041124078,0.03881250407606208
40763,1189,H2_15,0,0.05851340293884277,0.034799881279468536,0.04584062471985817,0.052528366446495056,0.014729402028024197,0.2646794617176056,0.26368072628974915,0.025722090154886246,0.09615912266605858,0.10984479953014241,0.1189463625916593,0.03130490452657192,0.05621903188570093
40764,1189,H2_15,0,0.014362970367074013,0.016948828473687172,0.02495989389717579,0.006614509504288435,0.04596365615725517,0.01574692130088806,0.26368072628974915,0.012492593377828598,0.02252181252379644,0.12544953692120675,0.12695518514454623,0.004712115085913518,0.05999595308678849
40765,1189,H2_15,0,0.003245064290240407,0.010957484133541584,0.007494247984141111,0.0014213556423783302,0.0038196376990526915,0.00212534936144948,0.26368072628974915,0.0014685476198792458,0.018972837362100523,0.10572583976070025,0.06442707015167944,0.00023962297937711496,0.049572835762830066
40766,1189,H2_15,0,0.043755028396844864,0.015924323350191116,0.031408052891492844,0.04435442015528679,0.07450663298368454,0.03457040712237358,0.26368072628974915,0.047061365097761154,0.9120740140353905,0.1890101374363245,0.1730145802617296,0.05164393050930683,0.06408471479393908
40767,1189,H2_15,0,0.0036674628499895334,0.002269458957016468,0.00198660627938807,0.003470110008493066,0.017828186973929405,0.0038013237062841654,0.26368072628974915,0.0013105482794344425,0.0012666194018833747,0.07500382206444865,0.09941178874918957,0.0004553147534392367,0.04993157406012064
40770,1189,H2_15,0,0.021043160930275917,0.018873095512390137,0.01521996408700943,0.027342937886714935,0.01908419467508793,0.08622311055660248,0.26368072628974915,0.020232049748301506,0.10883810967364647,0.11337738258609588,0.11992384733782657,0.011880260332542336,0.05633660422442468
40773,1189,H2_15,0,0.0038856964092701674,0.0557919517159462,0.005169782787561417,0.002767756348475814,0.009044329635798931,0.006312740501016378,0.26368072628974915,0.0030307869892567396,0.13839084502406862,0.10535928553787655,0.06928219340556026,0.00028927406219193537,0.04853734083770724
40774,1189,H2_15,0,0.2405215948820114,0.05806885287165642,0.14541694521903992,0.16515617072582245,0.21982428431510925,0.17189079523086548,0.26368072628974915,0.191358283162117,0.36928773713686636,0.07784991623096403,0.14764195202942487,0.1721509817388953,0.05710711150870079
40776,1189,H2_15,0,0.0033953741658478975,0.010827754624187946,0.003599278861656785,0.002837896579876542,0.00884505920112133,0.0019224288407713175,0.05010528117418289,0.0026936386711895466,0.00889097456195898,0.002440296074169032,0.004349655237944695,0.0012789288241543413,0.03385340941495575
40777,1189,H2_15,0,0.0018607837846502662,0.0013972988817840815,0.0015188205288723111,0.0016810055822134018,0.007997230626642704,0.003234846517443657,0.05010528117418289,0.001416973420418799,0.028039536735486016,0.029328554780000456,0.03214036956915236,0.0006627151970201585,0.038201760485304985
40778,1189,H2_15,0,0.002473178319633007,0.044449333101511,0.0018950493540614843,0.002358504803851247,0.00308956578373909,0.005010032095015049,0.05010528117418289,0.001935113687068224,0.02630828095449342,0.05651496439876392,0.03693678474875869,0.00065569244785178,0.04127583736823633
40779,1189,H2_15,0,0.018481051549315453,0.006656746380031109,0.033177588135004044,0.016272202134132385,0.010623903945088387,0.006930668372660875,0.05010528117418289,0.0047144764102995396,0.038888147899177036,0.11471417790319673,0.10209831947623885,0.009121707384496098,0.054926072177591524
40780,1189,H2_15,0,0.005488883703947067,0.008095943368971348,0.011603014543652534,0.003437342820689082,0.0342220738530159,0.009615657851099968,0.05010528117418289,0.009090207517147064,0.226133918348227,0.09516580609201408,0.09686757951791507,0.0020169062594858978,0.0493042494205491
40781,1189,H2_15,0,0.0029710677918046713,0.003778016660362482,0.003737187944352627,0.0019510308047756553,0.13120344281196594,0.007417681161314249,0.05010528117418289,0.0029101045802235603,0.3040660708549118,0.03717174313277363,0.05704345673913514,0.0008567582414972505,0.03815010467626968
40782,1189,H2_15,0,0.0014462987892329693,0.005029420368373394,0.0014039583038538694,0.0007636265945620835,0.00828271359205246,0.000516110158059746,0.05010528117418289,0.0008668217924423516,0.11262253814666223,0.03383958285039184,0.013538861084289722,0.0001506136807928181,0.036157603436643614
40783,1189,H2_15,0,0.004282754845917225,0.029103513807058334,0.0026076834183186293,0.005757682491093874,0.006048044189810753,0.0020215578842908144,0.05010528117418289,0.003652377286925912,0.165917503530294,0.06064996985807385,0.08907015775298,0.0009898879947530023,0.04510110920824705
40784,1189,H2_15,0,0.004665069282054901,0.3175361454486847,0.003534557530656457,0.0030404471326619387,0.0005945314769633114,0.006061692256480455,0.05010528117418289,0.001970650628209114,0.937929030577212,0.09725075888566694,0.06755951125777827,0.004017727733836713,0.038771693832137265
40787,1189,H2_15,0,0.001808183966204524,0.015139633789658546,0.002056305529549718,0.00201672175899148,0.015390726737678051,0.0021340285893529654,0.05010528117418289,0.0008476291550323367,0.02729102347443014,0.0276226493715235,0.018555244503046055,0.0001462545922968182,0.03689730795739483
40788,1189,H2_15,0,0.011011051945388317,0.2727177143096924,0.004435670096427202,0.00821119174361229,0.09799252450466156,0.012557283975183964,0.05010528117418289,0.010714652016758919,0.13200489295647153,0.05656842505169814,0.06648910994014905,0.0022052393098836915,0.04301920406162521
40760,1189,H2_30,0,0.0021036092657595873,0.0026511133182793856,0.002495300956070423,0.0028206391725689173,0.004822976887226105,0.0032385236117988825,0.21264931559562683,0.0016825011698529124,0.0022093111832095945,0.0,0.0035333004202430184,0.0003909121959427423,0.03363659494346241
40761,1189,H2_30,0,0.0005167539929971099,0.0006515491404570639,0.0006643706583417952,0.00041424305527471006,0.006626658141613007,0.0027406159788370132,0.21264931559562683,0.0005468808230943978,0.0423743271403274,0.03495276189101864,0.02571530573426875,0.00014966736688678886,0.03799670431262502
40762,1189,H2_30,0,0.0020259213633835316,0.01082255132496357,0.0008500017574988306,0.002095030387863517,0.0030531976372003555,0.00581682613119483,0.21264931559562683,0.0011473392369225621,0.0011952487653260218,0.056444683528326475,0.038537702628981645,0.001299218644626483,0.0416956938628904
40763,1189,H2_30,0,0.005131018813699484,0.02004873938858509,0.00654506916180253,0.005312963854521513,0.0022947732359170914,0.046069156378507614,0.21264931559562683,0.006840032525360584,0.005072240006442274,0.057685858815396215,0.08171248593512337,0.006050126509592328,0.046161960313142784
40767,1189,H2_30,0,0.007340609561651945,0.00477505661547184,0.005318991839885712,0.00436262646690011,0.002447708509862423,0.010521969757974148,0.21264931559562683,0.0021679499186575413,0.0004213342948478369,0.05630234924012561,0.10398840443344391,0.001280208345676099,0.04825946209550926
40768,1189,H2_30,0,0.02016187645494938,0.028010806068778038,0.010600457899272442,0.015240990556776524,0.1472417712211609,0.013566647656261921,0.10244887322187424,0.01660626381635666,0.06004516375751331,0.16356393227906232,0.16389045858828877,0.007648170868103088,0.07084629746179295
40769,1189,H2_30,0,0.02623836137354374,0.017879685387015343,0.026689257472753525,0.025852417573332787,0.017896439880132675,0.06033029407262802,0.10244887322187424,0.013095356523990631,0.060055866533685935,0.1534976874867796,0.2367409327736389,0.006754990442181354,0.08075618790481158
40771,1189,H2_30,0,0.31054264307022095,0.10087812691926956,0.19596725702285767,0.20993122458457947,0.1894654780626297,0.39751169085502625,0.10244887322187424,0.12102530896663666,0.6259568113066247,0.12269685480070087,0.20302713086692128,0.028516292515348454,0.06376296904112619
40772,1189,H2_30,0,0.12610851228237152,0.06767132878303528,0.14101573824882507,0.1087094247341156,0.10836650431156158,0.15500502288341522,0.7501927614212036,0.24638120830059052,0.20168025990248162,0.4611968922656768,0.31089217759505494,0.07327525106325702,0.20783968806011832
40773,1189,H2_30,0,0.0010851863771677017,0.009429565630853176,0.0011509335599839687,0.000940816942602396,0.017012814059853554,0.0015206779353320599,0.21264931559562683,0.002095654606819153,0.0697743170377261,0.10328173031305181,0.057469474783128506,0.0007538712504241551,0.04788916233886264
40775,1189,H2_30,0,0.010429657064378262,0.008400456048548222,0.012905722483992577,0.011752091348171234,0.14288704097270966,0.04293699190020561,0.7501927614212036,0.02057816833257675,0.6201191752607441,0.06358802535760377,0.15363482044627222,0.0050746970332330105,0.046913799144548934
40776,1189,H2_30,0,0.002084698062390089,0.003553827526047826,0.00250999815762043,0.0020986301824450493,0.000952133210375905,0.0017022036481648684,0.010516386479139328,0.0013227628078311682,0.00035661569002337623,0.0,0.0,0.0006004774367952794,0.03338315244622247
40777,1189,H2_30,0,0.001981563400477171,0.0011398732895031571,0.0010157437063753605,0.0020918496884405613,0.002084213076159358,0.004366086795926094,0.010516386479139328,0.0006242126110009849,0.0795812859970165,0.03271481128896216,0.04915423117794029,0.00016623752091195633,0.039412406872465895
40778,1189,H2_30,0,0.002124499063938856,0.0031736602541059256,0.0010399052407592535,0.0013246641028672457,0.002105767372995615,0.005587015766650438,0.010516386479139328,0.0015407276805490255,0.00012952373230444984,0.019002169088450274,0.025804481693692906,0.0006535077205207523,0.03703490893221828
40779,1189,H2_30,0,0.0021094910334795713,0.004016764461994171,0.0038105749990791082,0.0019176469650119543,0.0012513132533058524,0.005625749938189983,0.010516386479139328,0.0016328822821378708,0.0030600049710830827,0.03494039449691027,0.03000931622936809,0.003146922733655665,0.03883508064791555
40780,1189,H2_30,0,0.004412875510752201,0.020193492993712425,0.009747922420501709,0.003945001866668463,0.0934486836194992,0.007879210636019707,0.010516386479139328,0.011248977854847908,0.3967285350369487,0.07800061568662219,0.06468904355852872,0.007942303712724096,0.042136707029916905
40781,1189,H2_30,0,0.002067047171294689,0.003963960334658623,0.0018938774010166526,0.0012311331229284406,0.03526652231812477,0.0049782427959144115,0.010516386479139328,0.002098407596349716,0.3082490851851236,0.02896701368052098,0.04394917849897399,0.0006960520195938727,0.03624643523367799
40782,1189,H2_30,0,0.0002902336127590388,0.006014295853674412,0.0002210835082223639,0.00022420442837756127,0.003927312791347504,0.00039564119651913643,0.010516386479139328,0.0001630360056878999,0.039914141982802964,0.022503974758442086,0.013121788813883763,4.106534933496644e-05,0.03585909653485516
40783,1189,H2_30,0,0.0009841456776484847,0.00977784488350153,0.0006897762068547308,0.0010183058911934495,0.0014237846480682492,0.002302007284015417,0.010516386479139328,0.0016715832753106952,0.027076652951916323,0.08015211052377591,0.10568596955825496,0.000700556231739864,0.05091516658200277
40784,1189,H2_30,0,0.0005275123403407633,0.06588143110275269,0.0006088904337957501,0.0004594539350364357,0.006047327537089586,0.0024431415367871523,0.010516386479139328,0.0008535270462743938,0.9632118424755677,0.05150495226560125,0.03693825991269418,0.00024502471228227205,0.03186190434574424
40787,1189,H2_30,0,0.0007648774771951139,0.019092755392193794,0.0014255524147301912,0.00028221210232004523,0.004999567288905382,0.0011894787894561887,0.010516386479139328,0.0005590945365838706,0.015266257021095173,0.017941013121659573,0.020449667246017055,0.00014031825508825147,0.03631853589709952
40789,1189,H2_30,0,0.04449589550495148,0.01763421669602394,0.03898021578788757,0.05454590171575546,0.354094535112381,0.19201849400997162,0.01631385274231434,0.042141158133745193,0.17836922573607833,0.10034359138790543,0.1900916058555381,0.030823095947698144,0.06333242162561183
40806,1190,H1_15,0,0.0013369948137551546,0.0023207124322652817,0.0009691580198705196,0.0011034533381462097,0.00045252437121234834,0.003477072110399604,0.47198486328125,0.00031071476405486465,0.0001052064306324968,0.0060327829767093865,0.0025956400378025096,8.181101702796894e-05,0.03499195689777047
40807,1190,H1_15,0,0.031002243980765343,0.07358948886394501,0.043682754039764404,0.02434913069009781,0.10330811142921448,0.04629944637417793,0.47198486328125,0.14709798991680145,0.17061502004283755,0.16142950610240325,0.1780947957384044,0.017340417233578313,0.07428791427560823
40808,1190,H1_15,0,0.0023894328624010086,0.07415422052145004,0.004311149474233389,0.0039240289479494095,0.04528481885790825,0.002383758779615164,0.47198486328125,0.006668615620583296,0.04633634628222167,0.036850342202270445,0.059396236357823276,0.0009802045972160402,0.042867332993711704
40809,1190,H1_15,0,0.003631963860243559,0.07020491361618042,0.003390243975445628,0.00430821068584919,0.025009609758853912,0.009174427948892117,0.47198486328125,0.003865121863782406,0.4858639849704995,0.11387763971441901,0.0823981605104782,0.0005987804305857187,0.04758562363756641
40810,1190,H1_15,0,0.021283606067299843,0.0675327256321907,0.012002503499388695,0.027629418298602104,0.009391725063323975,0.04662082716822624,0.47198486328125,0.010148770175874233,0.07820374357872567,0.11033174855686825,0.09396611135376517,0.0021452651584053604,0.0547032945007209
40812,1190,H1_15,0,0.0467761754989624,0.23994119465351105,0.047188401222229004,0.03446352481842041,0.038124676793813705,0.03522875905036926,0.47198486328125,0.049725789576768875,0.5607452193351271,0.2644338766401857,0.20555416131584406,0.020964118638761933,0.09025458783404626
40815,1190,H1_15,0,0.1702156513929367,0.12727752327919006,0.31419557332992554,0.16979900002479553,0.2779957354068756,0.5239339470863342,0.47198486328125,0.24504196643829346,0.204631418976238,0.18368268559900341,0.24400577926953057,0.17617232120663925,0.1092511594893875
40817,1190,H1_15,0,0.024448882788419724,0.21015189588069916,0.016386860981583595,0.03487206622958183,0.09064799547195435,0.01699773594737053,0.47198486328125,0.019354378804564476,0.41180749938183114,0.1973767083787388,0.1455172924497555,0.008953495026560765,0.06917355356973914
40818,1190,H1_15,0,0.7730011940002441,0.27225321531295776,0.8018858432769775,0.7730783224105835,0.6459607481956482,0.8729657530784607,0.47198486328125,0.8418576717376709,0.783862034197211,0.44993391983687986,0.47238202376301414,0.7324093101799932,0.42085111192849745
40819,1190,H1_15,0,0.13752616941928864,0.2849748134613037,0.15426959097385406,0.11837562173604965,0.20263615250587463,0.10668918490409851,0.47198486328125,0.15066774189472198,0.7642558400041254,0.4207961046666538,0.27956578825483597,0.029324554651844508,0.1417504461847545
40820,1190,H1_15,0,0.07415420562028885,0.013982613570988178,0.1022384986281395,0.10659895837306976,0.107724130153656,0.17453213036060333,0.47198486328125,0.13820260763168335,0.5054479659752112,0.21526815865891946,0.2336145399729093,0.0909714058307533,0.09562477893254943
40822,1190,H1_15,0,0.008715239353477955,0.0023207124322652817,0.007824535481631756,0.008476248942315578,0.0032036418560892344,0.005106078460812569,0.4236195683479309,0.0015642407815903425,0.007555585429394292,0.0,0.0022691195307832112,0.00039806157154962784,0.03442186405774944
40823,1190,H1_15,0,0.00966023001819849,0.32199376821517944,0.006472919136285782,0.006157916504889727,0.059763312339782715,0.0052911448292434216,0.4236195683479309,0.015097084455192089,0.1930122431048692,0.09567056066758961,0.0795061564168811,0.001566472997609538,0.049305620915577254
40824,1190,H1_15,0,0.07605979591608047,0.0413740873336792,0.09086678177118301,0.06015989929437637,0.046933501958847046,0.021225839853286743,0.4236195683479309,0.08871788531541824,0.27722047935937993,0.09511995666110608,0.1218943745163349,0.0630615705634144,0.05750036039701927
40826,1190,H1_15,0,0.020636918023228645,0.35445860028266907,0.019431982189416885,0.016254547983407974,0.02860887348651886,0.024913795292377472,0.4236195683479309,0.018971826881170273,0.6539100230902223,0.1688250268699694,0.063014546902146,0.010004344555674836,0.04941147299996982
40827,1190,H1_15,0,0.25514960289001465,0.06872677057981491,0.25952279567718506,0.19636791944503784,0.3587399125099182,0.13008403778076172,0.4236195683479309,0.21474552154541016,0.8381536757714928,0.28655280678082456,0.30733542650551554,0.16191755381618858,0.1324529602655873
40830,1190,H1_15,1,0.6884841918945312,0.4779123365879059,0.6545721888542175,0.6374894976615906,0.715628981590271,0.4668443202972412,0.4236195683479309,0.38849371671676636,0.9847019815897987,0.37137643729437775,0.40438417767645146,0.3404415183566725,0.22847391449094098
40832,1190,H1_15,0,0.016963301226496696,0.07928954809904099,0.02421799674630165,0.02186569944024086,0.07838094979524612,0.017150720581412315,0.4236195683479309,0.055333539843559265,0.8017458305438606,0.07265595027626881,0.06504650766412343,0.01583369079886166,0.03864505339978288
40833,1190,H1_15,0,0.16387753188610077,0.1394616961479187,0.10284844785928726,0.24962541460990906,0.18709513545036316,0.09719741344451904,0.4236195683479309,0.1635105162858963,0.3613671190344957,0.2513477215091941,0.1741850189607838,0.05119920599779258,0.08813997914018269
40834,1190,H1_15,0,0.0016924411756917834,0.34712111949920654,0.002532523823902011,0.0018094390397891402,0.02504165656864643,0.0022259503602981567,0.4236195683479309,0.003246574429795146,0.31614757777050156,0.05985882961617524,0.04288781312485373,0.001068028011996341,0.03998228167337232
40835,1190,H1_15,0,0.04791899025440216,0.5048167705535889,0.03800307959318161,0.06501835584640503,0.23086029291152954,0.04101523011922836,0.4236195683479309,0.16605862975120544,0.9284522009807155,0.26668524745874045,0.28656917708859403,0.06716929637336982,0.10552369742251376
40836,1190,H1_15,1,0.03919189050793648,0.15558065474033356,0.030352039262652397,0.03718544542789459,0.036043182015419006,0.06693615019321442,0.4236195683479309,0.09518671035766602,0.8711875579946105,0.20950801559939672,0.18938299545332277,0.09744371311359419,0.07831126337414761
40806,1190,H1_30,0,0.002880446845665574,0.0023207124322652817,0.002905807690694928,0.0019855713471770287,0.0013852438423782587,0.0013678154209628701,0.2854245901107788,0.000569932337384671,0.0003184093756357396,0.008461490281260718,0.014770839871503596,0.0003053016851906571,0.036320190138872575
40807,1190,H1_30,0,0.07253788411617279,0.011313662864267826,0.07218755781650543,0.04738699272274971,0.03231773152947426,0.05151102691888809,0.2854245901107788,0.0785503014922142,0.13281074797142126,0.14476769166101877,0.12476895013007219,0.031084116817465594,0.06472716303934843
40808,1190,H1_30,0,0.015617458149790764,0.07670929282903671,0.017552386969327927,0.013613341376185417,0.3664175271987915,0.007659504655748606,0.2854245901107788,0.013907642103731632,0.03987776080497454,0.02715524249138904,0.06434570561821175,0.0036480851895300303,0.04268439670530975
40809,1190,H1_30,0,0.0019853010307997465,0.013978064060211182,0.001895533874630928,0.0013149863807484508,0.006106704007834196,0.004845956806093454,0.2854245901107788,0.001359424670226872,0.10771861588965437,0.07323962173026242,0.04875012141127358,0.0003383626748419334,0.04441119637684191
40810,1190,H1_30,0,0.007652395870536566,0.006989529822021723,0.005368490237742662,0.012790784239768982,0.02984657883644104,0.017583314329385757,0.2854245901107788,0.004044368397444487,0.2127046801009793,0.08486512461786669,0.08968453119299843,0.002526210666933528,0.04922271822597827
40812,1190,H1_30,0,0.025620965287089348,0.09533389657735825,0.01759093441069126,0.022824125364422798,0.016274871304631233,0.011281072162091732,0.2854245901107788,0.01574535481631756,0.11776039314517778,0.06183136247156153,0.0898189087269053,0.020194754701318294,0.04909349834707712
40815,1190,H1_30,0,0.438667356967926,0.3386296331882477,0.30090007185935974,0.3368120491504669,0.04084344208240509,0.8341788649559021,0.2854245901107788,0.2133440524339676,0.350443160055933,0.17973762688421316,0.20253845838852783,0.4175032314470136,0.13118093455343657
40817,1190,H1_30,0,0.010430768132209778,0.11730314791202545,0.006800258066505194,0.010139817371964455,0.04851152002811432,0.00808506365865469,0.2854245901107788,0.009287846274673939,0.34943220897738286,0.16024572632537606,0.12311013991484072,0.0017810760134517715,0.060828460327161805
40818,1190,H1_30,0,0.1727980077266693,0.06508779525756836,0.1642409861087799,0.1921105831861496,0.04943661391735077,0.2905659079551697,0.2854245901107788,0.1173008531332016,0.3358660549806252,0.21903066406558433,0.22381258161627748,0.07456120477154253,0.09654447713362739
40819,1190,H1_30,0,0.5635791420936584,0.7158019542694092,0.6963281631469727,0.45775172114372253,0.5128669738769531,0.13177837431430817,0.2854245901107788,0.5555453300476074,0.7445163891498837,0.3702079473966625,0.38258648938965434,0.10531328573530321,0.1721905231465638
40820,1190,H1_30,0,0.1214221864938736,0.008865520358085632,0.16749170422554016,0.10111172497272491,0.005949532147496939,0.5278448462486267,0.2854245901107788,0.05865604057908058,0.18858889165614204,0.12189108574401906,0.12961832623771677,0.03414314299685109,0.06165087509397619
40822,1190,H1_30,0,0.005291850306093693,0.01503346860408783,0.005510583054274321,0.0045218332670629025,0.011929795145988464,0.0034985945094376802,0.4503873288631439,0.0035128833260387182,0.01509742392348477,0.004379956280292869,0.009290001469594068,0.0008270823250948586,0.035336721114737436
40823,1190,H1_30,0,0.004146312363445759,0.016773108392953873,0.005601105745881796,0.0032090076711028814,0.23145799338817596,0.003169249277561903,0.4503873288631439,0.006515822373330593,0.16705165466679475,0.10191176199525052,0.09344981963759322,0.0017497262660404122,0.052242574797267266
40824,1190,H1_30,0,0.05456875264644623,0.03478117287158966,0.03307746723294258,0.03661125525832176,0.07720794528722763,0.018334224820137024,0.4503873288631439,0.02521292306482792,0.11943937954368106,0.05526692699557075,0.0698603898077183,0.011740579872215422,0.045440545338704307
40826,1190,H1_30,0,0.006551267113536596,0.04786142334342003,0.01431527454406023,0.010019727051258087,0.023675665259361267,0.005755802150815725,0.4503873288631439,0.016677986830472946,0.9893941347220002,0.18612283006562966,0.10485207983554283,0.004871107199357501,0.0519793680720359
40827,1190,H1_30,0,0.06546081602573395,0.053460028022527695,0.025663308799266815,0.019890908151865005,0.021326618269085884,0.013252289965748787,0.4503873288631439,0.023279929533600807,0.07393689736247877,0.162130723067749,0.1250983055951834,0.007072053954260589,0.06673637249360369
40830,1190,H1_30,0,0.4178963303565979,0.5353254079818726,0.3242601454257965,0.2846941351890564,0.25570499897003174,0.364931583404541,0.4503873288631439,0.41955190896987915,0.999880340538543,0.2881888134387311,0.3101437032203365,0.589193207606336,0.21908980156698946
40832,1190,H1_30,0,0.008899965323507786,0.012622571550309658,0.003907197620719671,0.006725896615535021,0.00743046123534441,0.006183210294693708,0.4503873288631439,0.008182498626410961,0.5529430204358368,0.10816689679980077,0.07063960727387679,0.00806877396571603,0.04515952458719027
40833,1190,H1_30,0,0.06553822755813599,0.013524379581212997,0.042924121022224426,0.09931369870901108,0.07075987011194229,0.12694042921066284,0.4503873288631439,0.07017253339290619,0.4520752539888524,0.20764341922250426,0.11847341315115523,0.05477104531509979,0.06899490576533177
40834,1190,H1_30,0,0.0006135934963822365,0.006668656133115292,0.00028504765941761434,0.0004293099045753479,0.06185798719525337,0.0004488592967391014,0.4503873288631439,0.0004970620502717793,0.0251992375215469,0.05342420587834082,0.04122573844351651,0.00010375546292418725,0.042693830936876766
40835,1190,H1_30,0,0.5543131232261658,0.23045681416988373,0.5510675311088562,0.32919999957084656,0.5499026775360107,0.3587460517883301,0.4503873288631439,0.44600242376327515,0.9232096347535701,0.29997137235047416,0.3139783791050283,0.18455391883454014,0.13650552454408338
40836,1190,H1_30,1,0.006067670416086912,0.019292710348963737,0.0043563758954405785,0.0044647688046097755,0.12929940223693848,0.0022806008346378803,0.4503873288631439,0.005037865601480007,0.050251400806798276,0.15708688317169914,0.12072829242239004,0.0014891255370137648,0.06537563981281523
40806,1190,H1_45,0,0.007701369933784008,0.0023207124322652817,0.006678471341729164,0.005467171315103769,0.0022511540446430445,0.004124798811972141,0.18294936418533325,0.001551968278363347,0.00019435201875761236,0.007607343714240586,0.010631977374278094,0.001713951327354139,0.03592362551503569
40807,1190,H1_45,0,0.08990243822336197,0.3105532228946686,0.06330356746912003,0.13506223261356354,0.10991648584604263,0.05566117912530899,0.18294936418533325,0.09941566735506058,0.1828472255178102,0.1413893759802144,0.1310245312136868,0.016627431212294694,0.06313232147383753
40808,1190,H1_45,0,0.0037169111892580986,0.35121649503707886,0.0029477206990122795,0.0030135682318359613,0.173970028758049,0.0030040687415748835,0.18294936418533325,0.007796898018568754,0.11730077907079373,0.051114002350251354,0.06648094151078494,0.0006926738896139104,0.04411550514830567
40809,1190,H1_45,0,0.008418615907430649,0.014469152316451073,0.00970075000077486,0.009838543832302094,0.3241080939769745,0.0066659594886004925,0.18294936418533325,0.010295163840055466,0.09730062394706625,0.10059061230315182,0.0640454707985917,0.001930029739113908,0.04930986670503215
40810,1190,H1_45,0,0.0033025729935616255,0.01473351288586855,0.0021084684412926435,0.004247118718922138,0.04653071612119675,0.009118309244513512,0.18294936418533325,0.0030428417958319187,0.024078088456266758,0.08538335435766589,0.05810364268739966,0.0002352687185185818,0.0479001736752108
40812,1190,H1_45,0,0.006957608740776777,0.01547225285321474,0.005087721161544323,0.009308604523539543,0.039178524166345596,0.004657992161810398,0.18294936418533325,0.0062225074507296085,0.002171152614903891,0.06905062338708065,0.061850608730667986,0.006288634589037753,0.047271902976356396
40815,1190,H1_45,0,0.08815105259418488,0.6495316624641418,0.05137895420193672,0.04979240521788597,0.33374467492103577,0.060102079063653946,0.18294936418533325,0.08119978755712509,0.8888486192782348,0.10795373385550938,0.13822294251852524,0.02772434119254227,0.05001271017704952
40817,1190,H1_45,0,0.006822329480201006,0.006661246996372938,0.005570522043853998,0.005789814982563257,0.0161252673715353,0.006514467764645815,0.18294936418533325,0.007076210808008909,0.2393558158946735,0.17542411529087673,0.13207100462398308,0.0016471009582807402,0.0663409050851652
40818,1190,H1_45,0,0.061447858810424805,0.03929345682263374,0.029982954263687134,0.026762884110212326,0.014897536486387253,0.09525194764137268,0.18294936418533325,0.011740904301404953,0.011540757013536688,0.14742714664745682,0.18061158072379585,0.0036829015643110937,0.07536401096846122
40819,1190,H1_45,0,0.20649617910385132,0.10708367824554443,0.15780393779277802,0.1076306402683258,0.21887773275375366,0.05618857592344284,0.18294936418533325,0.07803741097450256,0.3810698491430347,0.30539354560642795,0.25961990253204603,0.014248718650655053,0.1162785004985432
40820,1190,H1_45,0,0.044527169317007065,0.14193333685398102,0.05250198394060135,0.05300352722406387,0.03614797443151474,0.08965228497982025,0.18294936418533325,0.03321967273950577,0.026449762371677704,0.03738138975670848,0.046002448443007285,0.00725773009096822,0.04195291193969788
40822,1190,H1_45,0,0.004617932718247175,0.01421749871224165,0.005110329017043114,0.0030060531571507454,0.010454044677317142,0.0029059515800327063,0.4302942156791687,0.0037895364221185446,0.013408997363474348,0.0029737612365620574,0.008013542471375751,0.0006712434644797118,0.03511888830318214
40823,1190,H1_45,0,0.008415726013481617,0.020495550706982613,0.010551300831139088,0.005064998287707567,0.05078423023223877,0.0184236541390419,0.4302942156791687,0.005216808989644051,0.21706907831538053,0.06036866890766524,0.03470155921381265,0.0014939142646840755,0.04034654361647081
40824,1190,H1_45,0,0.01982126571238041,0.0915120467543602,0.03713618591427803,0.031017981469631195,0.07867009192705154,0.010010456666350365,0.4302942156791687,0.06572006642818451,0.7343981963135909,0.0706511844355122,0.12419818745113947,0.018237125987479164,0.04573596736898963
40826,1190,H1_45,0,0.0067695616744458675,0.023225460201501846,0.004627420101314783,0.005519320722669363,0.0016745354514569044,0.005000848788768053,0.4302942156791687,0.0033928195480257273,0.7528305772291427,0.08664587311208424,0.06444284984130434,0.002928616105266093,0.03985793845709292
40827,1190,H1_45,0,0.1460573822259903,0.01162191852927208,0.09782861173152924,0.14129045605659485,0.04740235209465027,0.060903653502464294,0.4302942156791687,0.06470352411270142,0.848981935573305,0.20354473715314844,0.1519139285097433,0.04148916849995159,0.06591156978220399
40830,1190,H1_45,0,0.026553388684988022,0.2994973361492157,0.011093227192759514,0.017189310863614082,0.019042663276195526,0.030897874385118484,0.4302942156791687,0.00960250198841095,0.9882225814197393,0.2324468833341552,0.18522578890246288,0.005841221044346895,0.07068989168694471
40832,1190,H1_45,0,0.0047171469777822495,0.0069437455385923386,0.006152143701910973,0.004217528272420168,0.013735071755945683,0.004218629561364651,0.4302942156791687,0.004017275292426348,0.07011508587157181,0.034905081518095384,0.045970555622606754,0.0012975739240461699,0.040960161533116414
40833,1190,H1_45,0,0.12992076575756073,0.019853390753269196,0.104393370449543,0.12302962690591812,0.1947307288646698,0.12482518702745438,0.4302942156791687,0.06471177190542221,0.7791471849577605,0.12497280071187904,0.1260274611519124,0.019267056315930727,0.05132149500838571
40834,1190,H1_45,0,0.000297818158287555,0.0541091151535511,0.00031505190418101847,0.00015226703544612974,0.008420574478805065,0.00024979180307127535,0.4302942156791687,0.0003018069837708026,0.47786562624208306,0.04242063375250143,0.028298042207748425,5.666213719998201e-05,0.035310863845701305
40835,1190,H1_45,0,0.7561712861061096,0.3107859790325165,0.6865057945251465,0.5434093475341797,0.3154692053794861,0.6325567364692688,0.4302942156791687,0.41060903668403625,0.936178642252335,0.22337066602180608,0.29220756639479517,0.46307802195480796,0.16137382297479477
40836,1190,H1_45,1,0.005727166309952736,0.014702742919325829,0.004662420134991407,0.0045168837532401085,0.16917647421360016,0.0015667174011468887,0.4302942156791687,0.004725860897451639,0.01835757932117854,0.1995013798446363,0.12972291221347507,0.004085082462835752,0.0742394816346215
40806,1190,H2_15,0,0.00849936343729496,0.0022864127531647682,0.009863510727882385,0.006449474021792412,0.00685751112177968,0.004248474258929491,0.09236189723014832,0.0027494074311107397,0.0001258896868989196,0.007240446163146969,0.017011623029166575,0.002376025180430791,0.03651983429245492
40807,1190,H2_15,0,0.004204940516501665,0.11108070611953735,0.0024818717502057552,0.0036067767068743706,0.005944274365901947,0.005593544337898493,0.09236189723014832,0.002909490605816245,0.10302660578403935,0.09601055322287322,0.06290192281285543,0.0010863631018985956,0.04856009377151548
40808,1190,H2_15,0,0.011660080403089523,0.06445684283971786,0.00695074675604701,0.009964928030967712,0.01326888520270586,0.01564827561378479,0.09236189723014832,0.004248563200235367,0.031001500544169815,0.021110194854915672,0.04785636647098953,0.0011999033581197817,0.04036925340851766
40810,1190,H2_15,0,0.005627145059406757,0.0066019631922245026,0.015398495830595493,0.006694086827337742,0.032892804592847824,0.006397625897079706,0.09236189723014832,0.009212711825966835,0.0018085052054341623,0.06356666744877594,0.060427728239041724,0.001156153267190658,0.04623704886327689
40811,1190,H2_15,0,0.20919016003608704,0.3267784118652344,0.33299893140792847,0.22765204310417175,0.19348429143428802,0.3227993845939636,0.49399954080581665,0.17684152722358704,0.056783948575456114,0.16837346408895382,0.2103515876564918,0.0833056707852164,0.09100281182728635
40813,1190,H2_15,0,0.10533222556114197,0.6948025226593018,0.15292561054229736,0.1166069358587265,0.07988139986991882,0.08846468478441238,0.40862539410591125,0.11860901117324829,0.2578123778089005,0.29061745209887574,0.2227412663764915,0.059060776565140936,0.11213933007810521
40815,1190,H2_15,0,0.021561691537499428,0.005508774891495705,0.019521452486515045,0.012284396216273308,0.01648838445544243,0.054293300956487656,0.09236189723014832,0.013918416574597359,0.32895236686299334,0.06001731946883747,0.08504271709389023,0.01106797115784847,0.044951481947298345
40816,1190,H2_15,0,0.004998998250812292,0.15247300267219543,0.006799721159040928,0.007910213433206081,0.14525219798088074,0.006069537252187729,0.40862539410591125,0.023687519133090973,0.1866398094736112,0.08599288808607028,0.13738192758242393,0.00253797811078014,0.05607856671391831
40818,1190,H2_15,0,0.015336359851062298,0.0035953493788838387,0.017083140090107918,0.01759234443306923,0.05439290031790733,0.03370869904756546,0.09236189723014832,0.011580969206988811,0.0068959187429090425,0.19506991674439264,0.22575844594195074,0.002453557785148576,0.09327697257266054
40819,1190,H2_15,0,0.014134855009615421,0.14635267853736877,0.01689891889691353,0.011683116666972637,0.0015032085357233882,0.08308038115501404,0.09236189723014832,0.01804402284324169,0.2614027445416605,0.13151082492103217,0.15951654478511487,0.005325570995649151,0.06441547163474953
40820,1190,H2_15,0,0.01939164102077484,0.05998627841472626,0.016257269307971,0.03629852086305618,0.014046830125153065,0.023021666333079338,0.09236189723014832,0.030350003391504288,0.06690658164851918,0.10489174410827477,0.09202160573426868,0.010844973238057627,0.05445432907865519
40822,1190,H2_15,0,0.0015962033066898584,0.0014205437619239092,0.0010137801291421056,0.0010952312732115388,0.0006417566328309476,0.0025752761866897345,0.2997945249080658,0.00097761582583189,0.0009017389121010906,0.0016307826592958977,0.004004168040020724,0.00020634171138830975,0.034768193675528435
40823,1190,H2_15,0,0.001973654143512249,0.02034679614007473,0.0020843034144490957,0.002162585500627756,0.027455955743789673,0.0649743378162384,0.2997945249080658,0.004184295888990164,0.04073979595404817,0.06569028945205774,0.04580487381951552,0.0011159785394975145,0.044240227513197554
40824,1190,H2_15,0,0.005472841672599316,0.012403740547597408,0.006967485882341862,0.004519946873188019,0.030291268602013588,0.00971747562289238,0.2997945249080658,0.005005589220672846,0.1603493725707721,0.07624612517910859,0.034324700772630945,0.0016739747518506006,0.04247851924531753
40826,1190,H2_15,0,0.0022989551071077585,0.07067365944385529,0.0009582434431649745,0.0011394927278161049,0.0008105205488391221,0.0019000228494405746,0.2997945249080658,0.0017227615462616086,0.08990685633898697,0.10939013765286579,0.04801665413185272,0.0017007044299406156,0.048385295315441564
40827,1190,H2_15,0,0.10249972343444824,0.19025464355945587,0.07221105694770813,0.17523404955863953,0.3227006196975708,0.013413524255156517,0.2997945249080658,0.12447532266378403,0.2549406679970213,0.18774953294827476,0.20875888511094148,0.1145231824937007,0.09341692646564013
40830,1190,H2_15,0,0.005194936878979206,0.06944458186626434,0.006000622641295195,0.008648501709103584,0.0076207732781767845,0.04939106106758118,0.2997945249080658,0.006003578659147024,0.542108963970835,0.21738572741137324,0.21786794343410115,0.0037594011299752783,0.08307242574024466
40832,1190,H2_15,0,0.021465476602315903,0.014914418570697308,0.043600331991910934,0.019513554871082306,0.02543458342552185,0.017507005482912064,0.2997945249080658,0.009647036902606487,0.27545989025494916,0.025505704218006027,0.018601960832289766,0.014883520676304147,0.03575739543777818
40833,1190,H2_15,0,0.005553736817091703,0.007569015957415104,0.008004478178918362,0.002495119348168373,0.02207070030272007,0.009154635481536388,0.2997945249080658,0.004231229890137911,0.04248532146539567,0.12156634099112866,0.07301127758966731,0.0007091557514597014,0.05365697807623628
40834,1190,H2_15,0,0.0003158922481816262,0.027976538985967636,0.00037231811438687146,0.00023173238150775433,0.020772304385900497,0.00018858334806282073,0.2997945249080658,0.0003590703709051013,0.011372369415598672,0.06143062198833889,0.037935053077542684,7.40695509168085e-05,0.0432769083144502
40835,1190,H2_15,0,0.02264515683054924,0.011130748316645622,0.043418191373348236,0.05805222690105438,0.0063659073784947395,0.18298473954200745,0.2997945249080658,0.03652239590883255,0.8254983727706597,0.09867913114372345,0.14295394017036894,0.020763254937785372,0.05017338707679966
40836,1190,H2_15,0,0.013015588745474815,0.013520441018044949,0.011872046627104282,0.017625875771045685,0.053066279739141464,0.006303745787590742,0.2997945249080658,0.004398341756314039,0.05096916109470626,0.18065366771955257,0.1076941308530768,0.002644611080262054,0.06669593663415742
40806,1190,H2_30,0,0.01187929231673479,0.027424246072769165,0.00820634700357914,0.006128671579062939,0.03297438099980354,0.002220296999439597,0.01781812682747841,0.005060943774878979,0.00017615219818685747,0.036828756403518695,0.04445470526015891,0.0015863489379756433,0.04185394903541776
40807,1190,H2_30,0,0.002562921494245529,0.025722907856106758,0.0012536371359601617,0.004180222749710083,0.012684396468102932,0.0006880068685859442,0.01781812682747841,0.0019930994603782892,0.04578515406335591,0.05181642739842074,0.054900936217135196,0.00018783550959713453,0.04379542998493045
40808,1190,H2_30,0,0.051539573818445206,0.049055807292461395,0.047136493027210236,0.034945860505104065,0.02455596625804901,0.061812710016965866,0.01781812682747841,0.044192444533109665,0.1486552259090886,0.032772729203689246,0.06394103503390502,0.008338857869689088,0.041961886668484584
40810,1190,H2_30,0,0.0021498072892427444,0.001840059063397348,0.005782824940979481,0.002508040750399232,0.014960345812141895,0.006015093997120857,0.01781812682747841,0.006957879289984703,0.015846193746159604,0.059379898143512966,0.05435234939684684,0.002360790260540921,0.044980958538598355
40811,1190,H2_30,0,0.1415882408618927,0.04159506410360336,0.263624906539917,0.14995303750038147,0.21416819095611572,0.10173320025205612,0.15666066110134125,0.08819381892681122,0.1637614597543106,0.12498020166498781,0.2327918667280763,0.012607134620488803,0.07871092284329173
40813,1190,H2_30,0,0.019048623740673065,0.08750904351472855,0.019033966585993767,0.027367806062102318,0.028380176052451134,0.032421503216028214,0.23456192016601562,0.015719903632998466,0.17495962909476157,0.10720858181658606,0.1472648404349795,0.004564726788495364,0.06063625863929178
40814,1190,H2_30,0,0.07171044498682022,0.17724813520908356,0.10406209528446198,0.07871648669242859,0.20532825589179993,0.154489204287529,0.05322205275297165,0.05327587574720383,0.24664887611227276,0.08160225462692094,0.14472035789442952,0.014873945084427796,0.0563377739588252
40815,1190,H2_30,0,0.011466856114566326,0.0026239068247377872,0.009429922327399254,0.007153993938118219,0.007714444305747747,0.018088771030306816,0.01781812682747841,0.016552617773413658,0.4306435439332574,0.033782276142308346,0.05011356916048848,0.003588485991283689,0.037259316727928087
40816,1190,H2_30,0,0.005861947312951088,0.07600107043981552,0.0063133626244962215,0.007712853606790304,0.01952550560235977,0.007874642498791218,0.23456192016601562,0.012616101652383804,0.016520352118304594,0.15279861550476267,0.10149023533800428,0.007708139433003589,0.06274260964397772
40818,1190,H2_30,0,0.10533961653709412,0.017682448029518127,0.09373030066490173,0.09298823028802872,0.8246728181838989,0.027812153100967407,0.01781812682747841,0.15092208981513977,0.021338210089611214,0.23312575964372115,0.28189163051296245,0.022824033762615405,0.11682640823804417
40820,1190,H2_30,0,0.0034411048982292414,0.026532286778092384,0.0027656196616590023,0.0020759610924869776,0.005989342462271452,0.005133042111992836,0.01781812682747841,0.002125947270542383,0.03673294098587466,0.02870155004409103,0.04263627901518401,0.0004364670676732949,0.04041159211532482
40822,1190,H2_30,0,0.0030906146857887506,0.0014205437619239092,0.0025503726210445166,0.001893223961815238,0.007118273992091417,0.002458730014041066,0.30602264404296875,0.002459651557728648,0.017408191222705316,0.002949295950286253,0.00293030844541658,0.00046529350512829285,0.03460891495142653
40823,1190,H2_30,0,0.030659152194857597,0.0705609992146492,0.020249534398317337,0.02070067822933197,0.03660117834806442,0.03577793762087822,0.30602264404296875,0.025619352236390114,0.0943625510588982,0.06579718150377191,0.06575931233052926,0.009250048827483608,0.046232700919797864
40824,1190,H2_30,0,0.002874295925721526,0.03920350968837738,0.003340678522363305,0.002157371724024415,0.004338114522397518,0.01327089499682188,0.30602264404296875,0.004827442113310099,0.03492215703250738,0.06980957158361664,0.019468371445220334,0.001491754800490031,0.041814326500575594
40826,1190,H2_30,0,0.006730817258358002,0.029203908517956734,0.002790855010971427,0.004324488807469606,0.005860907956957817,0.0022294637747108936,0.30602264404296875,0.002583873923867941,0.02743594824292922,0.0881761295271443,0.055709604922139805,0.0027560002082747735,0.04800401116965278
40828,1190,H2_30,0,0.20425473153591156,0.010687070898711681,0.19582168757915497,0.20467256009578705,0.08716674894094467,0.12388953566551208,0.09103981405496597,0.08122850209474564,0.11277494440753046,0.15663713975071436,0.19298442014833508,0.22921172267348056,0.10144512151637515
40829,1190,H2_30,0,0.2571112811565399,0.44599512219429016,0.267331063747406,0.288173645734787,0.3432497978210449,0.12306513637304306,0.10231637954711914,0.4727781116962433,0.3663760428469419,0.31596588538178705,0.3585271767647861,0.40700889155456155,0.2288922320609653
40831,1190,H2_30,0,0.014933106489479542,0.00524819316342473,0.026685530319809914,0.01268578227609396,0.043820664286613464,0.1171194314956665,0.10231637954711914,0.012954853475093842,0.2513468291751824,0.09188658208129316,0.15545872193887006,0.0011289185991162367,0.05834123178533015
40833,1190,H2_30,0,0.0025866073556244373,0.013743555173277855,0.003643607720732689,0.002704336540773511,0.0410812683403492,0.009718494489789009,0.30602264404296875,0.0035586520098149776,0.026563864698087608,0.0847038407593214,0.04331941513636382,0.0011041652248548197,0.046061995585416605
40834,1190,H2_30,0,0.0006760035757906735,0.027743984013795853,0.0004678240802604705,0.0008355343597941101,0.022695861756801605,0.0003535300784278661,0.30602264404296875,0.0012317788787186146,0.03484879143322878,0.062365062496820396,0.03298317491667477,0.00016213993828291076,0.04252085230895921
40835,1190,H2_30,0,0.02357083559036255,0.09040949493646622,0.025891978293657303,0.022701211273670197,0.009977628476917744,0.08927759528160095,0.30602264404296875,0.014080463908612728,0.37613811919887163,0.07778018639283978,0.07198994201120157,0.0041254816415749445,0.04423773337262951
40837,1190,H2_30,0,0.15210962295532227,0.021455703303217888,0.16406817734241486,0.21946658194065094,0.09993841499090195,0.2931409776210785,0.09103981405496597,0.15724508464336395,0.7744376017928194,0.1076316353218937,0.2584666080382727,0.035037115047438804,0.07000748948169255
40852,1191,H1_15,0,0.0017081276746466756,0.05666089802980423,0.002517491113394499,0.0013907353859394789,0.07274928689002991,0.0058264522813260555,0.23158062994480133,0.0019442645134404302,0.03297769642476822,0.08825722587027747,0.10425453922576551,0.00026194180563707985,0.05168331506902168
40853,1191,H1_15,0,0.04363234341144562,0.17594602704048157,0.030717359855771065,0.07057739049196243,0.07824548333883286,0.06403515487909317,0.23158062994480133,0.053898885846138,0.11152912338636316,0.17578662528770514,0.17372654293596196,0.044018385536397905,0.07521880031823323
40854,1191,H1_15,0,0.000389223889214918,0.5584462881088257,0.0007982167298905551,0.0005899958196096122,0.01107965037226677,0.0007633625064045191,0.23158062994480133,0.0007265459862537682,0.09362317374248745,0.04834020409765626,0.04881049575094471,0.00011033724177887532,0.04074792313635199
40855,1191,H1_15,0,0.0009142713388428092,0.014133897610008717,0.0005371903534978628,0.0010489843552932143,0.003518595127388835,0.0032201248686760664,0.23158062994480133,0.0010890585836023092,0.02743025783826134,0.038076938637155354,0.037302592195462045,0.0006480723088683789,0.03947200533936052
40857,1191,H1_15,0,0.05875184386968613,0.14291535317897797,0.04991527646780014,0.07770972698926926,0.045952942222356796,0.45943817496299744,0.23158062994480133,0.06441480666399002,0.14216648696217038,0.12149954187590756,0.13518448656765214,0.009386477117879263,0.06017376463011925
40858,1191,H1_15,0,0.11388803273439407,0.03581859916448593,0.17768070101737976,0.1665564775466919,0.3273514211177826,0.39493680000305176,0.23158062994480133,0.19012631475925446,0.929552324767633,0.26862345417621564,0.2906265784128976,0.14177264517949298,0.10733027890573256
40859,1191,H1_15,0,0.0030518248677253723,0.1657426357269287,0.0022996352054178715,0.0034829971846193075,0.01085748802870512,0.0204831101000309,0.23158062994480133,0.008267874829471111,0.02717543515131836,0.08769344769230612,0.07858834167392403,0.005232654251518575,0.04903029676693052
40860,1191,H1_15,0,0.0120199890807271,0.3439946472644806,0.011865184642374516,0.0068687270395457745,0.018321776762604713,0.013143474236130714,0.23158062994480133,0.010198940522968769,0.948065510923434,0.1462116102409175,0.14141484368022514,0.0022803933263566586,0.052018398058562454
40862,1191,H1_15,0,0.0010384311899542809,0.002416750881820917,0.0012394364457577467,0.001386825111694634,0.0013005678774788976,0.001971898367628455,0.23158062994480133,0.0006020708242431283,6.217559003811345e-05,0.004214068867881749,0.002013127253027675,0.00023211984813166373,0.0338632471394562
40863,1191,H1_15,0,0.057872794568538666,0.18424092233181,0.06827664375305176,0.05752420052886009,0.22387512028217316,0.3154769539833069,0.23158062994480133,0.05427774041891098,0.23638626449380093,0.20727241131730126,0.20677490870669665,0.021881493782337582,0.08442740221267746
40867,1191,H1_15,0,0.006358745042234659,0.004429322201758623,0.008051705546677113,0.006548915058374405,0.05765540152788162,0.028286786749958992,0.23158062994480133,0.013501806184649467,0.20507043369032235,0.11459339109513164,0.14344114400693622,0.0033037542702483726,0.057770098414803905
40868,1191,H1_15,0,0.011258300393819809,0.007760139647871256,0.014620552770793438,0.010631224140524864,0.020104264840483665,0.005386163480579853,0.49019744992256165,0.007584423292428255,0.009257706295291506,0.08397265669354739,0.05694966847457182,0.0013463657139577872,0.04649670116701912
40869,1191,H1_15,0,0.04866909608244896,0.25868672132492065,0.05739912763237953,0.059478577226400375,0.06945744901895523,0.03894900158047676,0.49019744992256165,0.024528678506612778,0.8984491417224469,0.13330491709638714,0.11641492922978311,0.016463207405113152,0.048494292775217974
40870,1191,H1_15,0,0.1668546348810196,0.4822394847869873,0.19609865546226501,0.15593397617340088,0.07261976599693298,0.03697190061211586,0.49019744992256165,0.20537905395030975,0.5798155770753012,0.16407908136944824,0.14512973414894592,0.0374605462131711,0.06573528558848116
40872,1191,H1_15,0,0.00961189903318882,0.49008163809776306,0.01056221779435873,0.006808324716985226,0.01700820028781891,0.013024259358644485,0.49019744992256165,0.009225934743881226,0.2894404036084405,0.12062864841992041,0.11002712848995372,0.007693154115368691,0.05324449127706909
40873,1191,H1_15,0,0.411708265542984,0.4443807899951935,0.286884605884552,0.21930336952209473,0.13016527891159058,0.6088134050369263,0.49019744992256165,0.1249401867389679,0.9402631376611015,0.25846695973283557,0.3086765901044974,0.13121073835047242,0.10524138495975655
40875,1191,H1_15,1,0.48523277044296265,0.09744632989168167,0.27326226234436035,0.41930443048477173,0.017104195430874825,0.5586028099060059,0.49019744992256165,0.33865195512771606,0.9344739686155757,0.3994030975102469,0.2644455468464212,0.6459937604859911,0.15577970963214496
40879,1191,H1_15,0,0.0032632697839289904,0.0953902080655098,0.0020310545805841684,0.005056883208453655,0.00811968743801117,0.001071199425496161,0.49019744992256165,0.001954547595232725,0.0956237181509906,0.08453947964038996,0.07965372039330804,0.0003463131350995653,0.047688915906954094
40880,1191,H1_15,0,0.0062948246486485004,0.11547025293111801,0.0035976069048047066,0.008243462070822716,0.004139488097280264,0.006313000805675983,0.49019744992256165,0.005783141124993563,0.39486205329049895,0.0983026544898991,0.07376328524888863,0.00692095203278186,0.0451514822548063
40881,1191,H1_15,0,0.11544636636972427,0.12988346815109253,0.173050194978714,0.1467217653989792,0.1708889901638031,0.04031364992260933,0.49019744992256165,0.20909474790096283,0.5772135754792874,0.18408710187128186,0.16738499031450826,0.09580280581289444,0.07305218612523894
40882,1191,H1_15,0,0.045498017221689224,0.04076169431209564,0.05181867629289627,0.023411018773913383,0.0706433579325676,0.014143035747110844,0.49019744992256165,0.021617798134684563,0.8723303198408672,0.14425469250717593,0.09927442304852196,0.007553268352531002,0.04828779336442098
40883,1191,H1_15,0,0.0908212810754776,0.12189849466085434,0.044790059328079224,0.09470559656620026,0.020780358463525772,0.07653968036174774,0.49019744992256165,0.07008176296949387,0.2939200157363595,0.14016152338469354,0.12271727615767959,0.04136254832802071,0.059355094153130415
40852,1191,H1_30,0,0.00023112844792194664,0.07008655369281769,0.00046492580440826714,0.0002626839850563556,0.012505883350968361,0.00266638258472085,0.022380618378520012,0.0004858710744883865,0.051953984406687345,0.06937612969161233,0.06070597821909931,0.00027919878362867365,0.04455273627363072
40853,1191,H1_30,0,0.006442035548388958,0.018288861960172653,0.005696052685379982,0.011944934725761414,0.007143387570977211,0.019227519631385803,0.022380618378520012,0.0076730637811124325,0.029321157437678276,0.06142734924611143,0.09691308751979416,0.0009424394777845036,0.04783887374639436
40854,1191,H1_30,0,0.002622070489451289,0.024203019216656685,0.007724579889327288,0.0019208065932616591,0.0330352857708931,0.008423871360719204,0.022380618378520012,0.00468175346031785,0.046210453285281214,0.07014623203284308,0.10051175091245922,0.0009383174460813052,0.04894737577493518
40855,1191,H1_30,0,0.0009676509071141481,0.14077085256576538,0.00040269517921842635,0.0010972551535815,0.005101052112877369,0.00665768887847662,0.022380618378520012,0.000759035989176482,0.007195034870926472,0.039684936555503515,0.03254594250604462,0.00011446182326317705,0.039421338404079465
40857,1191,H1_30,0,0.023317735642194748,0.025872573256492615,0.018397057428956032,0.031193945556879044,0.010763476602733135,0.27752408385276794,0.022380618378520012,0.00668672239407897,0.03399278407956995,0.06479068937416964,0.05949833629015212,0.0008978994106314092,0.04429875445903738
40858,1191,H1_30,0,0.014157929457724094,0.014551529660820961,0.01760350726544857,0.014013578183948994,0.03542996197938919,0.06408367305994034,0.022380618378520012,0.00702566048130393,0.0033235394945575914,0.17367983356112252,0.19185243976659108,0.0005416411123624459,0.07782032175979774
40859,1191,H1_30,0,0.001610465464182198,0.10538366436958313,0.001193988835439086,0.0020053889602422714,0.010456487536430359,0.013608943670988083,0.022380618378520012,0.0028493471909314394,0.12762444636434944,0.09432413825613593,0.061973941972418546,0.0007608141665955269,0.04660142531834974
40860,1191,H1_30,0,0.0007811862742528319,0.033023901283741,0.0012290867744013667,0.001026081619784236,0.03237108141183853,0.003191207302734256,0.022380618378520012,0.0015541893662884831,0.4102209231415764,0.13530150863953827,0.09275460256227457,0.0008586217408168698,0.051391397421179597
40862,1191,H1_30,0,0.00048088133917190135,0.002416750881820917,0.000525104405824095,0.0004845745861530304,0.001286617829464376,0.0010409558890387416,0.022380618378520012,0.00039897835813462734,0.0003887455713631016,0.0,0.0066396080308884385,9.598786761641865e-05,0.03386667058161621
40863,1191,H1_30,0,0.19986280798912048,0.3071122467517853,0.19933053851127625,0.21431997418403625,0.07226303964853287,0.45271310210227966,0.022380618378520012,0.15983490645885468,0.4138146543128736,0.27286269353602105,0.27170780962965735,0.2118183456606855,0.11599375232342725
40867,1191,H1_30,0,0.0005573408561758697,0.0071762604638934135,0.000449669809313491,0.0005466436850838363,0.002454067813232541,0.0088929058983922,0.022380618378520012,0.0002644261112436652,0.02523658738144064,0.07320027921950821,0.058719260744741576,4.6625681995404135e-05,0.04509563827635021
40868,1191,H1_30,0,0.0019257253734394908,0.0008663259795866907,0.0017651813104748726,0.0014355615712702274,0.002977579366415739,0.0006660865619778633,0.5099120140075684,0.0024897868279367685,8.052027853239651e-05,0.018909020647988783,0.021914641446262453,0.0008369886602986906,0.0367241075750958
40869,1191,H1_30,0,0.01023818925023079,0.17728346586227417,0.006477615796029568,0.009049955755472183,0.04875572398304939,0.023562191054224968,0.5099120140075684,0.01158114429563284,0.17036423325672306,0.09170749692387005,0.08955030810741156,0.00251381286273981,0.0488767971050913
40870,1191,H1_30,0,0.14460203051567078,0.3206290006637573,0.11134909838438034,0.18681207299232483,0.07635471969842911,0.14972440898418427,0.5099120140075684,0.2778124213218689,0.05754827841188491,0.14136181789077612,0.12416599533652165,0.04120026050081987,0.07021419424267623
40872,1191,H1_30,0,0.008058343082666397,0.019263500347733498,0.005741069559007883,0.005631268955767155,0.041333626955747604,0.008614183403551579,0.5099120140075684,0.005685149226337671,0.02699599305883477,0.10001908610320809,0.07245471490156515,0.0033513424328720414,0.04977522477124136
40873,1191,H1_30,0,0.19791622459888458,0.18857243657112122,0.18123231828212738,0.23000797629356384,0.040556274354457855,0.27794119715690613,0.5099120140075684,0.318406343460083,0.6021301351876882,0.13538754561034702,0.21551683190284654,0.1843456201332188,0.07600231004177131
40875,1191,H1_30,1,0.1121157705783844,0.10606350004673004,0.10643885284662247,0.07295767217874527,0.06431383639574051,0.05949852243065834,0.5099120140075684,0.10233134776353836,0.9689338878405862,0.23844186258049654,0.21996177972231115,0.06180173698492456,0.08165476865300854
40879,1191,H1_30,0,0.004961134400218725,0.05863756686449051,0.0036858650855720043,0.004290326032787561,0.06860211491584778,0.002976517891511321,0.5099120140075684,0.009162753820419312,0.10984295038333995,0.11301788707805897,0.07568783844622551,0.0034906064198671253,0.050724137352661625
40880,1191,H1_30,0,0.004137104377150536,0.05254874378442764,0.004995501134544611,0.007031021174043417,0.06742898374795914,0.0011989520862698555,0.5099120140075684,0.007763698231428862,0.20430533551242008,0.061393650449576925,0.03051586421987563,0.0033170349798552685,0.03934359507618352
40881,1191,H1_30,0,0.015432672575116158,0.05550464987754822,0.016295481473207474,0.011477119289338589,0.0612272247672081,0.008570153266191483,0.5099120140075684,0.014306087046861649,0.41119074227784913,0.20453460662360975,0.1490321216105488,0.008872181479313042,0.06976854028026948
40882,1191,H1_30,0,0.08214659988880157,0.02275615930557251,0.0795232504606247,0.08537140488624573,0.20209991931915283,0.010950055904686451,0.5099120140075684,0.08866255730390549,0.6859827302680072,0.1724133260185452,0.13652850331466398,0.018300666148947962,0.06076867966294858
40883,1191,H1_30,0,0.015164083801209927,0.01536042895168066,0.01773427240550518,0.021600302308797836,0.370908260345459,0.022524518892169,0.5099120140075684,0.03379803150892258,0.11872889490856145,0.23209889096368266,0.17240502793976392,0.03586977531896756,0.08510802770559049
40852,1191,H1_45,0,0.005051960237324238,0.01232991460710764,0.006391866132616997,0.0040602050721645355,0.03589452803134918,0.016582731157541275,0.016417909413576126,0.005163577850908041,0.012025877848669307,0.050119315991061654,0.08137505598317593,0.0030647219950574083,0.0451462753298043
40853,1191,H1_45,0,0.006204849109053612,0.21414653956890106,0.010611426085233688,0.010478495620191097,0.19040252268314362,0.05496181547641754,0.016417909413576126,0.025137823075056076,0.33577293673166686,0.09962422793667941,0.09915951397512994,0.02138948200895847,0.0491965464692907
40854,1191,H1_45,0,0.0026593843940645456,0.005527468863874674,0.0018508838256821036,0.002303831512108445,0.0023210712242871523,0.008896676823496819,0.016417909413576126,0.0008971833740361035,0.17342769577753586,0.04042684668499117,0.06503545335636608,0.00041134404334312196,0.04054035655184465
40855,1191,H1_45,0,0.0008170517976395786,0.03565289452672005,0.0009266969282180071,0.0008631495875306427,0.005468439310789108,0.002168702892959118,0.016417909413576126,0.0007934315362945199,0.026650918468526703,0.025153604513315123,0.018854945908168892,0.0002757353099589243,0.03670894546463393
40857,1191,H1_45,0,0.0035691012162715197,0.040100809186697006,0.0024838997051119804,0.0038174919318407774,0.09385808557271957,0.029265115037560463,0.016417909413576126,0.00231224880553782,0.0897753861126056,0.029951475865005447,0.03729491303615158,0.0004966620962241044,0.03804792456696742
40858,1191,H1_45,0,0.047126103192567825,0.044470690190792084,0.04637739434838295,0.034802768379449844,0.06428077816963196,0.11156860738992691,0.016417909413576126,0.054932404309511185,0.016087498854778837,0.16649747832945466,0.16950309448939374,0.017222867889699747,0.07446377402743504
40859,1191,H1_45,0,0.0003369079786352813,0.04577126353979111,0.00029225030448287725,0.00022971992439124733,0.0008815813926048577,0.006220818031579256,0.016417909413576126,0.00033851986518129706,0.0021328179595042325,0.04801174658345468,0.02753110192397956,7.93059237441862e-05,0.03982460002082887
40860,1191,H1_45,0,0.0011454162886366248,0.1613406538963318,0.002443999284878373,0.0012105313362553716,0.006219683215022087,0.002140733879059553,0.016417909413576126,0.004742986522614956,0.12310650406628985,0.14055021602797269,0.0996813603448852,0.0031114830997681464,0.056929362772660114
40862,1191,H1_45,0,0.0004781192110385746,0.002416750881820917,0.00049181142821908,0.0005037104128859937,0.0016513686859980226,0.0008797349291853607,0.016417909413576126,0.00040570739656686783,0.00033185290200069624,0.0,0.0,0.00010487984547912785,0.0333644550539705
40863,1191,H1_45,0,0.008998596109449863,0.31602492928504944,0.01306634396314621,0.007475849241018295,0.0070424759760499,0.15491335093975067,0.016417909413576126,0.02121654897928238,0.6823611991987942,0.18860550720218158,0.09285050714359842,0.0009933982699668594,0.05589440888441044
40867,1191,H1_45,0,0.0007714858511462808,0.04110373929142952,0.0009271464659832418,0.0014185213949531317,0.03998807072639465,0.003617816139012575,0.016417909413576126,0.0021384248975664377,0.029041315135128854,0.05270009166069072,0.040642052406735615,0.0005671237538850784,0.041205949823103966
40868,1191,H1_45,0,0.0014087629970163107,0.0031879658345133066,0.0012011496582999825,0.0013442507479339838,0.0024327950086444616,0.0006572604761458933,0.3951173424720764,0.0007086137193255126,8.621680126101567e-05,0.031128166744895016,0.0316435992343745,0.0002555208745758536,0.038615267205384
40869,1191,H1_45,0,0.012026297859847546,0.06755541265010834,0.022993069142103195,0.0167672261595726,0.04196156561374664,0.0044740941375494,0.3951173424720764,0.012093148194253445,0.4829150892414571,0.13765145131419942,0.06809421781351398,0.0012026895549176492,0.04836255317909701
40870,1191,H1_45,0,0.03630153834819794,0.02312595769762993,0.02600807324051857,0.062198150902986526,0.07613309472799301,0.010748209431767464,0.3951173424720764,0.031265437602996826,0.2283916527004217,0.16320723438920856,0.12271561739147858,0.00433269621344991,0.06249014043003697
40872,1191,H1_45,0,0.029795249924063683,0.023970484733581543,0.022404255345463753,0.02900097891688347,0.15211103856563568,0.003977489657700062,0.3951173424720764,0.019428208470344543,0.06309658013400805,0.12703027474477901,0.08449984612424574,0.007029784052228333,0.05449879341093019
40873,1191,H1_45,0,0.11825808882713318,0.4338095486164093,0.17151282727718353,0.1411953866481781,0.15762659907341003,0.18959276378154755,0.3951173424720764,0.07429205626249313,0.44512924686521443,0.17042186483890878,0.16564917231745205,0.02814995790027549,0.06774637962863446
40875,1191,H1_45,1,0.13122716546058655,0.05240588262677193,0.12152142077684402,0.08665294945240021,0.3220018148422241,0.018764052540063858,0.3951173424720764,0.0597405806183815,0.01997639980665992,0.22737735190763075,0.19619895701964465,0.051469713953595814,0.09180646926456221
40879,1191,H1_45,0,0.011966418474912643,0.024577224627137184,0.004451814107596874,0.005360000301152468,0.02020549215376377,0.003176224185153842,0.3951173424720764,0.009400659240782261,0.1669057152315875,0.11530467680789226,0.0834522257030038,0.0009964709197944628,0.05111307391685154
40880,1191,H1_45,0,0.0041106161661446095,0.009074637666344643,0.008762042038142681,0.0055201794020831585,0.011667568236589432,0.001721049309708178,0.3951173424720764,0.00963264238089323,0.02597041915537328,0.08208022103873552,0.023711509801075177,0.0014412530904659307,0.04284136103202844
40881,1191,H1_45,0,0.0336490161716938,0.14364437758922577,0.023552028462290764,0.0271393321454525,0.20950189232826233,0.004288146737962961,0.3951173424720764,0.029709866270422935,0.13810225720833993,0.2013438093725541,0.11111722270064811,0.01165465738395251,0.0685657473638819
40882,1191,H1_45,0,0.0036117827985435724,0.013377917930483818,0.006112802308052778,0.0017015994526445866,0.01626833900809288,0.004146706312894821,0.3951173424720764,0.004169796593487263,0.3429493003158528,0.09833613754313184,0.06555056620317129,0.0006484799166942778,0.044870603100585514
40883,1191,H1_45,0,0.011875816620886326,0.04896997660398483,0.01740325428545475,0.008586110547184944,0.05580272153019905,0.00455163698643446,0.3951173424720764,0.011391452513635159,0.11228392182603002,0.09365687183800749,0.05036777579958765,0.003519654109090196,0.04574130944129767
40852,1191,H2_15,0,0.002496794331818819,0.015418007969856262,0.003295295173302293,0.002659696852788329,0.025694195181131363,0.011049873195588589,0.026279311627149582,0.0020822405349463224,0.02545368831927831,0.052567274692905334,0.04459590595860436,0.001643022495902401,0.04160568014030907
40853,1191,H2_15,0,0.008975655771791935,0.012862542644143105,0.005900044925510883,0.007931197062134743,0.03096332587301731,0.01875421218574047,0.026279311627149582,0.005105712916702032,0.06382631778297367,0.05045760820309548,0.0656608113754387,0.0031669122420209233,0.042998330141890834
40854,1191,H2_15,0,0.01689310558140278,0.03677668049931526,0.02249593660235405,0.01444251649081707,0.2761150002479553,0.036835093051195145,0.026279311627149582,0.015213948674499989,0.525611485639208,0.07486909376198353,0.10995583803826746,0.0036337493408911538,0.04476401971816759
40855,1191,H2_15,0,0.0004202631826046854,0.02056160755455494,0.00035295457928441465,0.00023076818615663797,0.0038431936409324408,0.0021610979456454515,0.026279311627149582,0.000313319091219455,0.001727438715394548,0.030403600075479265,0.01759012755021066,4.3667056674775936e-05,0.03732643667829202
40857,1191,H2_15,0,0.009774086996912956,0.011741655878722668,0.008612306788563728,0.004400752019137144,0.005113952327519655,0.047130513936281204,0.026279311627149582,0.003600838826969266,0.15141465767005918,0.09855421837670596,0.1088771167627734,0.0018556448212503768,0.05192957479729154
40858,1191,H2_15,0,0.022851618006825447,0.026992544531822205,0.008673066273331642,0.02488182671368122,0.07495889812707901,0.05376562476158142,0.026279311627149582,0.019871313124895096,0.0007693930166092849,0.07708416549360955,0.13875059988481334,0.012424945617149708,0.05536705387930293
40859,1191,H2_15,0,0.0005344742676243186,0.044690974056720734,0.0003182439540978521,0.00036418065428733826,0.003664409974589944,0.0012767877196893096,0.026279311627149582,0.0008536026580259204,0.002187199482446813,0.05250243124266611,0.060556175758887505,0.0003915048847570792,0.043352604737220836
40860,1191,H2_15,0,0.000616731122136116,0.17701223492622375,0.0006828831974416971,0.0004527765850070864,0.013844683766365051,0.0009369525359943509,0.026279311627149582,0.0010740043362602592,0.04876846607446205,0.10239244019140813,0.07685007850710837,0.0009002831384689653,0.05012844695675595
40862,1191,H2_15,0,0.0006525773205794394,0.009956314228475094,0.0008011413738131523,0.0006201751530170441,0.011814529076218605,0.00041694616083987057,0.026279311627149582,0.0006136643351055682,5.956807989109863e-06,0.016231214121515968,0.018588148167729197,0.00030589795376151314,0.03617954522747741
40863,1191,H2_15,0,0.003547546686604619,0.24348631501197815,0.007314973045140505,0.004462887067347765,0.030650204047560692,0.04735960811376572,0.026279311627149582,0.014799146912992,0.06963768035486774,0.07279451087351964,0.0787534567069145,0.004488104980791284,0.04690095917934808
40867,1191,H2_15,0,0.0003577785973902792,0.03869916871190071,0.0007880894117988646,0.0004885887028649449,0.004268098622560501,0.0021615184377878904,0.026279311627149582,0.0016669449396431446,0.0008827116700526563,0.045706653052427416,0.02645041930382114,0.00048585399540074155,0.03955019986861628
40868,1191,H2_15,0,0.0012769659515470266,0.00047493824968114495,0.0008334958693012595,0.0012586100492626429,0.0012906681513413787,0.0006512170075438917,0.3267102539539337,0.00118043995462358,7.19832590407468e-07,0.007609196123429509,0.021663535424036564,0.001159652788028697,0.03570142688273411
40869,1191,H2_15,0,0.00641948077827692,0.00572297815233469,0.003977874759584665,0.006300458684563637,0.0034357926342636347,0.006428221240639687,0.3267102539539337,0.0030507270712405443,0.0010182382588734033,0.040218207200229956,0.04758057836839684,0.0009238388259722897,0.040946653207494306
40870,1191,H2_15,0,0.013252843171358109,0.03632158041000366,0.015217142179608345,0.012788087129592896,0.01162598468363285,0.0024195436853915453,0.3267102539539337,0.004811435006558895,0.028646767610898276,0.08379116644171002,0.05144760497415119,0.0007178832600314467,0.04560340957769735
40872,1191,H2_15,0,0.011486894451081753,0.010627293027937412,0.011875733733177185,0.012007249519228935,0.040106941014528275,0.0045046452432870865,0.3267102539539337,0.011967671103775501,0.024989318231721607,0.07997484728975907,0.09263250328035708,0.005150652696211824,0.04975854550555076
40873,1191,H2_15,0,0.043892908841371536,0.008409008383750916,0.1218809261918068,0.07978212833404541,0.07030855864286423,0.06700122356414795,0.3267102539539337,0.04125415161252022,0.5439301506437922,0.0800697636365918,0.07403745894838996,0.03156112980753525,0.042362172043395846
40875,1191,H2_15,0,0.013793599791824818,0.011997957713901997,0.012882464565336704,0.013623891398310661,0.007980912923812866,0.010689162649214268,0.3267102539539337,0.004951722454279661,0.0091784600968273,0.11079006015921436,0.08061094317931562,0.0024718731774969866,0.052258191312125
40879,1191,H2_15,0,0.00483822962269187,0.04209397733211517,0.0025539547204971313,0.003710367949679494,0.015439889393746853,0.006893720477819443,0.3267102539539337,0.004914477467536926,0.014879611090355774,0.06396471392581772,0.029818217145302604,0.00288270711924383,0.04158019854079282
40880,1191,H2_15,0,0.001609784783795476,0.0038676545955240726,0.0009658060735091567,0.0008366696420125663,0.0009110346436500549,0.0009945266647264361,0.3267102539539337,0.0006580019253306091,0.011564428920663975,0.026320554897197077,0.009787150267782053,0.00023039706422019578,0.036224647254727085
40881,1191,H2_15,0,0.011909504421055317,0.0028965233359485865,0.010818632319569588,0.009832846000790596,0.04368171468377113,0.010416056960821152,0.3267102539539337,0.009076086804270744,0.01155982754280811,0.08605043355673361,0.07579381053294246,0.005175941118686947,0.04875915271584089
40882,1191,H2_15,0,0.010042991489171982,0.006190742831677198,0.006143874954432249,0.014604069292545319,0.004527769982814789,0.004638773389160633,0.3267102539539337,0.0017482759431004524,0.01774987800736098,0.03116912179739486,0.016583248391633325,0.0008532937960618322,0.0371737529531383
40883,1191,H2_15,0,0.0041267345659434795,0.008805605582892895,0.0035636143293231726,0.005112705752253532,0.013494898565113544,0.009102404117584229,0.3267102539539337,0.004720792640000582,0.191717262067345,0.05410279267768877,0.04177865182212155,0.002117615150620711,0.03969062973228995
40852,1191,H2_30,0,0.0013944103848189116,0.0035310876555740833,0.002257070504128933,0.0013368858490139246,0.02099352702498436,0.0026136618107557297,0.0166165754199028,0.001703768502920866,0.00547202956339493,0.05006948667442246,0.04822304498266261,0.00045423872579966476,0.041908272815928314
40853,1191,H2_30,0,0.012116041965782642,0.015969719737768173,0.004665581043809652,0.01882776990532875,0.011500367894768715,0.026160240173339844,0.0166165754199028,0.0027855492662638426,0.032493451373611225,0.04127162005956455,0.03038299190609708,0.0018821651257987274,0.03915379448083551
40854,1191,H2_30,0,0.0015567458467558026,0.00693305442109704,0.002147916704416275,0.0017182163428515196,0.025015082210302353,0.015970304608345032,0.0166165754199028,0.002102323342114687,0.03586008779658487,0.06021175219565951,0.055868526727524744,0.0009217159652872269,0.04333370065198988
40855,1191,H2_30,0,0.0004150652384851128,0.00334941572509706,0.00033973337849602103,0.0003125970542896539,0.0013080231146886945,0.001632791361771524,0.0166165754199028,0.00020677075372077525,0.00010003734338710084,0.029395586001045193,0.024249523883501538,0.000112083713603519,0.0378116249309412
40856,1191,H2_30,0,0.024347128346562386,0.08775170147418976,0.014493332244455814,0.02270844765007496,0.0400252565741539,0.014295929111540318,0.010151716880500317,0.008395000360906124,0.007371506209531888,0.11633343390822676,0.16272779126872156,0.008649513430591475,0.06362169355254545
40857,1191,H2_30,0,0.0011054729111492634,0.00123257574159652,0.0010353702818974853,0.0016953947488218546,0.0009836021345108747,0.008160929195582867,0.0166165754199028,0.0007288852357305586,0.00161534831865053,0.02308620357246359,0.030770367941991193,0.00028422803816106863,0.03778497664399902
40859,1191,H2_30,0,0.000990839209407568,0.021793758496642113,0.00024175798171199858,0.00017864667461253703,0.0029507086146622896,0.0013879997422918677,0.0166165754199028,0.0003126813971903175,0.00018143420321519097,0.03880774818817865,0.03707353776964576,9.834243693352295e-05,0.03980826491913639
40860,1191,H2_30,0,0.005064093042165041,0.3039188086986542,0.0025776054244488478,0.0020338769536465406,0.021930690854787827,0.0031717827077955008,0.0166165754199028,0.00564892403781414,0.06267769436813454,0.11190775333306427,0.07049990402526354,0.006068178146270712,0.05056780240813063
40862,1191,H2_30,0,0.0009460183209739625,0.009933477267622948,0.0010030465200543404,0.0009233381133526564,0.0056471675634384155,0.0004683803126681596,0.0166165754199028,0.0006148216780275106,9.136782161308996e-06,0.012878636393847776,0.019025424712555205,0.0002836262286585894,0.035924649828784475
40864,1191,H2_30,0,0.07002931088209152,0.5282537341117859,0.08964936435222626,0.06291598081588745,0.19729946553707123,0.16972967982292175,0.010151716880500317,0.09186093509197235,0.16284512705833526,0.34301532039313254,0.25449996077464315,0.02711265672089741,0.13423752574822786
40865,1191,H2_30,0,0.0046411920338869095,0.11752105504274368,0.002498878166079521,0.003605252131819725,0.06808711588382721,0.008664853870868683,0.010151716880500317,0.0019348151981830597,0.00422077132112176,0.07410260574776997,0.14476212783371276,0.00030225322656480494,0.055060533068817995
40868,1191,H2_30,0,0.0009132021805271506,0.00047493824968114495,0.0006959221791476011,0.0010878556640818715,0.0014210809022188187,0.0005851639434695244,0.3532923758029938,0.001177261583507061,1.611088778791832e-06,0.005993353942870817,0.019476306424320702,0.0010138846464435801,0.035387975039790194
40869,1191,H2_30,0,0.002256763633340597,0.014037626795470715,0.0022314877714961767,0.002904387889429927,0.004433695692569017,0.0015875146491453052,0.3532923758029938,0.0025233139749616385,0.0271690822783897,0.028322177857458226,0.03930385128039837,0.0007279243536145737,0.03875772610354172
40870,1191,H2_30,0,0.0023976487573236227,0.004761520307511091,0.0013744175666943192,0.002769877202808857,0.009586770087480545,0.003773036180064082,0.3532923758029938,0.0033742254599928856,0.0031808206049365666,0.029283286046790712,0.017846439285598526,0.0008227113661333328,0.037294624684371384
40871,1191,H2_30,0,0.014232886023819447,0.08208591490983963,0.024014167487621307,0.024911288172006607,0.4998076558113098,0.030516397207975388,0.14150674641132355,0.0279811080545187,0.4567244085152769,0.11470426143178244,0.1825081689495927,0.00980106368493058,0.059498427262146665
40874,1191,H2_30,0,0.005843707360327244,0.030969075858592987,0.003774376818910241,0.0070040044374763966,0.0043284697458148,0.012268993072211742,0.14150674641132355,0.006401063874363899,0.2078664681784548,0.07640240636763829,0.07304889959462062,0.0007611043116240496,0.0447945132723287
40876,1191,H2_30,0,0.45234063267707825,0.03790871798992157,0.43222975730895996,0.4724583625793457,0.09879925101995468,0.14170782268047333,0.5754861235618591,0.39921852946281433,0.850876192270656,0.362112573413118,0.2777793781318082,0.1922287420905842,0.1464087627301315
40877,1191,H2_30,0,0.02392815612256527,0.05238460749387741,0.012172291055321693,0.022840039804577827,0.02917821891605854,0.0361442044377327,0.14150674641132355,0.02944808453321457,0.06099635841800751,0.04709574299429044,0.11004679165651428,0.013519139777743454,0.04778823405402872
40879,1191,H2_30,0,0.004090106580406427,0.0038260354194790125,0.005279282573610544,0.004034282173961401,0.002101220190525055,0.009864218533039093,0.3532923758029938,0.004025549162179232,0.03075528989106251,0.0455104854950999,0.03698649377426668,0.002447746102638537,0.040195347490266355
40880,1191,H2_30,0,0.00040907523361966014,0.004181140102446079,0.0006518926238641143,0.0006117416196502745,0.0134770218282938,0.00023463078832719475,0.3532923758029938,0.0005349413841031492,0.014219280317782258,0.023135261188529897,0.01156541620914821,7.834334674668877e-05,0.03605991205893043
40882,1191,H2_30,0,0.006035501603037119,0.007993248291313648,0.0031183911487460136,0.004900861997157335,0.002143177902325988,0.0029628288466483355,0.3532923758029938,0.0018643296789377928,0.06867847389515468,0.03368259692635591,0.0308113866563919,0.0007565837552266303,0.03805991736998069
40883,1191,H2_30,0,0.002107070293277502,0.0015338469529524446,0.002318957820534706,0.0031272158958017826,0.010762745514512062,0.003577070077881217,0.3532923758029938,0.0015615886077284813,0.04591925749957655,0.061502672953520424,0.032164133004607215,0.0009858647167901035,0.0411094345255225
41150,1198,H1_15,0,0.0027933602686971426,0.5136305093765259,0.003952693194150925,0.002747445832937956,0.09742196649312973,0.006625236012041569,0.2512148916721344,0.0023722131736576557,0.678459217341521,0.13131369915928595,0.12902979738301387,0.0010947567583956897,0.05292550525068399
41151,1198,H1_15,0,0.0074327862821519375,0.05746407061815262,0.00792533066123724,0.004916532430797815,0.025289157405495644,0.029439762234687805,0.2512148916721344,0.005516060162335634,0.00997406149675609,0.12242082103363444,0.07185954670882844,0.0017806884764579724,0.05418255345686482
41152,1198,H1_15,0,0.006562579423189163,0.06827927380800247,0.007354259956628084,0.003399966051802039,0.09506537765264511,0.006736015435308218,0.2512148916721344,0.005885578226298094,0.07216164170242086,0.07227365457209421,0.08244770761274965,0.0010571608790320933,0.04885531824601968
41153,1198,H1_15,0,0.017130274325609207,0.1836462914943695,0.011646461673080921,0.021299287676811218,0.1139468178153038,0.055231064558029175,0.2512148916721344,0.006221454590559006,0.10583752789170504,0.08294053939559998,0.12650525586699185,0.0011356832610719691,0.055436287853153327
41154,1198,H1_15,0,0.12097348272800446,0.728319525718689,0.09319911897182465,0.11307112872600555,0.4864843487739563,0.545729398727417,0.2512148916721344,0.2683507204055786,0.210731416499385,0.3207250890886863,0.27131460038017063,0.13780255801978314,0.1468387630990303
41156,1198,H1_15,0,0.21894966065883636,0.14242295920848846,0.13455326855182648,0.21794350445270538,0.1805926114320755,0.32599979639053345,0.2512148916721344,0.19422054290771484,0.30804547735556415,0.29880751042923476,0.30066402987960367,0.29918433638718545,0.17911304200711334
41157,1198,H1_15,0,0.012903169728815556,0.1301628053188324,0.02320321463048458,0.025684496387839317,0.07046115398406982,0.01891447976231575,0.2512148916721344,0.030368687584996223,0.027421132879489142,0.26494364653057806,0.2571098750690576,0.03573730478654127,0.12009362018758346
41160,1198,H1_15,0,0.0011242137989029288,0.0023207124322652817,0.0014560248237103224,0.0007328884676098824,0.0018765570130199194,0.000984039856120944,0.2512148916721344,0.00026560251717455685,5.70434196964766e-05,0.00272536189028048,0.0021117974734512924,8.763211391044694e-05,0.03468886302021565
41161,1198,H1_15,0,0.0007857524324208498,0.04576045647263527,0.0008614512626081705,0.000736186106223613,0.13499096035957336,0.005050874315202236,0.2512148916721344,0.0019149555591866374,0.011056777254989485,0.07085983899463286,0.11129301585057028,0.0008568646781597529,0.053382949466321904
41162,1198,H1_15,1,0.045921407639980316,0.04148480296134949,0.04186040908098221,0.026335744187235832,0.03133177384734154,0.03913309425115585,0.2512148916721344,0.031124206259846687,0.018868848936043948,0.10726265163174015,0.1271551102202663,0.0438515676169679,0.06313682534849195
41165,1198,H1_15,0,0.04608343914151192,0.3267623484134674,0.04497450217604637,0.056322772055864334,0.18346856534481049,0.1284973919391632,0.2512148916721344,0.04801732301712036,0.38294964364440287,0.21540285304938733,0.21623033066579905,0.03167334955428206,0.08862218811491447
41166,1198,H1_15,0,0.001980441389605403,0.006068674847483635,0.0019446134101599455,0.0013168926816433668,0.009335759095847607,0.0023385745007544756,0.6143956184387207,0.0017977544339373708,0.06467327149428956,0.03019871380719709,0.019075209525300403,0.00041226299029084373,0.037833007600737135
41167,1198,H1_15,0,0.011422866024076939,0.02901185117661953,0.016079289838671684,0.010555294342339039,0.058184828609228134,0.014825018122792244,0.6143956184387207,0.017394106835126877,0.8252996082170885,0.0757503756488959,0.05652695461222399,0.0071192021083705615,0.03752837816163085
41168,1198,H1_15,0,0.005620697047561407,0.030811376869678497,0.012820321135222912,0.006893283221870661,0.02411080151796341,0.010156476870179176,0.6143956184387207,0.012108540162444115,0.22622391571472872,0.09670166622289056,0.1375216374584447,0.002131649515885369,0.05681122030096306
41169,1198,H1_15,0,0.07059638202190399,0.0066631692461669445,0.05603818595409393,0.04978286474943161,0.17091181874275208,0.05012079328298569,0.6143956184387207,0.06326880306005478,0.913339212513381,0.10192557984316619,0.09521031022958722,0.01527845037057775,0.043255017040010564
41170,1198,H1_15,0,0.02520502731204033,0.07626263052225113,0.0410185381770134,0.03271414339542389,0.023927710950374603,0.010241485200822353,0.6143956184387207,0.026498381048440933,0.7634240247705313,0.08027783632874512,0.08962643032349439,0.021613179904134618,0.04276672956451905
41171,1198,H1_15,1,0.00389576586894691,0.020333416759967804,0.0038110835012048483,0.0033052312210202217,0.00602553179487586,0.0027824011631309986,0.6143956184387207,0.004509619437158108,0.672711509351119,0.13228417625838448,0.07788462531780123,0.0005794988833127274,0.04655747213394626
41173,1198,H1_15,1,0.22933319211006165,0.19485092163085938,0.27981555461883545,0.11434594541788101,0.3126131296157837,0.1005629226565361,0.6143956184387207,0.2569100260734558,0.8248298643688552,0.24537820763305745,0.2663606462123422,0.0914161798909405,0.1008014957823169
41174,1198,H1_15,1,0.03123783878982067,0.13332220911979675,0.025542018935084343,0.014641706831753254,0.15264374017715454,0.01612960919737816,0.6143956184387207,0.020309144631028175,0.9917138269542097,0.2844212256465378,0.20468120519738855,0.0023895138164031675,0.08248484881415587
41178,1198,H1_15,0,0.19350722432136536,0.12098199874162674,0.1350892186164856,0.15244978666305542,0.1323949694633484,0.14138522744178772,0.6143956184387207,0.15568335354328156,0.0012856812116446186,0.23599932679267877,0.19669968803412627,0.02574749262396112,0.09661426015553877
41179,1198,H1_15,0,0.018279891461133957,0.5184325575828552,0.011551901698112488,0.023500001057982445,0.034419164061546326,0.014077842235565186,0.6143956184387207,0.012749424204230309,0.7627345010026247,0.17840982594009364,0.10118265368464836,0.017850182157177052,0.054639414838440044
41181,1198,H1_15,1,0.06771542131900787,0.028779787942767143,0.09189687669277191,0.04317135363817215,0.03041737899184227,0.03532026335597038,0.6143956184387207,0.07916778326034546,0.0035301087883350757,0.23849709229925475,0.15165701995658767,0.045080405103253646,0.08941177516556546
41150,1198,H1_30,0,0.000920742517337203,0.1813184767961502,0.0013352507958188653,0.0006593830185011029,0.10456810146570206,0.0042292713187634945,0.25703105330467224,0.0015816432423889637,0.19077051435190193,0.10085963911815037,0.11785054927515523,0.00024152296978376093,0.05500743554198198
41151,1198,H1_30,0,0.006672141142189503,0.5432324409484863,0.0056905243545770645,0.0043071783147752285,0.09760146588087082,0.02126465179026127,0.25703105330467224,0.0049289073795080185,0.09155201379433742,0.14819312366542195,0.09408128885730933,0.00058820969549323,0.0591672313017173
41152,1198,H1_30,0,0.01565679907798767,0.0460255891084671,0.027329226955771446,0.009172885678708553,0.3280186653137207,0.02609151229262352,0.25703105330467224,0.014066933654248714,0.017422706368169904,0.07820376949233829,0.08669845750281892,0.0013083213425731327,0.05084801242447686
41153,1198,H1_30,0,0.012937718071043491,0.1522570699453354,0.016586363315582275,0.025025028735399246,0.029243502765893936,0.0626802146434784,0.25703105330467224,0.005624851211905479,0.002037781113710074,0.055105866320455534,0.07872820538137011,0.0011763238514967515,0.04756328739283522
41154,1198,H1_30,0,0.022716322913765907,0.6165598034858704,0.01540532335639,0.011715678498148918,0.14849483966827393,0.23809270560741425,0.25703105330467224,0.0155086200684309,0.43777766332289386,0.23683251355197876,0.20455493725838014,0.00856704769828623,0.08660224717603475
41156,1198,H1_30,0,0.031207727268338203,0.1134687215089798,0.02354932576417923,0.03518777713179588,0.1208825632929802,0.09369489550590515,0.25703105330467224,0.05205099657177925,0.0326302446995079,0.2976593124980994,0.2603725627482706,0.013107868190814343,0.1258064927214229
41157,1198,H1_30,0,0.030154887586832047,0.13928630948066711,0.03667297586798668,0.05589429661631584,0.41137662529945374,0.04501594975590706,0.25703105330467224,0.03018571063876152,0.006815498364941185,0.2666189268494607,0.22885745168983374,0.030415563136392418,0.11263090830856366
41160,1198,H1_30,0,0.0010889455443248153,0.0023207124322652817,0.0014900969108566642,0.0011948791798204184,0.002898946637287736,0.0009853753726929426,0.25703105330467224,0.0002724801888689399,1.003428608130604e-05,0.005784313570280937,0.002647209542581456,8.826020469147355e-05,0.03497838438672937
41161,1198,H1_30,0,0.012008730322122574,0.01091066561639309,0.01662803441286087,0.00916230771690607,0.04229750484228134,0.04977406933903694,0.25703105330467224,0.004800727125257254,0.16113580315375722,0.1064020837077573,0.13237578885031592,0.001832651837174609,0.05837146950865622
41162,1198,H1_30,1,0.10031279176473618,0.013340340927243233,0.10276254266500473,0.10292182862758636,0.3583548963069916,0.25479069352149963,0.25703105330467224,0.07970347255468369,0.010910048836185468,0.16388208074925964,0.19119242370234069,0.11405653754296158,0.09103942930619817
41165,1198,H1_30,0,0.028525052592158318,0.09033220261335373,0.03957611694931984,0.04213789477944374,0.15775097906589508,0.08026013523340225,0.25703105330467224,0.04133300110697746,0.16009156902228644,0.1570539762974865,0.16694465369554753,0.005610185404183625,0.07130449616357926
41166,1198,H1_30,0,0.002130145439878106,0.0008491153712384403,0.0025550152640789747,0.0019847475923597813,0.006492448505014181,0.0009572419221512973,0.6368104815483093,0.0017237222054973245,0.08796765082504669,0.019341975484393082,0.006327581436194011,0.00026688744364874973,0.03546416277154717
41167,1198,H1_30,0,0.03415657952427864,0.13564863801002502,0.0808500424027443,0.038531359285116196,0.5709343552589417,0.07471031695604324,0.6368104815483093,0.14072927832603455,0.6168376258742883,0.10501896395328247,0.11354525205271049,0.026905913969758208,0.04982161945151899
41168,1198,H1_30,0,0.007360510528087616,0.062094733119010925,0.008007491938769817,0.005873546004295349,0.08521267771720886,0.0038010980933904648,0.6368104815483093,0.015530497767031193,0.03492037612356747,0.11774250986346191,0.13391856547765604,0.009285961984749442,0.06281878906578593
41169,1198,H1_30,0,0.0029808529652655125,0.016849834471940994,0.002497186418622732,0.0020007560960948467,0.005723019130527973,0.0013365893391892314,0.6368104815483093,0.002739611314609647,0.3639212154770394,0.041739049538740955,0.0197880115917442,0.0004692580568207216,0.035634233194874736
41170,1198,H1_30,0,0.004142130259424448,0.112701416015625,0.004816586151719093,0.00247461860999465,0.02478124387562275,0.004811736289411783,0.6368104815483093,0.01868177205324173,0.5410901699425932,0.04371570587789588,0.03827058208849783,0.012164708082474706,0.03621044185912792
41171,1198,H1_30,1,0.017408905550837517,0.11851575970649719,0.015851853415369987,0.012547260150313377,0.002587366383522749,0.008304092101752758,0.6368104815483093,0.008813216350972652,0.5765596434277211,0.1328451754103976,0.07918621720022821,0.001689102410229148,0.04806317914448164
41173,1198,H1_30,1,0.1639493852853775,0.025571761652827263,0.19975660741329193,0.11471246927976608,0.09439687430858612,0.08719386160373688,0.6368104815483093,0.19897772371768951,0.9588037505523257,0.21639012810113387,0.18656083379713842,0.1620674361764458,0.08352685302215927
41174,1198,H1_30,1,0.30848875641822815,0.015860581770539284,0.22024409472942352,0.3374297320842743,0.4295860826969147,0.06909321993589401,0.6368104815483093,0.2118239551782608,0.9774223893513896,0.32942189396572424,0.27706503956974415,0.1986616238336574,0.1370181589829388
41178,1198,H1_30,0,0.712318480014801,0.06674528121948242,0.5043680667877197,0.5714782476425171,0.18128590285778046,0.5343664884567261,0.6368104815483093,0.508821427822113,0.14192014739925002,0.29804709160377174,0.2835673612314844,0.4298769349343264,0.2040567692257227
41179,1198,H1_30,0,0.052152615040540695,0.13154630362987518,0.035149719566106796,0.03301181271672249,0.005143154878169298,0.024425243958830833,0.6368104815483093,0.009981322102248669,0.2538662261682795,0.12367171956328375,0.08019430311222919,0.0056914936940242015,0.05193362838241464
41181,1198,H1_30,1,0.1291906088590622,0.32180875539779663,0.1214979887008667,0.14903567731380463,0.26644039154052734,0.0810684785246849,0.6368104815483093,0.21222224831581116,0.9261930704656418,0.34322923135774436,0.24671808994224506,0.052797217237156,0.11014016700361835
41150,1198,H1_45,0,0.0046147629618644714,0.011739294044673443,0.002235849155113101,0.0025118181947618723,0.0008082260610535741,0.01832820102572441,0.2542010545730591,0.0013282045256346464,0.3879967179255358,0.10577497332435472,0.05822958016899488,0.0018222342258689616,0.04521998142021042
41151,1198,H1_45,0,0.003983700182288885,0.04838160052895546,0.003495777491480112,0.005687473341822624,0.05261852592229843,0.01111417543143034,0.2542010545730591,0.005404766649007797,0.20224657243187105,0.11005124538878659,0.08661168508608459,0.0006907478744250444,0.051682302955113335
41152,1198,H1_45,0,0.000981335062533617,0.007433947175741196,0.0018625763477757573,0.0011275213910266757,0.015123681165277958,0.009532506577670574,0.2542010545730591,0.0008005929994396865,0.04155304776565094,0.04171710995695401,0.056145546079495706,0.00034316547084934295,0.04302024296045063
41153,1198,H1_45,0,0.00838376209139824,0.06556310504674911,0.009906993247568607,0.01662730798125267,0.019234713166952133,0.08575805276632309,0.2542010545730591,0.008457139134407043,0.030647341938345334,0.0947221345285304,0.07513317860752707,0.0032133301092622346,0.051147395178021644
41154,1198,H1_45,0,0.02257511392235756,0.35673385858535767,0.015041478909552097,0.014560551382601261,0.010552002117037773,0.267466276884079,0.2542010545730591,0.018710076808929443,0.04260448416048677,0.20007735346037347,0.1909559710301857,0.0070364020772693565,0.08611625020493918
41156,1198,H1_45,0,0.016537707298994064,0.2914767861366272,0.022610193118453026,0.03153001517057419,0.045996371656656265,0.006324107758700848,0.2542010545730591,0.0187978595495224,0.03695260287229537,0.20396086377109723,0.14055931143642694,0.008690600844064228,0.0769436252378367
41157,1198,H1_45,0,0.017226003110408783,0.021825160831212997,0.017331121489405632,0.03372520953416824,0.055142227560281754,0.059792086482048035,0.2542010545730591,0.01690620929002762,0.006153754971818457,0.17771641379675768,0.154878903481036,0.019097210838993614,0.07694485308728727
41160,1198,H1_45,0,0.0008531266357749701,0.0023207124322652817,0.0011085596634075046,0.0006691629532724619,0.002019962528720498,0.0006270802114158869,0.2542010545730591,0.0003052304673474282,5.670745159041596e-05,0.0,0.0,0.00012897898998474237,0.03428903437920294
41161,1198,H1_45,0,0.012642157264053822,0.0034578454215079546,0.0047967396676540375,0.008047141134738922,0.019496379420161247,0.0612449124455452,0.2542010545730591,0.0022055641748011112,0.08707734600046149,0.07375130736443818,0.11063108502785221,0.0009133293215439819,0.05245321859510917
41162,1198,H1_45,1,0.006347724702209234,0.007078325375914574,0.004608336370438337,0.003992260899394751,0.001245455234311521,0.12171319872140884,0.2542010545730591,0.002234472893178463,0.003142823064808813,0.06319113258146579,0.06422939032751585,0.0005964975113710563,0.04662240791558214
41165,1198,H1_45,0,0.03883763402700424,0.02240118570625782,0.021725647151470184,0.026561953127384186,0.0804486945271492,0.1311892569065094,0.2542010545730591,0.024791782721877098,0.12628288173683067,0.10021048858044102,0.13097979605367485,0.006564022978525869,0.05820505541972831
41166,1198,H1_45,0,0.002349255373701453,0.0012872859369963408,0.002960868878290057,0.0021193891298025846,0.005921759642660618,0.00113286089617759,0.6195884943008423,0.0014487497974187136,0.010750195435082486,0.017733659056675427,0.005852808782901316,0.0002530573332792169,0.03612131647004562
41167,1198,H1_45,0,0.00798362772911787,0.0200949776917696,0.019252292811870575,0.005481376778334379,0.1111617460846901,0.014517605304718018,0.6195884943008423,0.011132790707051754,0.8048492474221804,0.06534318553513437,0.042458858827080406,0.0039402697179110515,0.03540687504813398
41168,1198,H1_45,0,0.0025075150188058615,0.013389221392571926,0.001979102613404393,0.0017235169652849436,0.006417191121727228,0.002732001943513751,0.6195884943008423,0.002381960628554225,0.00597138002647722,0.07678747561492826,0.05093319599329292,0.0007777933862459583,0.04641694650029576
41169,1198,H1_45,0,0.002813821891322732,0.007508235517889261,0.004264235962182283,0.001954632345587015,0.03229232504963875,0.0013970826985314488,0.6195884943008423,0.0033493603114038706,0.5929649566681987,0.07602057447813436,0.03187549260083427,0.0005073999935418142,0.037242377259707
41170,1198,H1_45,0,0.006234575994312763,0.005169886630028486,0.014243078418076038,0.004121769685298204,0.01661798730492592,0.0057518985122442245,0.6195884943008423,0.006240969989448786,0.3802656775387109,0.0558557077468528,0.028416658353523614,0.005268051247926913,0.03766257679732941
41171,1198,H1_45,1,0.026420410722494125,0.36247968673706055,0.03842684626579285,0.02084309235215187,0.11818376183509827,0.023457780480384827,0.6195884943008423,0.03357330337166786,0.2613493542768706,0.1746456164172487,0.07934330766400102,0.013817314074213365,0.05837370064706571
41173,1198,H1_45,0,0.3414572477340698,0.5270204544067383,0.4883231818675995,0.26331016421318054,0.32329437136650085,0.32513463497161865,0.6195884943008423,0.4827328622341156,0.929165644503611,0.4395031216563995,0.2970574587476675,0.29261876888942084,0.19681092668312897
41174,1198,H1_45,1,0.21923990547657013,0.0609288215637207,0.16877272725105286,0.11437366902828217,0.05237604305148125,0.19048599898815155,0.6195884943008423,0.06905782222747803,0.7241805884256269,0.33293739428637864,0.23234527001046656,0.06295268132923545,0.11229600024892426
41178,1198,H1_45,0,0.4992978870868683,0.1637401282787323,0.49251407384872437,0.6274526119232178,0.15862345695495605,0.33694925904273987,0.6195884943008423,0.49874502420425415,0.41904318925948714,0.40776538626940756,0.3396526311528392,0.47274562092729056,0.27475323040927063
41179,1198,H1_45,0,0.010503606870770454,0.11062488704919815,0.009457073174417019,0.007542485371232033,0.010834507644176483,0.009436601772904396,0.6195884943008423,0.004983978811651468,0.3014241177600672,0.13706381665723766,0.08632170666419758,0.0018928900941337459,0.05338012641234021
41181,1198,H1_45,0,0.24011200666427612,0.0688372552394867,0.12430905550718307,0.26513752341270447,0.130227729678154,0.0681055337190628,0.6195884943008423,0.21330924332141876,0.993745521212409,0.25849327842896747,0.2308445631628641,0.09829352825465973,0.09247955950281195
41151,1198,H2_15,0,0.0030060987919569016,0.023640254512429237,0.0033490480855107307,0.0024183562491089106,0.04268001392483711,0.005789496935904026,0.01972741074860096,0.0024654262233525515,0.08854856276332844,0.09260925102431616,0.09429642988735842,0.00035000643668089667,0.05239809863017125
41153,1198,H2_15,0,0.0035917265340685844,0.17094455659389496,0.0034770292695611715,0.004008052404969931,0.016016140580177307,0.026899490505456924,0.01972741074860096,0.0024182044435292482,0.002008290470107542,0.04743370629952587,0.041902879919881904,0.0011460131445395886,0.042540582609827925
41154,1198,H2_15,0,0.00849419366568327,0.012438133358955383,0.008187715895473957,0.007126170676201582,0.016494648531079292,0.018101971596479416,0.01972741074860096,0.006760756950825453,0.03630553800058457,0.12113860386706858,0.15806830987440007,0.0014318535874326226,0.06664653335186961
41155,1198,H2_15,0,0.08019920438528061,0.08130095154047012,0.09542997181415558,0.058509062975645065,0.6089540719985962,0.3689066767692566,0.04413323849439621,0.020253270864486694,0.11375008263196713,0.08654998658260106,0.16950868806436817,0.005454108457432363,0.062438902300587705
41156,1198,H2_15,0,0.010082806460559368,0.021923312917351723,0.007264727260917425,0.009279018267989159,0.19111531972885132,0.0024183355271816254,0.01972741074860096,0.00516520207747817,0.008495124825208852,0.09212055022498825,0.11637627548481393,0.005288351411746691,0.05700721130652534
41158,1198,H2_15,0,0.02578227035701275,0.1408901810646057,0.0157335065305233,0.01740110106766224,0.09908507019281387,0.1694270372390747,0.016030222177505493,0.009156747721135616,0.1116747888125566,0.09354262642377091,0.13505545178122363,0.015398965928522046,0.05888425420799654
41159,1198,H2_15,0,0.022307496517896652,0.020571013912558556,0.015996810048818588,0.014471580274403095,0.01657956652343273,0.17300616204738617,0.016030222177505493,0.008253018371760845,0.026962069034204915,0.024953232142367787,0.06996764982282325,0.004433073791968261,0.04331809482294766
41160,1198,H2_15,0,0.0008999286219477654,0.0022864127531647682,0.00175171357113868,0.001386077725328505,0.005842273123562336,0.0005915414076298475,0.01972741074860096,0.0003839510027319193,1.9781698691277238e-05,0.004028190642541643,0.02004607336258071,0.0002816316484349926,0.03645708491016783
41161,1198,H2_15,0,0.003636121517047286,0.01024819165468216,0.003928824327886105,0.005612622015178204,0.04254874959588051,0.016536030918359756,0.01972741074860096,0.0018261082004755735,0.0759175924293528,0.041117704340771666,0.11555622180822527,0.00044615967191892405,0.04954691897923325
41162,1198,H2_15,1,0.0022620975505560637,0.024132994934916496,0.0026786993257701397,0.001295057823881507,0.007180113811045885,0.019150754436850548,0.01972741074860096,0.0011793974554166198,0.0014843942131813716,0.0469412551627576,0.031842149390524675,0.00012011302974372753,0.041364619734413584
41163,1198,H2_15,0,0.04410351440310478,0.061253249645233154,0.05095462501049042,0.06534969061613083,0.11836693435907364,0.117510125041008,0.04413323849439621,0.029670173302292824,0.20171732358561092,0.08708891893368478,0.15941287478628782,0.009160473405090712,0.059643221240108575
41166,1198,H2_15,0,0.0024143033660948277,0.0009322490659542382,0.002007033908739686,0.0017463471740484238,0.005448285024613142,0.001440016319975257,0.5771340131759644,0.0014788820408284664,0.019475676671718914,0.0,0.00206944592241916,0.0005300251245864259,0.03428576976493197
41167,1198,H2_15,0,0.017943929880857468,0.02356259524822235,0.02536110207438469,0.02038712613284588,0.05218488350510597,0.05720760300755501,0.5771340131759644,0.017748940736055374,0.2991116935914427,0.06397461871792344,0.04132789588520819,0.012007560567585332,0.04090165645425029
41168,1198,H2_15,0,0.00295790983363986,0.03587626665830612,0.0010354368714615703,0.0012043609749525785,0.00969002302736044,0.0009652752196416259,0.5771340131759644,0.0010056893806904554,0.007172710045769703,0.06797015332640431,0.046434231658128024,0.0003470188439590689,0.04495402546286124
41169,1198,H2_15,0,0.004587353207170963,0.007292159367352724,0.007306397892534733,0.004985347855836153,0.02037249132990837,0.0004412043490447104,0.5771340131759644,0.005554345436394215,0.7167349783577307,0.06538986836475819,0.03556618079433003,0.0015490896899150266,0.03552519868245832
41170,1198,H2_15,0,0.0004842897178605199,0.002125108614563942,0.0005951681523583829,0.000445788522483781,0.00105227530002594,0.0021892208606004715,0.5771340131759644,0.0004518288769759238,0.05111743159808044,0.014348690614865147,0.01097218621080388,0.0001770059453119028,0.03588547744099902
41171,1198,H2_15,0,0.009979423135519028,0.038196172565221786,0.006497836206108332,0.006534954532980919,0.003311825916171074,0.002273028949275613,0.5771340131759644,0.004436942283064127,4.9427162687948385e-05,0.09900453971252025,0.014901185080273816,0.001011555265824947,0.04455873504709538
41173,1198,H2_15,0,0.1124408021569252,0.09007655829191208,0.11987455189228058,0.10626109689474106,0.04435475543141365,0.1531112641096115,0.5771340131759644,0.24635009467601776,0.6430344336313807,0.2692017076658116,0.25686883709120645,0.2534321422726597,0.1335206685007274
41174,1198,H2_15,0,0.5267624258995056,0.25795778632164,0.4981505274772644,0.4969295561313629,0.07838147133588791,0.5397942066192627,0.5771340131759644,0.48239657282829285,0.5782488771977096,0.3485362820803219,0.34972157279236726,0.5846406099289074,0.2779255390803001
41178,1198,H2_15,0,0.6376903057098389,0.13842791318893433,0.5014286041259766,0.6140078902244568,0.451715886592865,0.43318188190460205,0.5771340131759644,0.5473695397377014,0.7043737326108046,0.37595634873229644,0.28269415308324525,0.5870410392781487,0.25095664136143364
41179,1198,H2_15,0,0.0020804894156754017,0.06794233620166779,0.002443803008645773,0.0018380412366241217,0.010201049968600273,0.0036320763174444437,0.5771340131759644,0.0025430370587855577,0.00259529146074555,0.117856441078856,0.07435990388206747,0.000853413213354966,0.05404803697704391
41181,1198,H2_15,0,0.06275628507137299,0.044000543653964996,0.03531092777848244,0.037986870855093,0.1368127018213272,0.017049336805939674,0.5771340131759644,0.03212779387831688,0.13613050104050511,0.24184408991135206,0.13578648114256653,0.01806872206631825,0.0810672039060401
41151,1198,H2_30,0,0.0008275033324025571,0.03901447728276253,0.0009254152537323534,0.001858146395534277,0.009263889864087105,0.010774997062981129,0.004048869479447603,0.0009994192514568567,0.05447162944336227,0.09318187231135733,0.06604902586641337,0.0005168530936703276,0.04931800178683066
41153,1198,H2_30,0,0.005375710316002369,0.025278957560658455,0.008094732649624348,0.004638956394046545,0.07380883395671844,0.020196078345179558,0.004048869479447603,0.004590463358908892,0.00987261924964196,0.07078650728890151,0.05389136825671731,0.0015094923106294157,0.046128724211173124
41154,1198,H2_30,0,0.01416807621717453,0.014399915002286434,0.01329897902905941,0.009288438595831394,0.033712685108184814,0.012202257290482521,0.004048869479447603,0.006582911126315594,0.002703899816414892,0.10742713354150152,0.13631872920638263,0.003341083165200975,0.061968743181723296
41155,1198,H2_30,0,0.0022742527071386576,0.02384706400334835,0.0036754515022039413,0.0018250801367685199,0.11013714224100113,0.018958084285259247,0.04680909588932991,0.003198195481672883,0.04185513333765361,0.04421688511622086,0.08978558932444093,0.0003283914929770631,0.0471582725906787
41156,1198,H2_30,0,0.0026818476617336273,0.002712222747504711,0.0016278056427836418,0.002112273359671235,0.013602416031062603,0.009639186784625053,0.004048869479447603,0.0022142701782286167,0.0029647539325824215,0.07500089509825214,0.11715148396317572,0.005320400509230656,0.0551047584423642
41158,1198,H2_30,0,0.01310341339558363,0.09952062368392944,0.007398201618343592,0.014457069337368011,0.13549689948558807,0.026022840291261673,0.009909037500619888,0.01598571240901947,0.007237021035786378,0.07784536059447987,0.11334842568585127,0.005029153684216692,0.054780238557782544
41159,1198,H2_30,0,0.006219182163476944,0.05074867233633995,0.009913360700011253,0.004574697930365801,0.039805229753255844,0.12675568461418152,0.009909037500619888,0.0054085999727249146,0.03711318988311319,0.16963269580399826,0.13801101873129476,0.001707819362311455,0.07044830523284078
41160,1198,H2_30,0,0.000758800539188087,0.0022864127531647682,0.0011441376991569996,0.0010396814905107021,0.0012086400529369712,0.0005905204452574253,0.004048869479447603,0.0003818614059127867,8.683588065597245e-06,0.001318513290990355,0.007758013022768897,0.00027678850394078616,0.03509782882820639
41161,1198,H2_30,0,0.001759837963618338,0.023609047755599022,0.001331796869635582,0.003759231651201844,0.05333111807703972,0.00745817506685853,0.004048869479447603,0.0020658259745687246,0.03018422050240166,0.041073167581107,0.09200708954087752,0.0007739350579193346,0.04728928574287814
41162,1198,H2_30,0,0.004967672750353813,0.09939386695623398,0.0037103977520018816,0.0029519826639443636,0.006377164740115404,0.009207503870129585,0.004048869479447603,0.0017463653348386288,0.007070348599265728,0.02899543588246723,0.021985900867892077,0.00015083811456997924,0.03866706352554971
41163,1198,H2_30,0,0.01680043339729309,0.017930490896105766,0.010564501397311687,0.01804184727370739,0.11465686559677124,0.10474893450737,0.04680909588932991,0.01877327263355255,0.16715553032083488,0.08448406946209323,0.12101941702427103,0.003855231791236163,0.054016676420377
41166,1198,H2_30,0,0.0043070148676633835,0.0009322490659542382,0.002350814873352647,0.004195911344140768,0.0012472751550376415,0.003491473151370883,0.25091931223869324,0.002670156303793192,0.021993247664704268,0.005581602363435924,0.0013100081366965012,0.0010351108892605505,0.034644588700458535
41167,1198,H2_30,0,0.019527874886989594,0.06703832745552063,0.02645091898739338,0.021579395979642868,0.06296315044164658,0.020941415801644325,0.25091931223869324,0.021136946976184845,0.26164130164365806,0.053513702525565573,0.04715836801151721,0.007801429675523227,0.04077212511570132
41169,1198,H2_30,0,0.0008857293287292123,0.005128242541104555,0.0009001083089970052,0.0006996261072345078,0.0028861237224191427,0.0006465534679591656,0.25091931223869324,0.002945287385955453,0.13941669481559021,0.04494912890542781,0.018810113235942377,0.0005288998029502245,0.03822640338442398
41170,1198,H2_30,0,0.008688622154295444,0.01738118566572666,0.009769707918167114,0.010052036494016647,0.03638685122132301,0.006707337684929371,0.25091931223869324,0.012380326166749,0.14547812022763684,0.03798839779339613,0.010877707099996423,0.009289344326908273,0.03717671694553775
41171,1198,H2_30,0,0.005691881291568279,0.036478184163570404,0.004205695353448391,0.003292143577709794,0.006715118885040283,0.005525102838873863,0.25091931223869324,0.0037638077046722174,0.03302643700865356,0.07680085175105114,0.025323705152213757,0.002204783748963029,0.04318473023214253
41172,1198,H2_30,0,0.3700172007083893,0.2956216335296631,0.27854034304618835,0.3680509924888611,0.0997684895992279,0.5423263907432556,0.32050442695617676,0.18377329409122467,0.8291657828539735,0.1157419111116955,0.15395774492611258,0.29750886902153195,0.07775685385106022
41174,1198,H2_30,0,0.49010351300239563,0.19336719810962677,0.30689898133277893,0.44409310817718506,0.028707880526781082,0.3589227795600891,0.25091931223869324,0.25924205780029297,0.7664417423184715,0.24028317331281793,0.21662405579008834,0.20720193576884482,0.10449709892005014
41175,1198,H2_30,0,0.08413132280111313,0.06212741136550903,0.05589329078793526,0.07839113473892212,0.48827245831489563,0.21048998832702637,0.32050442695617676,0.2945629954338074,0.5387710619883219,0.11470157098291847,0.18592950477727088,0.2377700388313453,0.08136229773645791
41179,1198,H2_30,0,0.022429125383496284,0.18550777435302734,0.02664448507130146,0.025633638724684715,0.020399857312440872,0.017835251986980438,0.25091931223869324,0.05820611119270325,0.036778640887441094,0.11736239008926674,0.1080464795952466,0.023297840940124794,0.0595884301933782
41180,1198,H2_30,0,0.014606312848627567,0.07586528360843658,0.023126274347305298,0.015502920374274254,0.04012142866849899,0.047781042754650116,0.32050442695617676,0.011287957429885864,0.6122236465024989,0.08882503569473078,0.1443634817999608,0.0034355466580007895,0.05111116588956036
41181,1198,H2_30,0,0.015653720125555992,0.0028155911713838577,0.01353506464511156,0.010311896912753582,0.0689389556646347,0.005529744550585747,0.25091931223869324,0.009889977984130383,0.008275928939108479,0.2115971386153905,0.12671553858017928,0.0020608738691269483,0.07565581554967339
41234,1200,H1_15,0,0.018570922315120697,0.01308443397283554,0.020144328474998474,0.011932757683098316,0.018038148060441017,0.012008730322122574,0.46332746744155884,0.021514123305678368,0.19730280117742416,0.06386163741574173,0.07360967377037014,0.006681632494796391,0.045448309340756055
41235,1200,H1_15,0,0.1419306993484497,0.06319215148687363,0.16113771498203278,0.11269162595272064,0.039381854236125946,0.291959673166275,0.46332746744155884,0.09710416942834854,0.5968604980530561,0.21721277794336907,0.1309891495695862,0.07480924105706108,0.07163458116676685
41240,1200,H1_15,0,0.08909474313259125,0.038193877786397934,0.11363489925861359,0.08381862193346024,0.3356724977493286,0.04402713105082512,0.46332746744155884,0.2319507896900177,0.12671212969200124,0.20510932038598922,0.2488625859019086,0.10952556013400347,0.10886423662796989
41241,1200,H1_15,0,0.0257905051112175,0.021974798291921616,0.04401617497205734,0.009814634919166565,0.015920065343379974,0.02365369349718094,0.46332746744155884,0.021770957857370377,0.27284612550436393,0.10088817766431281,0.11692988876153235,0.003034979667583209,0.05371092546896523
41242,1200,H1_15,0,0.02090005949139595,0.1538987010717392,0.022596187889575958,0.022772718220949173,0.008009383454918861,0.050570257008075714,0.46332746744155884,0.01298985630273819,0.08059340603096858,0.12181571489886087,0.10422614784644324,0.004990994932947468,0.05773565061152373
41243,1200,H1_15,0,0.2766725420951843,0.28595173358917236,0.3248520493507385,0.21029730141162872,0.2750716805458069,0.4756019413471222,0.46332746744155884,0.3662301301956177,0.34665774132657107,0.3060627754963499,0.2193256469065091,0.2932163983005304,0.14723502225871934
41245,1200,H1_15,1,0.35623061656951904,0.029874004423618317,0.38429662585258484,0.406434565782547,0.5015462040901184,0.3562442362308502,0.46332746744155884,0.1907346546649933,0.41578674654889497,0.28739790422884914,0.3066580555681673,0.1890241352572623,0.15147431509812104
41246,1200,H1_15,0,0.1477605402469635,0.5142077803611755,0.1398068070411682,0.12070237100124359,0.06133725121617317,0.09928412735462189,0.46332746744155884,0.2640354037284851,0.8981213039172726,0.2970072086352915,0.27939112032580976,0.05891771938158704,0.10919716263126945
41247,1200,H1_15,0,0.03525196388363838,0.04963995888829231,0.03113102912902832,0.039898354560136795,0.046657029539346695,0.017056353390216827,0.46332746744155884,0.03291900455951691,0.3964269409492828,0.19413422019253065,0.16169755684963016,0.02005466774227083,0.07273924704955943
41248,1200,H1_15,0,0.014782455749809742,0.5195779800415039,0.012631102465093136,0.011953701265156269,0.05358615890145302,0.009413478896021843,0.46332746744155884,0.01570085808634758,0.37456650647664175,0.14557611091375172,0.12309468824274644,0.004910634695261335,0.05867949745843539
41249,1200,H1_15,0,0.0032717131543904543,0.0061920275911688805,0.004735463298857212,0.002071865601465106,0.04273693263530731,0.0016072515863925219,0.46332746744155884,0.004191233776509762,0.01637764911400495,0.02963950073834841,0.04031838408814989,0.0007173958492524516,0.04050956126401875
41253,1200,H1_15,0,0.005068642552942038,0.22202299535274506,0.006526133976876736,0.0037402519956231117,0.05519549548625946,0.013905183412134647,0.023622503504157066,0.007194172590970993,0.10080032244250539,0.07274229815936062,0.06491532307284353,0.0009076153556823529,0.04635111250780211
41255,1200,H1_15,0,0.03039085678756237,0.23665575683116913,0.041260913014411926,0.03169144690036774,0.13186267018318176,0.037654951214790344,0.023622503504157066,0.045169807970523834,0.1400462967425738,0.30159263713640905,0.27296143589617755,0.04369773219821363,0.13149498348997682
41257,1200,H1_15,0,0.003102475544437766,0.0023207124322652817,0.002631749026477337,0.0022594945039600134,0.0010046637617051601,0.006409719120711088,0.023622503504157066,0.0005328371189534664,0.00038419615606150384,0.0,0.0,0.00022029110459898782,0.03428892346463797
41258,1200,H1_15,0,0.004668520297855139,0.1462213397026062,0.0072850859723985195,0.006934860721230507,0.027264783158898354,0.02158237434923649,0.023622503504157066,0.00833813939243555,0.23768742945247257,0.07518530119989188,0.07754927446015734,0.0013019081693724176,0.046276245819322714
41259,1200,H1_15,0,0.008710313588380814,0.2135927826166153,0.0073860324919223785,0.019996456801891327,0.04807448759675026,0.013143821619451046,0.023622503504157066,0.028997372835874557,0.041360568970824775,0.07915588520389874,0.10831485367856883,0.022277047616134263,0.05477346575311275
41260,1200,H1_15,0,0.003584557678550482,0.1982329785823822,0.0030340971425175667,0.006254457402974367,0.1682668924331665,0.008334998041391373,0.023622503504157066,0.013846618123352528,0.13879871779377767,0.14557845534112926,0.1192446371100361,0.0015092135112212308,0.06187297008510093
41261,1200,H1_15,0,0.001995446626096964,0.10029243677854538,0.0015557617880403996,0.0014289389364421368,0.013622513972222805,0.00796497892588377,0.023622503504157066,0.0021423508878797293,0.14784788536710186,0.10576568218006148,0.10305664794569958,0.0007277003939435065,0.054247467843060365
41262,1200,H1_15,0,0.0057742176577448845,0.013976926915347576,0.007043542340397835,0.011276233941316605,0.04635150730609894,0.03222668915987015,0.023622503504157066,0.012900165282189846,0.1501683279064433,0.130466386102621,0.10297680518129969,0.005888461245789238,0.05755504879899345
41263,1200,H1_15,1,0.008907787501811981,0.05389918014407158,0.008487827144563198,0.013277515769004822,0.042918793857097626,0.007161734160035849,0.023622503504157066,0.02317059598863125,0.43900072123184164,0.1999585292676977,0.1315245948285597,0.016445388771394284,0.06727322178919902
41264,1200,H1_15,0,0.008278128691017628,0.08030520379543304,0.007404114119708538,0.005465677939355373,0.012081009335815907,0.01690959371626377,0.023622503504157066,0.01268685795366764,0.0594788322970436,0.11841656980966761,0.14593651807085462,0.004082594875295916,0.06400368553509296
41265,1200,H1_15,0,0.008331380784511566,0.057441167533397675,0.007768677081912756,0.006013277918100357,0.015173166058957577,0.03023717552423477,0.023622503504157066,0.006554855033755302,0.631726598856154,0.12245132855394346,0.11085550063934993,0.001710204970688072,0.05018598982182213
41234,1200,H1_30,0,0.0011982853757217526,0.015049510635435581,0.0017127025639638305,0.0030513769015669823,0.0031345884781330824,0.010664291679859161,0.3586675226688385,0.002707986393943429,0.02239274646249537,0.07655086508472231,0.045054544490225445,0.0019379853391869642,0.04553754382501273
41235,1200,H1_30,0,0.12868766486644745,0.03646168112754822,0.11200360953807831,0.1421472281217575,0.02815236710011959,0.15800219774246216,0.3586675226688385,0.0559946708381176,0.442211393781824,0.1915072837538955,0.12669413457854095,0.08551548505985969,0.0710071360413695
41240,1200,H1_30,0,0.027841918170452118,0.09053383767604828,0.031830817461013794,0.01698308065533638,0.05285010114312172,0.020379135385155678,0.3586675226688385,0.023939240723848343,0.006515307129997301,0.15261657065994516,0.09811307402581824,0.01563866367854342,0.06291582731232931
41241,1200,H1_30,0,0.0019434525165706873,0.009465854614973068,0.0036293852608650923,0.0031784381717443466,0.00390704395249486,0.0021215726155787706,0.3586675226688385,0.00468886224552989,0.1928125865309577,0.06901194033562445,0.059483023068369015,0.0007604641466970549,0.044123443248521715
41242,1200,H1_30,0,0.002863743109628558,0.037828072905540466,0.0016999946674332023,0.0026010640431195498,0.0007699999259784818,0.00368315726518631,0.3586675226688385,0.002255021594464779,0.44801780017946674,0.06486555361658387,0.027853387483170292,0.0007315790205829023,0.037442693557320904
41243,1200,H1_30,0,0.009196639060974121,0.0598481111228466,0.010711170732975006,0.010834891349077225,0.005562880542129278,0.14407595992088318,0.3586675226688385,0.010152076371014118,0.1413526058442755,0.128950044932795,0.0752733298921575,0.0038997549261902357,0.05348016399971236
41245,1200,H1_30,1,0.03261623531579971,0.008604802191257477,0.028527026996016502,0.044649261981248856,0.1260417401790619,0.053464312106370926,0.3586675226688385,0.03091355785727501,0.38219127906326583,0.28121425896776187,0.23425620274607256,0.01982445756395104,0.1050824203634041
41246,1200,H1_30,0,0.08078053593635559,0.4604542851448059,0.12054496258497238,0.06644165515899658,0.024729501456022263,0.04106568172574043,0.3586675226688385,0.052491381764411926,0.7580304683670331,0.2199887773039515,0.1875019223685429,0.019025319195061754,0.07432734249169363
41247,1200,H1_30,0,0.07651358097791672,0.011493940837681293,0.08739036321640015,0.044197358191013336,0.018781881779432297,0.0797264501452446,0.3586675226688385,0.022678382694721222,0.06572479397097558,0.11470808243812179,0.13959712880761918,0.005284746391079376,0.06241276817615884
41248,1200,H1_30,0,0.0034643635153770447,0.023044122382998466,0.002646483713760972,0.0021882369183003902,0.005300660151988268,0.0035430823918431997,0.3586675226688385,0.0049289800226688385,0.0010085405454486746,0.10132239225767191,0.08306766112463697,0.000670371694089289,0.05327797100226823
41249,1200,H1_30,0,0.0034371758811175823,0.05147073045372963,0.0052356417290866375,0.002372400602325797,0.017193250358104706,0.003464628243818879,0.3586675226688385,0.0026701893657445908,0.00775563248442166,0.03637225371903214,0.03957778325952216,0.0017838951525967826,0.041210926514275124
41253,1200,H1_30,0,0.004183384124189615,0.06318670511245728,0.003373941872268915,0.0035483187530189753,0.0758519321680069,0.011566045694053173,0.021663855761289597,0.0036526373587548733,0.02384715573068923,0.0501175169289292,0.06183712845475726,0.0010552843564302823,0.04474801554464879
41255,1200,H1_30,0,0.006194354500621557,0.027371853590011597,0.008268829435110092,0.008131840266287327,0.3485220670700073,0.008981654420495033,0.021663855761289597,0.005337240174412727,0.4642527700673272,0.2500211748585853,0.19021784360136484,0.001265760979674183,0.08469763057101304
41257,1200,H1_30,0,0.0006140656769275665,0.004162983037531376,0.0009412994259037077,0.0004954200121574104,0.006262933369725943,0.0012414680095389485,0.021663855761289597,0.0009963229531422257,0.002078468910159257,0.0030357467470734927,0.009691011252027978,0.00017722919885114147,0.03538346777919552
41258,1200,H1_30,0,0.005071351304650307,0.040977753698825836,0.00569339282810688,0.00452899094671011,0.17686930298805237,0.009522165171802044,0.021663855761289597,0.004053948912769556,0.06854365900619341,0.07244419256635545,0.09404912470219134,0.0009668752420996984,0.05040128387253673
41259,1200,H1_30,0,0.001842345460318029,0.006286547053605318,0.0013901269994676113,0.0018380465917289257,0.005229818634688854,0.002059581456705928,0.021663855761289597,0.002029859460890293,0.016101831493940007,0.0820713391413726,0.12751353105993324,0.0008232907438472035,0.056940066564580664
41260,1200,H1_30,0,0.003695892868563533,0.24646946787834167,0.004619463346898556,0.003820000682026148,0.3309416174888611,0.021250173449516296,0.021663855761289597,0.011918289586901665,0.15131885641390494,0.18015142969712486,0.12171124496142834,0.002347958729954517,0.06699112061176808
41261,1200,H1_30,0,0.0005815130425617099,0.01848544180393219,0.0006473865360021591,0.0008535949164070189,0.08163406699895859,0.0016091694124042988,0.021663855761289597,0.0010417059529572725,0.19297792661316834,0.03998561102828975,0.04267336226150542,0.00020088354300927674,0.039569968420179895
41262,1200,H1_30,0,0.020976752042770386,0.06854482740163803,0.023592907935380936,0.02622419409453869,0.08791979402303696,0.09686383605003357,0.021663855761289597,0.052470020949840546,0.12258101925219697,0.08791921757240365,0.13435587324161788,0.014493402681786678,0.05763541356841159
41263,1200,H1_30,1,0.022593257948756218,0.14959293603897095,0.022765468806028366,0.022718211635947227,0.07608481496572495,0.026491396129131317,0.021663855761289597,0.03651512414216995,0.23118148474555208,0.23689735301737405,0.1958435526748718,0.017860111886563803,0.09050995529338852
41264,1200,H1_30,0,0.005668093916028738,0.126078799366951,0.006697436328977346,0.004234421532601118,0.06433930993080139,0.015119285322725773,0.021663855761289597,0.017537599429488182,0.3068135171623467,0.20701368325369265,0.1145995169415028,0.006079926200713825,0.0670684762070659
41265,1200,H1_30,0,0.002769624348729849,0.08290219306945801,0.0060849497094750404,0.0035190831404179335,0.030188873410224915,0.021647263318300247,0.021663855761289597,0.004356379620730877,0.360039576016285,0.04450826473350257,0.04326941936890941,0.00031327488398612204,0.038140272640956534
41234,1200,H1_45,0,0.010798942297697067,0.0310556311160326,0.013975869864225388,0.013693868182599545,0.12420807778835297,0.005991519894450903,0.2957177758216858,0.006734918337315321,0.13511669630238118,0.12140561982517117,0.07051505488361708,0.003388356516351519,0.05203304280534069
41235,1200,H1_45,0,0.012739580124616623,0.034983012825250626,0.009160083718597889,0.014491609297692776,0.06487269699573517,0.025266073644161224,0.2957177758216858,0.013449843972921371,0.10991883131555327,0.09864647906804237,0.08012004635275133,0.004548991789950044,0.05111862246422257
41240,1200,H1_45,0,0.015606984496116638,0.005984203424304724,0.025062110275030136,0.015077478252351284,0.12042003870010376,0.02666478604078293,0.2957177758216858,0.022771621122956276,0.014466882373344129,0.11023345172908063,0.15141837494919083,0.009758918261678066,0.0649711484192559
41241,1200,H1_45,0,0.0011976747773587704,0.008998699486255646,0.0009889844805002213,0.0011888631852343678,0.014330009929835796,0.001477459562011063,0.2957177758216858,0.0022650170139968395,0.005473036814430976,0.04898692034226865,0.03639804694101297,0.0005158853298585396,0.04201245279778609
41242,1200,H1_45,0,0.0034692673943936825,0.02496057003736496,0.0037062913179397583,0.00215747207403183,0.012152355164289474,0.0008921143598854542,0.2957177758216858,0.001588382525369525,0.4520437157551269,0.04038351845626533,0.028179518762730536,0.0003561435487493303,0.03540532541756179
41243,1200,H1_45,0,0.03291933238506317,0.08602894842624664,0.018803011626005173,0.026926545426249504,0.008882875554263592,0.08995342254638672,0.2957177758216858,0.013262631371617317,0.047497888980885625,0.12241051105150179,0.08123372716297536,0.006186462233318814,0.05514198848084998
41245,1200,H1_45,1,0.02473549358546734,0.00820669624954462,0.01794988103210926,0.015800170600414276,0.04821274057030678,0.19185028970241547,0.2957177758216858,0.01821170188486576,0.2965388829484956,0.11810642193777149,0.13917522398501314,0.0033692086324405407,0.05868488967597316
41246,1200,H1_45,0,0.011564318090677261,0.014749824069440365,0.013819278217852116,0.009227056056261063,0.011895647272467613,0.04355991259217262,0.2957177758216858,0.0152549147605896,0.5897257472600369,0.17576209925954517,0.14790262225525241,0.0023985587016198792,0.06275323529916775
41247,1200,H1_45,0,0.035179246217012405,0.054950080811977386,0.060761820524930954,0.04891965910792351,0.03726313263177872,0.03197617083787918,0.2957177758216858,0.04367142915725708,0.0595200870879911,0.10011066421517874,0.13849751200512797,0.02742579130809447,0.06191755363092447
41248,1200,H1_45,0,0.005274514202028513,0.015356527641415596,0.00553106889128685,0.005526472814381123,0.009832752868533134,0.003324223682284355,0.2957177758216858,0.0027953123208135366,0.3198019792844397,0.09227486961904882,0.04918871287921135,0.0005449081504592213,0.043629933009297205
41249,1200,H1_45,0,0.003868804546073079,0.0015130413230508566,0.0062749553471803665,0.0028528894763439894,0.00564486812800169,0.0025144803803414106,0.2957177758216858,0.0036471234634518623,0.025331351203523977,0.029289223302591042,0.02082105077399051,0.0012667676056110663,0.03841195105019076
41253,1200,H1_45,0,0.0018180054612457752,0.02507578395307064,0.0025043897330760956,0.0014126269379630685,0.01603398285806179,0.014005733653903008,0.025328196585178375,0.0019008541712537408,0.01635367858891462,0.02965209223049314,0.0369577284816878,0.0006977357701711854,0.04016595608029471
41255,1200,H1_45,0,0.004582517314702272,0.017626387998461723,0.00565959420055151,0.006684284657239914,0.008979435078799725,0.0738462284207344,0.025328196585178375,0.0037478646263480186,0.18750398883942093,0.12047271241974795,0.12568811527704254,0.002969090054493565,0.0588341295487907
41257,1200,H1_45,0,0.0008075678488239646,0.000442223361460492,0.0012729226145893335,0.0009813004871830344,0.005053556989878416,0.0010796793503686786,0.025328196585178375,0.0006173383444547653,0.00047011835790912096,0.001472287890727607,0.005722801361431034,0.00014821347597293838,0.03491412369635826
41258,1200,H1_45,0,0.0036740025971084833,0.12462718784809113,0.003923503682017326,0.0026079772505909204,0.3547942638397217,0.005000364501029253,0.025328196585178375,0.0020916785579174757,0.027865442267067,0.09810195837652512,0.07987052508443945,0.0010027330160984865,0.05208535800326793
41259,1200,H1_45,0,0.002992552937939763,0.11986415833234787,0.00283535267226398,0.004344561602920294,0.014039608649909496,0.04350117966532707,0.025328196585178375,0.007517597172409296,0.003933664152057317,0.09436351748061453,0.061479806936525265,0.0010757462324936821,0.04962289666087164
41260,1200,H1_45,0,0.006724157370626926,0.5094132423400879,0.00586443766951561,0.005156498868018389,0.08098765462636948,0.012583455070853233,0.025328196585178375,0.007910299114882946,0.09000355998765476,0.09187069841495445,0.07978894804589705,0.0015978548352146896,0.05044529180276286
41261,1200,H1_45,0,0.006587543059140444,0.1673431247472763,0.004863319452852011,0.008057310245931149,0.4290751516819,0.010904205031692982,0.025328196585178375,0.008597114123404026,0.0961515227248858,0.10544521812744152,0.06330341791094737,0.0017783269781001425,0.049764236230956244
41262,1200,H1_45,0,0.0021897845435887575,0.04116712510585785,0.002751535503193736,0.0022698671091347933,0.0350736640393734,0.024364398792386055,0.025328196585178375,0.005846885964274406,0.01822741987160842,0.0687647549025378,0.05741988036695391,0.0020180051717001916,0.046248025174603836
41263,1200,H1_45,1,0.08240649849176407,0.09387251734733582,0.13208268582820892,0.10857757925987244,0.3101775050163269,0.1689075529575348,0.025328196585178375,0.10824348777532578,0.8262147013092968,0.2543815716530191,0.18373598745788244,0.052218999729466094,0.08094490527667991
41264,1200,H1_45,0,0.05808258056640625,0.07558255642652512,0.04286380484700203,0.03675086796283722,0.0972757562994957,0.15495052933692932,0.025328196585178375,0.026018725708127022,0.1319113720868623,0.14423795650177867,0.1483641316856288,0.013360448846120969,0.06741271819041017
41265,1200,H1_45,0,0.0072771040722727776,0.15563899278640747,0.008778116665780544,0.007746599614620209,0.03861391171813011,0.028652053326368332,0.025328196585178375,0.010098678059875965,0.02659712385290616,0.029251161469158706,0.03438026127904369,0.004697572697471158,0.03991259176677996
41234,1200,H2_15,0,0.0007720642606727779,0.01985757239162922,0.0009804893052205443,0.0023173002991825342,0.005622845608741045,0.0010076338658109307,0.3002759516239166,0.00182981020770967,0.09312722303748416,0.054774447889189386,0.03310254494111538,0.0007054546148256625,0.04112239002197949
41235,1200,H2_15,0,0.018171796575188637,0.010500594042241573,0.016658220440149307,0.01628883369266987,0.1524563729763031,0.016476232558488846,0.3002759516239166,0.023440636694431305,0.18510814636265066,0.10844888529198378,0.07653436158222625,0.016401432132884353,0.05135534633303988
41240,1200,H2_15,0,0.009557850658893585,0.009412429295480251,0.0071252635680139065,0.005343169905245304,0.005961074493825436,0.014484705403447151,0.3002759516239166,0.00573287159204483,0.0019068939833954105,0.07637880613922748,0.06882445776480878,0.002176581554905007,0.048679927906453334
41241,1200,H2_15,0,0.0021362535189837217,0.021121056750416756,0.0033426398877054453,0.0018230893183499575,0.0014070107135921717,0.004978097043931484,0.3002759516239166,0.0020272540859878063,0.030196159201259364,0.07986534787668415,0.04674756340273315,0.00045365428534886737,0.04588836806416028
41242,1200,H2_15,0,0.0008797834743745625,0.0023449701257050037,0.0005425905692391098,0.0010188065934926271,0.002907685935497284,0.000491075508762151,0.3002759516239166,0.0004329514049459249,0.5119719482701405,0.058062763360619093,0.028548073622666998,0.00026942617841921134,0.03626362264472672
41243,1200,H2_15,0,0.02734966017305851,0.10896001756191254,0.03781571611762047,0.03446381166577339,0.11727701127529144,0.05327342450618744,0.3002759516239166,0.05241244286298752,0.05739168426005332,0.07011160203157557,0.08480487269319374,0.016076825265366024,0.04987060819295136
41245,1200,H2_15,0,0.02421674132347107,0.003088404191657901,0.01776125468313694,0.017874611541628838,0.01525516714900732,0.03480213135480881,0.3002759516239166,0.016984984278678894,0.2600215752472988,0.19294104754737895,0.16941928166884168,0.0034976808965417974,0.07534609300527077
41246,1200,H2_15,0,0.07191313803195953,0.028326138854026794,0.09391508251428604,0.028277521952986717,0.02651056833565235,0.02150418423116207,0.3002759516239166,0.03509265556931496,0.6376597590256375,0.1397243272804963,0.18708676576480046,0.013004336623981367,0.06394717531311854
41247,1200,H2_15,0,0.02812674269080162,0.05010116100311279,0.02259749360382557,0.027380749583244324,0.007510076742619276,0.021009210497140884,0.3002759516239166,0.020979279652237892,0.08740640423220586,0.05149889399191746,0.06478742249702278,0.0028080320852166456,0.04442494563247803
41248,1200,H2_15,0,0.008472682908177376,0.0538850836455822,0.01489331852644682,0.01206736359745264,0.01838262751698494,0.01111550722271204,0.3002759516239166,0.009853768162429333,0.20616322730716552,0.05169021291823768,0.04529990596555344,0.0072416228394731365,0.041073196002571
41249,1200,H2_15,0,0.0021957899443805218,0.0018117668805643916,0.0035432660952210426,0.0017458143411204219,0.0012477361597120762,0.002850852906703949,0.3002759516239166,0.003193536540493369,0.001076516353873129,0.001472287890727607,0.008653260093144379,0.0006866424870011605,0.03519139748368264
41253,1200,H2_15,0,0.0022205894347280264,0.043703336268663406,0.0032765683718025684,0.0026523517444729805,0.07964947074651718,0.009548069909214973,0.003503345185890794,0.003012423636391759,0.01983619796374973,0.041580869405771125,0.03526779041553055,0.001218262824438047,0.04105603402327455
41255,1200,H2_15,0,0.0026934861671179533,0.01211320050060749,0.0029513367917388678,0.0017046022694557905,0.003085615811869502,0.01187211275100708,0.003503345185890794,0.0008335868478752673,0.28932440642081475,0.09143220191398749,0.12484603814763799,0.0005369426805349497,0.053342654596892726
41257,1200,H2_15,0,0.0005874041235074401,0.00045564264291897416,0.0007220442639663815,0.0006343696732074022,0.001730231917463243,0.0009595924057066441,0.003503345185890794,0.0005142759764567018,0.00020792884910686733,0.0,0.005699939269074159,0.000124704749183125,0.034798209086583494
41258,1200,H2_15,0,0.0001376117143081501,0.002571083139628172,0.00015477694978471845,0.00013871362898498774,0.0016022261697798967,0.0002875443606171757,0.003503345185890794,0.0001575164496898651,0.002887155557352694,0.015633995360529774,0.01541386785352708,5.7455875933233225e-05,0.036934757831583266
41259,1200,H2_15,0,0.014407503418624401,0.1691301465034485,0.01163736917078495,0.02394586056470871,0.049063555896282196,0.048264361917972565,0.003503345185890794,0.02296777069568634,0.004700649906822138,0.0925321991900537,0.10687847816381366,0.0033231318927245466,0.0555661484472145
41260,1200,H2_15,0,0.003925088327378035,0.09222066402435303,0.006240437272936106,0.0032754132989794016,0.08116335421800613,0.011755441315472126,0.003503345185890794,0.005279798526316881,0.07779911152337769,0.06843259442764034,0.08451538937270488,0.0012944762384766212,0.04863212526728505
41261,1200,H2_15,0,0.013092756271362305,0.03415754437446594,0.01334022730588913,0.011863496154546738,0.011893808841705322,0.02596990205347538,0.003503345185890794,0.005752959288656712,0.1660646431751481,0.04030809954997634,0.04126183649225339,0.0015228594594023164,0.03981853720729498
41262,1200,H2_15,0,0.008273408748209476,0.007993463426828384,0.0071298968978226185,0.015199702233076096,0.0020642054732888937,0.0700034499168396,0.003503345185890794,0.006576608866453171,0.03578489659908746,0.048489616587258366,0.05542937296233461,0.0026497929987370286,0.043776464506588765
41263,1200,H2_15,0,0.057336047291755676,0.0743819996714592,0.11487413942813873,0.059602998197078705,0.5012497305870056,0.0740654394030571,0.003503345185890794,0.08882796764373779,0.25467400027135056,0.23289926075419018,0.1512595907901409,0.07535691392997082,0.0854124559900387
41264,1200,H2_15,0,0.018349790945649147,0.40774133801460266,0.029726402834057808,0.010362747125327587,0.006358163896948099,0.09067657589912415,0.003503345185890794,0.005059093236923218,0.0038139764549461933,0.09853068152092255,0.08470049044861427,0.0009087837982209532,0.0531408454694998
41265,1200,H2_15,0,0.0022302065044641495,0.20509016513824463,0.0024392700288444757,0.0020821006037294865,0.027589920908212662,0.001796092838048935,0.003503345185890794,0.0027513301465660334,0.015628019039904878,0.03696758574572668,0.04626522221289607,0.0009601767139535746,0.041843146332987635
41235,1200,H2_30,0,0.01105085201561451,0.007921590469777584,0.0064042555168271065,0.011492433957755566,0.008268489502370358,0.006790520623326302,0.2721092402935028,0.0035406507086008787,0.008290133312511523,0.0541657751406029,0.06080644630301689,0.002721231418607658,0.045335417544733414
41237,1200,H2_30,0,0.239505797624588,0.13239863514900208,0.2141779363155365,0.1814047247171402,0.2030399888753891,0.056291211396455765,0.7639042139053345,0.059834957122802734,0.1046949993662942,0.10911783849099863,0.16562146306577552,0.020425855753649483,0.066115120060541
41238,1200,H2_30,0,0.046523772180080414,0.23784543573856354,0.04538598284125328,0.05843883007764816,0.11163796484470367,0.06977854669094086,0.5961217284202576,0.0394594706594944,0.10474755730876333,0.16040134765497796,0.214965176842203,0.011391074444492041,0.08277959297278824
41239,1200,H2_30,0,0.038005564361810684,0.2509435713291168,0.029483139514923096,0.029745398089289665,0.10165167599916458,0.07771431654691696,0.6317644119262695,0.037218671292066574,0.8679851581714844,0.11233018583299191,0.13831066568506162,0.020426777874105958,0.0505190000861108
41240,1200,H2_30,0,0.00470105092972517,0.0035356541629880667,0.003186238696798682,0.003073277184739709,0.0021848464384675026,0.007771261967718601,0.2721092402935028,0.002075920579954982,0.00014140689599879836,0.07818394346439493,0.059121320243717766,0.0019021758306578844,0.04769730886717449
41241,1200,H2_30,0,0.0013871012488380075,0.00030319273355416954,0.00200927397236228,0.0008998325793072581,0.008431976661086082,0.003014085115864873,0.2721092402935028,0.0008707577362656593,0.048898833936084185,0.03739705853918051,0.03137948913359236,0.00039855410873763876,0.039883187905685596
41242,1200,H2_30,0,0.001717772101983428,0.007986675947904587,0.0014656060375273228,0.0012938990257680416,0.014924664050340652,0.0007550863665528595,0.2721092402935028,0.0005439321976155043,0.5868054956825222,0.046181718666382904,0.031007300195607018,0.0003366173139849525,0.03479828794545602
41243,1200,H2_30,0,0.04741538316011429,0.022592294961214066,0.04774104431271553,0.04961339011788368,0.012375004589557648,0.13236810266971588,0.2721092402935028,0.05280502885580063,0.2276783691539176,0.12247331696482329,0.08282477493248139,0.02979632843773343,0.05395772067005212
41244,1200,H2_30,0,0.02928081899881363,0.06225542724132538,0.015330535359680653,0.022666199132800102,0.04508887231349945,0.26944664120674133,0.6317644119262695,0.06720828264951706,0.7146696754984515,0.12441370944800804,0.16579084036969874,0.03814003509324471,0.059113709596862435
41246,1200,H2_30,0,0.1253126561641693,0.030413083732128143,0.08229852467775345,0.03799610957503319,0.0741814449429512,0.020879415795207024,0.2721092402935028,0.02843715250492096,0.6296848412044596,0.12210188412522185,0.1566446023136873,0.00779013669816494,0.05672740856637718
41249,1200,H2_30,0,0.0015175063163042068,0.003262880491092801,0.0024450155906379223,0.0014030314050614834,0.0010284779127687216,0.0030849631875753403,0.2721092402935028,0.0022946803364902735,0.001118512799846264,0.0386505891846419,0.03435695054822167,0.0009069304233862445,0.040907066361586385
41253,1200,H2_30,0,0.004412014503031969,0.08348599076271057,0.007712877821177244,0.004119771532714367,0.05502835661172867,0.016088346019387245,0.0018301804084330797,0.0038312312681227922,0.035586485900341275,0.023034284760225975,0.02983300704969786,0.0023287106209161214,0.03869889868203549
41254,1200,H2_30,0,0.024945465847849846,0.17313410341739655,0.020280515775084496,0.018954453989863396,0.1778794676065445,0.10650667548179626,0.005688492674380541,0.01824672520160675,0.16026179438838511,0.16708148933275205,0.1536932140651092,0.011003826889153186,0.07106735864730852
41256,1200,H2_30,0,0.030893003568053246,0.06605537980794907,0.03514828532934189,0.03600706905126572,0.01370310690253973,0.06349837779998779,0.005633250344544649,0.06013532727956772,0.41343497503009136,0.4253983651929087,0.22460511615814774,0.05240746145636456,0.14222623425018968
41257,1200,H2_30,0,0.0013913852162659168,0.016404855996370316,0.0014418569626286626,0.0009231660515069962,0.004815055523067713,0.003383964765816927,0.0018301804084330797,0.0012383490102365613,0.00033961604920931815,0.014880118682470881,0.033404253935180483,0.0002750474204771402,0.03866757670869781
41258,1200,H2_30,0,0.001977277221158147,0.026885611936450005,0.0018079748842865229,0.0016199087258428335,0.02731250785291195,0.0015510957455262542,0.0018301804084330797,0.003714966122061014,0.05957131398082271,0.03382065830107161,0.03939157315032619,0.0004747718913338173,0.04025919447712472
41259,1200,H2_30,0,0.0016832237597554922,0.002517476910725236,0.0012701160740107298,0.0032752964179962873,0.004399225115776062,0.03676454350352287,0.0018301804084330797,0.001755489967763424,0.0018025053118050725,0.0369652805932153,0.04047966327585832,0.0004691061595471657,0.04137267333750696
41260,1200,H2_30,0,0.0028596092015504837,0.005542009137570858,0.003130365628749132,0.0026680300943553448,0.060123834758996964,0.011938516050577164,0.0018301804084330797,0.004072973970323801,0.02856092785803668,0.05024862799656629,0.05961355780648156,0.0014190204371322774,0.04446164956732918
41261,1200,H2_30,0,0.0079757459461689,0.014922070316970348,0.005730442237108946,0.0077248322777450085,0.0033827379811555147,0.01594480313360691,0.0018301804084330797,0.004777550231665373,0.21337612504784068,0.04717168847799939,0.038009492170709376,0.0009235812015061158,0.03951999293944241
41262,1200,H2_30,0,0.002932873321697116,0.008033908903598785,0.003707848023623228,0.005093273241072893,0.04063829034566879,0.05618687719106674,0.0018301804084330797,0.004806817974895239,0.0005252191230916291,0.02186876185852767,0.03160015244017977,0.0008203702347003706,0.03911132446428922
41263,1200,H2_30,0,0.004158058203756809,0.02231757529079914,0.005848962813615799,0.0038494127802550793,0.003994271624833345,0.03468017280101776,0.0018301804084330797,0.001949953380972147,0.016602232028659906,0.11398672723253803,0.08755445138120319,0.0007633587478928257,0.05518325176220767
41265,1200,H2_30,0,0.0012960309395566583,0.06666839867830276,0.0015159473987296224,0.0010648273164406419,0.0060634855180978775,0.003967686090618372,0.0018301804084330797,0.0016453773714601994,0.002790472159158652,0.01037073761509679,0.009944616892630806,0.0008216986099525257,0.036016296721705254
65759,1201,H1_15,0,0.003100563306361437,0.0027354795020073652,0.0019936496391892433,0.0024241807404905558,0.002748033730313182,0.001314788474701345,0.41067034006118774,0.0007663274882361293,0.004265013027156158,0.006006665312030424,0.011915488063375161,6.189112779688414e-05,0.03135057993528162
65761,1201,H1_15,0,0.03622939810156822,0.015559066087007523,0.06659407913684845,0.07220815867185593,0.3199358582496643,0.08446559309959412,0.41067034006118774,0.07670777291059494,0.6922874913502527,0.10981340057253818,0.15590927358473164,0.011351115292275352,0.04534185055512029
65762,1201,H1_15,0,0.02775871753692627,0.5769472718238831,0.03436727821826935,0.051993876695632935,0.1206234022974968,0.05822145566344261,0.41067034006118774,0.19455015659332275,0.8772754154936483,0.19465636175494747,0.16864893171415654,0.03947230573090242,0.05058909605157707
65765,1201,H1_15,0,0.004130168817937374,0.1016044020652771,0.0058848862536251545,0.02309454046189785,0.07792200148105621,0.005090842954814434,0.41067034006118774,0.02497604675590992,0.9841275915382168,0.21544180834508653,0.12048017086575202,0.029075429018776727,0.04652200579485968
65767,1201,H1_15,0,0.7096508741378784,0.12094878405332565,0.6720162630081177,0.549069344997406,0.5175342559814453,0.8543936610221863,0.41067034006118774,0.5227243304252625,0.9314795814384126,0.4335852351252096,0.3771668456509056,0.38733567019782156,0.16202912016426482
65768,1201,H1_15,0,0.1261017620563507,0.07148139178752899,0.09290368109941483,0.1283787041902542,0.08006982505321503,0.1306220442056656,0.41067034006118774,0.12401065975427628,0.9816405735223827,0.09482733798923998,0.14863718048630006,0.06539067655017641,0.03912359921312049
65769,1201,H1_15,1,0.001567256753332913,0.05772322043776512,0.0029099208768457174,0.0014308057725429535,0.04888579621911049,0.0010648519964888692,0.41067034006118774,0.0035824549850076437,0.3757326706519343,0.03686394223909468,0.03644807165347983,0.0005624846203050883,0.03166154566830284
65770,1201,H1_15,0,0.10079700499773026,0.06094885244965553,0.23311251401901245,0.18310950696468353,0.1694149225950241,0.16891324520111084,0.41067034006118774,0.19097207486629486,0.7935101525911394,0.1407020737398078,0.16364408266148397,0.06192519747955128,0.04642829917622515
65771,1201,H1_15,1,0.5305615663528442,0.15836171805858612,0.48201310634613037,0.5052707195281982,0.27287888526916504,0.41070204973220825,0.41067034006118774,0.3627093732357025,0.8851529352873251,0.3993776868137198,0.3232992950811461,0.15919043751302606,0.13008732762497685
65772,1201,H1_15,0,0.23380988836288452,0.050167106091976166,0.228856161236763,0.2654823660850525,0.06894795596599579,0.02642596699297428,0.41067034006118774,0.15997359156608582,0.9957567161775475,0.2552688379968334,0.20690138262537008,0.09761717287571958,0.06341041598717345
65774,1201,H1_15,0,0.06118306145071983,0.31649744510650635,0.05560697615146637,0.03900520130991936,0.03725981339812279,0.05642855912446976,0.41067034006118774,0.03142745792865753,0.47105834854374246,0.2640395672646395,0.19267124200979965,0.018322806744316893,0.08031157294791277
65775,1201,H1_15,1,0.044529348611831665,0.12700188159942627,0.02512730285525322,0.03373409062623978,0.09384234249591827,0.019830528646707535,0.04963430389761925,0.03378095105290413,0.11219686817998664,0.038179014005360105,0.04590938203036088,0.009620566654123423,0.035229883166249656
65776,1201,H1_15,0,0.0056290156207978725,0.012530215084552765,0.0035288031212985516,0.008394548669457436,0.017086999490857124,0.0037586477119475603,0.04963430389761925,0.006517686881124973,0.5090554963167064,0.04341949178672194,0.0532741310484118,0.001832789942680706,0.03220866816971473
65778,1201,H1_15,0,0.015547889284789562,0.10002512484788895,0.0163540281355381,0.005804163403809071,0.015458711422979832,0.058003172278404236,0.04963430389761925,0.0060811699368059635,0.026683070982032642,0.06956777599567977,0.06734908839417876,0.0017367106639286044,0.04175923857976746
65780,1201,H1_15,0,0.04212414473295212,0.4309671223163605,0.047318730503320694,0.05793344974517822,0.08841199427843094,0.10351574420928955,0.04963430389761925,0.08629260212182999,0.9969017383898315,0.2804863483202445,0.2791273967947586,0.0925896501163488,0.08771001121981022
65781,1201,H1_15,0,0.0355626605451107,0.2861647605895996,0.035601817071437836,0.04493203014135361,0.01127450168132782,0.04565545171499252,0.04963430389761925,0.029428917914628983,0.26926113305392074,0.2514107426343213,0.08612822657907436,0.017424129153727527,0.05873664992133357
65783,1201,H1_15,0,0.26672327518463135,0.7184372544288635,0.2819962203502655,0.46108293533325195,0.8516950011253357,0.3914855420589447,0.04963430389761925,0.38975825905799866,0.9996555805642069,0.411820542061604,0.3377436935533703,0.24772263107773926,0.13311068196192574
65784,1201,H1_15,0,0.0012455044779926538,0.0013170300517231226,0.0006643127417191863,0.001232655020430684,0.0005918896640650928,0.0023352759890258312,0.04963430389761925,0.00040284893475472927,4.3436232220472685e-05,0.0,0.0,7.756289561887145e-05,0.03001686042504818
65785,1201,H1_15,0,0.014759486541152,0.009637451730668545,0.005717478692531586,0.008582737296819687,0.03607497364282608,0.0031610559672117233,0.04963430389761925,0.006988602690398693,0.03734803264903542,0.14809849239894685,0.08089817386543832,0.0033177784715092665,0.05141361102432216
65786,1201,H1_15,0,0.04731569066643715,0.3946366310119629,0.020438294857740402,0.03223397955298424,0.01558932475745678,0.05260157957673073,0.04963430389761925,0.017720935866236687,0.06748063171741855,0.24122756746478502,0.12707354233629475,0.023605166138256257,0.07357929439364257
65787,1201,H1_15,0,0.43704551458358765,0.6401827931404114,0.2954072058200836,0.4317358136177063,0.318904310464859,0.5289651155471802,0.04963430389761925,0.36823007464408875,0.931049411502076,0.2795852009795021,0.25304456910367,0.2152481432269116,0.07647479523206002
65788,1201,H1_15,0,0.006250262260437012,0.003863020334392786,0.005197530146688223,0.005312854889780283,0.03210456669330597,0.010301735252141953,0.04963430389761925,0.003561163553968072,0.31806668328425786,0.06006412142253526,0.04983159773979194,0.0012022879599365125,0.03497669470993898
65759,1201,H1_30,0,0.00018251639266964048,0.00018394603102933615,0.0002318258339073509,0.00022226519649848342,0.000547675765119493,0.0012955144047737122,0.3747262954711914,0.00012699530634563416,1.0274769839141958e-05,0.004282281439125768,0.0025661584394082552,2.225263642750639e-05,0.030485637002193876
65761,1201,H1_30,0,0.011732994578778744,0.01416773721575737,0.007699191104620695,0.010622209869325161,0.27983757853507996,0.005238967947661877,0.3747262954711914,0.018501989543437958,0.6701047326408754,0.09513471408082204,0.13630976507086148,0.005557823339581857,0.04258418718235559
65762,1201,H1_30,0,0.11622016876935959,0.30201631784439087,0.13803018629550934,0.10520118474960327,0.17212370038032532,0.040956638753414154,0.3747262954711914,0.10855787992477417,0.8173363721651195,0.28017092100847873,0.1801636800497617,0.10695148378224116,0.0671316405691426
65765,1201,H1_30,0,0.028562845662236214,0.02450828067958355,0.03226353973150253,0.04823373630642891,0.10141526907682419,0.007880079559981823,0.3747262954711914,0.0625791922211647,0.9991327198456496,0.1798102601878966,0.1426485289521292,0.02192026613435652,0.04533345082513406
65767,1201,H1_30,0,0.06707213073968887,0.3225714862346649,0.05663442239165306,0.06576071679592133,0.027790507301688194,0.2515634298324585,0.3747262954711914,0.07744602859020233,9.039016375025972e-05,0.2765114497789632,0.24162865425674776,0.0990331187097089,0.12791542288191596
65768,1201,H1_30,0,0.009824209846556187,0.12351316213607788,0.017702337354421616,0.007556958589702845,0.004988270346075296,0.015517002902925014,0.3747262954711914,0.015676630660891533,0.4234266998791027,0.08113899554814226,0.07893292192476258,0.005728305439067711,0.0381473990875718
65769,1201,H1_30,0,0.005244567524641752,0.00529083888977766,0.002962447004392743,0.0068498412147164345,0.010284111835062504,0.0030785424169152975,0.3747262954711914,0.006587156094610691,0.7195245173649203,0.11731609253683284,0.057245137199971874,0.0013675786677537648,0.03517057235907115
65770,1201,H1_30,0,0.011462640948593616,0.009979715570807457,0.012417719699442387,0.009987106546759605,0.005053266882896423,0.012268605642020702,0.3747262954711914,0.009118499234318733,0.2994016489163501,0.11364136559444939,0.08423974370319098,0.00040579415658605316,0.043319714947722444
65771,1201,H1_30,0,0.06928018480539322,0.02706534042954445,0.07355507463216782,0.07077813148498535,0.44235968589782715,0.048746272921562195,0.3747262954711914,0.05744495615363121,0.9999690479838887,0.22812079796253518,0.22221303445289675,0.053853322146104554,0.06447580263262372
65772,1201,H1_30,0,0.427909255027771,0.1490963250398636,0.23444287478923798,0.3805501163005829,0.16599608957767487,0.20063135027885437,0.3747262954711914,0.20320436358451843,0.9285365999705815,0.32349425385957903,0.2872771278433494,0.12595176324259605,0.09902322283569509
65774,1201,H1_30,0,0.05826820060610771,0.23805321753025055,0.1196301132440567,0.07349701970815659,0.02593749575316906,0.0288490392267704,0.3747262954711914,0.0518265999853611,0.8479140782136455,0.17666497581440085,0.1822609353662732,0.03614580595348209,0.054002370102819275
65775,1201,H1_30,1,0.00277374847792089,0.020539503544569016,0.0014516961527988315,0.0012850863859057426,0.0054213302209973335,0.008596528321504593,0.04279837757349014,0.002545528579503298,0.009216353432999959,0.018269328492464886,0.01915104177544778,0.0005563469837715628,0.032717045511364354
65776,1201,H1_30,0,0.003999668639153242,0.0014127291506156325,0.0027508435305207968,0.0028521502390503883,0.013344287872314453,0.03273455426096916,0.04279837757349014,0.0017783771036192775,0.006067376525812426,0.04797577101546355,0.027068523682751946,0.000987129417004296,0.035581374114190566
65778,1201,H1_30,0,0.0020977985113859177,0.045105475932359695,0.000983108882792294,0.001049836166203022,0.004147299099713564,0.01074598915874958,0.04279837757349014,0.0006215062458068132,0.003945856102784601,0.03346527876914802,0.03282170627122338,0.00026263953531763327,0.03518896398823876
65780,1201,H1_30,0,0.26492148637771606,0.7727391123771667,0.16173191368579865,0.1500573754310608,0.1947760134935379,0.18202203512191772,0.04279837757349014,0.09844730794429779,0.9927419866832421,0.25801866418361674,0.20983177189781105,0.18001297614629858,0.06724188421317669
65781,1201,H1_30,0,0.09763561189174652,0.15275870263576508,0.10049227625131607,0.141479030251503,0.4004700779914856,0.04958696663379669,0.04279837757349014,0.13582269847393036,0.9743429684924596,0.3528379472486966,0.19089596401375036,0.11734935878848503,0.07527955732392615
65783,1201,H1_30,0,0.1750892996788025,0.03749171644449234,0.3588560223579407,0.1937694251537323,0.29083219170570374,0.24021203815937042,0.04279837757349014,0.21644723415374756,0.9972748175683063,0.2821933658909096,0.25193635036102946,0.06540404388189683,0.0759921184811936
65784,1201,H1_30,0,0.0008502828422933817,0.0013170300517231226,0.0006214198074303567,0.0010935799218714237,0.0009347341838292778,0.0018417868996039033,0.04279837757349014,0.0004198525857646018,7.480345185655537e-05,0.0,0.0,9.614753105032698e-05,0.03001655744002185
65785,1201,H1_30,0,0.005901482421904802,0.003837516764178872,0.0034144592937082052,0.002904173918068409,0.02131931483745575,0.01875315047800541,0.04279837757349014,0.00394040672108531,0.0015789142555682474,0.04727279300713346,0.051404256365138803,0.0016066505196556016,0.03830677785067604
65786,1201,H1_30,0,0.05056920275092125,0.061520423740148544,0.025635933503508568,0.07203589379787445,0.05144277587532997,0.053968120366334915,0.04279837757349014,0.024481339380145073,0.17093752317360247,0.2476154548374699,0.09367497744391516,0.0066427544648978275,0.06250155543139525
65787,1201,H1_30,0,0.0289591196924448,0.19022361934185028,0.021447209641337395,0.02844667248427868,0.1537545770406723,0.037247586995363235,0.04279837757349014,0.021523837000131607,0.6726838867453155,0.1912459929008808,0.1602767691742129,0.010138852839633263,0.05586340597589062
65788,1201,H1_30,0,0.01605631224811077,0.016003724187612534,0.014069315046072006,0.018393810838460922,0.0813383162021637,0.035309962928295135,0.04279837757349014,0.012566812336444855,0.5825294534830701,0.06534480817422565,0.04764929651816617,0.0018305913119819777,0.03231206516415895
65759,1201,H1_45,0,0.00018263963283970952,0.00018394603102933615,0.00029399862978607416,0.00029209820786491036,0.0006356130470521748,0.0017831517616286874,0.3522407114505768,0.00018452538643032312,1.1589457777267953e-05,0.0013595505617977528,0.0013491028745266033,2.9311428928760282e-05,0.030210511209336804
65761,1201,H1_45,0,0.01911276951432228,0.0025086626410484314,0.01536909956485033,0.016141630709171295,0.04771067947149277,0.014249064028263092,0.3522407114505768,0.02780357375741005,0.9074279960526597,0.06908916103686011,0.11043824049686013,0.0066011500121414745,0.034814747108148664
65762,1201,H1_45,0,0.16465625166893005,0.05938500538468361,0.10644285380840302,0.14356817305088043,0.235899418592453,0.0465836226940155,0.3522407114505768,0.15721604228019714,0.19581980851014705,0.28906692035437503,0.1799873399390581,0.07229363155687096,0.08984195548742761
65765,1201,H1_45,0,0.012695222161710262,0.04133259505033493,0.0172442477196455,0.008310526609420776,0.00650758296251297,0.0024875339586287737,0.3522407114505768,0.011428608559072018,0.18376311788615673,0.11854155971004206,0.08225316255718482,0.006457921964301372,0.045537817683855154
65767,1201,H1_45,0,0.10417313128709793,0.04251854494214058,0.10895796120166779,0.11254672706127167,0.020934024825692177,0.26392337679862976,0.3522407114505768,0.16407150030136108,0.38098793690150096,0.26560610331062817,0.19897519625077584,0.0923387531792366,0.08318021024053669
65768,1201,H1_45,0,0.01852164790034294,0.01674075424671173,0.025411732494831085,0.029600322246551514,0.05911349505186081,0.011256447993218899,0.3522407114505768,0.02151528187096119,0.988176965361031,0.10604144113133324,0.0833516314335302,0.008307879017165383,0.034107108129088924
65769,1201,H1_45,0,0.015380781143903732,0.01721761003136635,0.02060236781835556,0.01039478275924921,0.17790833115577698,0.0066389902494847775,0.3522407114505768,0.009769454598426819,0.9830577178521306,0.17824720656078466,0.11172533399272203,0.0027930478403043603,0.04216346470951065
65770,1201,H1_45,0,0.12015644460916519,0.023605497553944588,0.14557422697544098,0.0872495248913765,0.12855379283428192,0.09484444558620453,0.3522407114505768,0.09445907920598984,0.4349894770921463,0.08821675219646768,0.116982291457604,0.17518366824776913,0.04412330346884342
65771,1201,H1_45,0,0.07978733628988266,0.13484765589237213,0.12875160574913025,0.1058678850531578,0.09431850910186768,0.056853268295526505,0.3522407114505768,0.09704846143722534,0.9222484551016332,0.21019938938114224,0.18691379027644667,0.02345209946190621,0.05597479415359546
65772,1201,H1_45,0,0.1488080769777298,0.1311451494693756,0.07418899238109589,0.11645133048295975,0.02853069268167019,0.04058201611042023,0.3522407114505768,0.11019805073738098,0.9152847568566681,0.1895893528950944,0.1535645488913852,0.044901334421165964,0.04863548243051086
65774,1201,H1_45,0,0.08850423991680145,0.03848031535744667,0.09417039901018143,0.09265973418951035,0.024873744696378708,0.07046867907047272,0.3522407114505768,0.08575993031263351,0.000594709021592367,0.1748222356069799,0.16322756376376557,0.004568811897212549,0.0732201703696677
65775,1201,H1_45,1,0.0018803065177053213,0.011306176893413067,0.0013822996988892555,0.0013036509044468403,0.0023219515569508076,0.003138268133625388,0.053008731454610825,0.0019512668950483203,0.01620859596364432,0.018367210092236717,0.015636478656091038,0.0006718151013955055,0.03232689215634549
65776,1201,H1_45,0,0.0027744818944483995,0.006555455271154642,0.003355712164193392,0.0036619838792830706,0.010278279893100262,0.008338880725204945,0.053008731454610825,0.003321757074445486,0.0035592375736562443,0.06088081113060089,0.03087245578870636,0.0012303392632827994,0.0369570621043417
65778,1201,H1_45,0,0.000712446984834969,0.028908731415867805,0.0006651527946814895,0.00036599801387637854,0.008532886393368244,0.0009352302877232432,0.053008731454610825,0.0011464604176580906,0.005419391234368956,0.02808937574060033,0.013956868172411702,0.0003474592798312588,0.032919457289500464
65780,1201,H1_45,0,0.3753717541694641,0.2398974746465683,0.21464863419532776,0.17946608364582062,0.021013682708144188,0.4635520279407501,0.053008731454610825,0.1994701772928238,0.9124040465440086,0.17405779125998033,0.1877049447736087,0.07027810215913564,0.05113926377154591
65781,1201,H1_45,0,0.009606280364096165,0.04912953078746796,0.012814497575163841,0.003692191792652011,0.010654746554791927,0.005788988433778286,0.053008731454610825,0.011951724998652935,0.3738810135183177,0.10406661745622703,0.05348933113928723,0.0039255535517097135,0.03773984527661057
65783,1201,H1_45,0,0.18090735375881195,0.08555927872657776,0.24804817140102386,0.23142462968826294,0.6931882500648499,0.14941422641277313,0.053008731454610825,0.4522382616996765,0.9993992671837856,0.24854447388865333,0.26372352097086554,0.21244327395108656,0.07003029101326312
65784,1201,H1_45,0,0.0004349317750893533,0.0013170300517231226,0.0003963059571105987,0.0006728499429300427,0.0005960469716228545,0.0017020441591739655,0.053008731454610825,0.00029077674844302237,5.221802178627864e-05,0.0,0.0,4.755841737626069e-05,0.0300176430889894
65785,1201,H1_45,0,0.015640757977962494,0.0016658541280776262,0.013824138790369034,0.023057620972394943,0.17202556133270264,0.0035023465752601624,0.053008731454610825,0.018297377973794937,0.002319296677218946,0.10313721216787136,0.08472663885185334,0.011394112617916341,0.047884563880887764
65786,1201,H1_45,0,0.03578072041273117,0.061870671808719635,0.028620649129152298,0.045225996524095535,0.01887291856110096,0.01971636898815632,0.053008731454610825,0.04715394601225853,0.004343099502116555,0.1173277970028564,0.10339976992599954,0.023503831249694,0.05221409577899092
65787,1201,H1_45,0,0.001291019725613296,0.028728991746902466,0.0005927410093136132,0.0011052096961066127,0.005171742755919695,0.0024335100315511227,0.053008731454610825,0.0005643363110721111,0.008354503310971963,0.10999531769139916,0.0652154690012112,0.0001362033963402622,0.04557551654846482
65788,1201,H1_45,0,0.0033052656799554825,0.021210376173257828,0.004734786693006754,0.003484011860564351,0.016222180798649788,0.03316618874669075,0.053008731454610825,0.005612047854810953,0.5150708467690864,0.053045283586275666,0.03981231946810972,0.0011317615639130799,0.03160671857733784
65759,1201,H2_15,0,0.0010633112397044897,0.0005085812299512327,0.0009913401445373893,0.0009124893695116043,0.002055924152955413,0.001396146952174604,0.29419827461242676,0.00020522144041024148,6.301769409502397e-05,0.004216625876070753,0.008452074035075365,4.984704043162062e-05,0.030985949645200853
65761,1201,H2_15,0,0.011989391408860683,0.00928676687180996,0.009558897465467453,0.022096944972872734,0.0033386978320777416,0.01725894585251808,0.29419827461242676,0.023791538551449776,0.029172629822082644,0.037835208385711215,0.09380845538227552,0.003280601946343801,0.0422852854014702
65762,1201,H2_15,0,0.0804707258939743,0.014848178252577782,0.10315986722707748,0.08576242625713348,0.20904137194156647,0.040242426097393036,0.29419827461242676,0.20050393044948578,0.9386284721874013,0.2249613734243663,0.21746514592944066,0.11971301692099962,0.06254019894521695
65765,1201,H2_15,0,0.007378653157502413,0.052303753793239594,0.007755122147500515,0.005891506560146809,0.008509713225066662,0.0018370923353359103,0.29419827461242676,0.005593473091721535,0.23942221146403,0.11906861680136882,0.07237648516647263,0.0017436654399899177,0.04326059660546442
65767,1201,H2_15,0,0.015552275814116001,0.004528489895164967,0.017176443710923195,0.02121734619140625,0.018464162945747375,0.011543857865035534,0.29419827461242676,0.015853162854909897,0.08216815432702788,0.12711496635850986,0.11452261557393746,0.006546842142431897,0.05396948270862247
65768,1201,H2_15,0,0.006713083945214748,0.01796613447368145,0.00584154250100255,0.011417945846915245,0.009904444217681885,0.004773291759192944,0.29419827461242676,0.009679376147687435,0.43817042693162506,0.06894444154919742,0.09379509893866206,0.001126844820256618,0.03872255271742054
65769,1201,H2_15,0,0.0019512446597218513,0.001013421337120235,0.0024283239617943764,0.00316425203345716,0.005744003690779209,0.003966207150369883,0.29419827461242676,0.000869854586198926,0.29188373805065426,0.1601433108441171,0.09939505719746519,0.0004160370052007582,0.050402155327593734
65770,1201,H2_15,0,0.011331139132380486,0.0011450911406427622,0.014370807446539402,0.00632548937574029,0.002775968983769417,0.02072962559759617,0.29419827461242676,0.003385185496881604,0.22759306138158897,0.07108267546771942,0.05075316637423314,0.0005229768014126314,0.03694411035690095
65771,1201,H2_15,0,0.19785238802433014,0.03111506626009941,0.3115961253643036,0.14972522854804993,0.29896295070648193,0.03591000288724899,0.29419827461242676,0.1504935771226883,0.8989824675992778,0.20338365113720933,0.18510064022945139,0.036757502492956014,0.05455321081952813
65772,1201,H2_15,0,0.034662794321775436,0.018366724252700806,0.03838437423110008,0.0368802472949028,0.06193507835268974,0.006796688307076693,0.29419827461242676,0.05282789468765259,0.38945354074330296,0.19043185697594225,0.1393257517695158,0.004657951469564295,0.05798819030653401
65774,1201,H2_15,0,0.060064803808927536,0.037870392203330994,0.0957903265953064,0.11805213242769241,0.0418742410838604,0.016866320744156837,0.29419827461242676,0.034121785312891006,0.2684847163991896,0.11842198926363283,0.14873991580827986,0.005357842788308384,0.054474045973082356
65775,1201,H2_15,1,0.0014195125550031662,0.006315588019788265,0.0018403453286737204,0.0016476936871185899,0.024516591802239418,0.003795917611569166,0.018284261226654053,0.0024601814802736044,0.1380854780865265,0.04140946290368509,0.025009256306921808,0.0005313105207214411,0.03335522867040131
65777,1201,H2_15,0,0.06737221032381058,0.0062403688207268715,0.12555615603923798,0.11160733550786972,0.1399422436952591,0.32684510946273804,0.009888451546430588,0.023327656090259552,0.035132893789223164,0.08946361620260149,0.15382992392918868,0.004626219364706921,0.05835415985376286
65778,1201,H2_15,0,0.002733725355938077,0.05020050331950188,0.0015734334010630846,0.0011144467862322927,0.0051850201562047005,0.003642491064965725,0.018284261226654053,0.0011709515238180757,0.0025655487845722635,0.020953862389965213,0.025171465846441938,0.0002605753438519754,0.03356067133262104
65780,1201,H2_15,0,0.03189865127205849,0.009305871091783047,0.03986984118819237,0.033252015709877014,0.02114572562277317,0.025126203894615173,0.018284261226654053,0.016515400260686874,0.8410352624216783,0.07386960338015193,0.09453461906994096,0.017349540178794243,0.03459697769802405
65781,1201,H2_15,0,0.009508858434855938,0.027157368138432503,0.007745679467916489,0.011401524767279625,0.036156896501779556,0.006882216315716505,0.018284261226654053,0.012663406319916248,0.00645733768216973,0.161888690744939,0.08829129411952125,0.005468596371232751,0.055042865709545245
65783,1201,H2_15,0,0.05113600566983223,0.1816515326499939,0.04620896279811859,0.037219516932964325,0.04934348538517952,0.1377669721841812,0.018284261226654053,0.09848052263259888,0.9124273037865305,0.08772853705568583,0.14612972614873881,0.02261507356944951,0.038939731373491
65784,1201,H2_15,0,0.00041140252142213285,0.0010557888308539987,0.0004428657703101635,0.0005925241275690496,0.0005412739119492471,0.0020227315835654736,0.018284261226654053,0.0003965863725170493,3.465049769781936e-05,0.0,0.0,7.447615940218359e-05,0.03001697945429041
65785,1201,H2_15,0,0.0034885609056800604,0.007060170639306307,0.0025445229839533567,0.002528836950659752,0.012063702568411827,0.014090165495872498,0.018284261226654053,0.002615674864500761,0.0003413606610834861,0.04330862495522048,0.05627806193352845,0.0011799592775167357,0.038610272010101705
65787,1201,H2_15,0,0.00023768354731146246,0.036001209169626236,0.0001784852793207392,0.0005054500652477145,0.0043145036324858665,0.0003023449098691344,0.018284261226654053,0.0003774140786845237,0.38956818471752674,0.09190381584394788,0.06225073927429344,0.0001933694344462151,0.0376953972229796
65788,1201,H2_15,0,0.023184096440672874,0.07213101536035538,0.023171929642558098,0.026485634967684746,0.15012811124324799,0.03175762668251991,0.018284261226654053,0.03365953266620636,0.1425490363683163,0.054168694671079404,0.07320813581746297,0.03301344196062852,0.03932164502157521
65789,1201,H2_15,0,0.027777833864092827,0.0821114107966423,0.04765816032886505,0.04686771705746651,0.1642635613679886,0.0776902511715889,0.009888451546430588,0.05841951072216034,0.7408762995030448,0.1843982304861396,0.18841368172541914,0.009616503928952866,0.0579895961784094
65759,1201,H2_30,0,0.00018599275790620595,0.0002288424439029768,0.000282692548353225,0.0002547264739405364,0.0007609204039908946,0.0014259801246225834,0.34330713748931885,0.00015386799350380898,2.837214278999797e-06,0.0014975247524752473,0.003676219058753263,3.2492989928691415e-05,0.030414684243212687
65761,1201,H2_30,0,0.028743289411067963,0.011520257219672203,0.025274598971009254,0.026601171121001244,0.06480509787797928,0.014324798248708248,0.34330713748931885,0.03070009872317314,0.5453884521427775,0.054688983146423925,0.10004480342618982,0.011659103913932772,0.03681730695559387
65763,1201,H2_30,1,0.16543439030647278,0.02423436939716339,0.15755735337734222,0.21789726614952087,0.08979290723800659,0.11160466074943542,0.012090932577848434,0.07727425545454025,2.4230570996985862e-05,0.13784277138421375,0.1247534549084725,0.03217915268378182,0.05856188208425902
65766,1201,H2_30,0,0.06895554810762405,0.02884865365922451,0.18906618654727936,0.12695546448230743,0.36930206418037415,0.22707439959049225,0.012090932577848434,0.10751836746931076,0.23754866492391385,0.17994417984747962,0.21687639593945424,0.055789519885166214,0.08025225446661992
65768,1201,H2_30,0,0.006052419543266296,0.01796901971101761,0.008155380375683308,0.010316602885723114,0.06804098933935165,0.0015944844344630837,0.34330713748931885,0.007980815134942532,0.20557373196040085,0.06252453198492325,0.09938856175102227,0.0021407346002603033,0.04244065599135723
65769,1201,H2_30,0,0.03291335701942444,0.006664336659014225,0.02633070759475231,0.027882447466254234,0.008997771888971329,0.03373698145151138,0.34330713748931885,0.010520733892917633,0.5898173296527833,0.1571078905516431,0.11689135563476626,0.0040002784881654424,0.04695397339422306
65770,1201,H2_30,0,0.017959464341402054,0.005120142363011837,0.013366518542170525,0.01313568465411663,0.028203442692756653,0.02400829829275608,0.34330713748931885,0.005324621219187975,0.1731955304506019,0.0583583043131508,0.055944687084108,0.0011895366763485485,0.037263444747066395
65771,1201,H2_30,0,0.03530864045023918,0.09450985491275787,0.03325946256518364,0.0321633517742157,0.010395415127277374,0.022261423990130424,0.34330713748931885,0.016580188646912575,0.0018151120163791136,0.26733866807945694,0.1384097433080329,0.011477889501268596,0.08437724952979103
65772,1201,H2_30,0,0.015089974738657475,0.0848909243941307,0.018155982717871666,0.012787027284502983,0.0373871773481369,0.002695083850994706,0.34330713748931885,0.044061388820409775,0.2266321322565028,0.12482930979856152,0.11665470041524033,0.004781913741364633,0.05019789701580424
65773,1201,H2_30,0,0.08841753751039505,0.009908265434205532,0.07790302485227585,0.12801110744476318,0.0711546540260315,0.04095835238695145,0.012090932577848434,0.04254939407110214,0.7836013169506734,0.133838042903278,0.1278921444042061,0.015487983437230107,0.04289116625363066
65774,1201,H2_30,0,0.0031706353183835745,0.01005728542804718,0.003482009517028928,0.002232757629826665,0.004636928904801607,0.0038583644200116396,0.34330713748931885,0.0033255068119615316,0.001321168597336584,0.06646495966406334,0.07069281093768377,0.0010107380648464678,0.042407607744307935
65775,1201,H2_30,0,0.002066451357677579,0.07843852788209915,0.007224650122225285,0.0028274673968553543,0.02354913391172886,0.006172211840748787,0.01033021043986082,0.004013932775706053,0.7422419420445678,0.10975093845296637,0.047259392747192916,0.0005530082456621109,0.0336061640724133
65777,1201,H2_30,0,0.004032523836940527,0.0022576830815523863,0.0032200668938457966,0.006283319089561701,0.007302023936063051,0.005736346356570721,0.007297428324818611,0.001759468694217503,0.4425610016569074,0.015462749005461967,0.02196224263367035,0.0006110861124706666,0.02876518080637534
65778,1201,H2_30,0,0.0013342611491680145,0.02558080106973648,0.0022488750983029604,0.0010628828313201666,0.019970135763287544,0.0011129529448226094,0.01033021043986082,0.001415967708453536,0.013252468242478076,0.02071918780901704,0.03606554383957138,0.0006565706143739997,0.034510710709247085
65779,1201,H2_30,0,0.025100264698266983,0.0066626896150410175,0.01687566749751568,0.015422612428665161,0.10494498908519745,0.03136685863137245,0.0008889815653674304,0.015103878453373909,0.46955370092468623,0.1450122222382584,0.11120269064158517,0.008461433265632663,0.0470899049832481
65780,1201,H2_30,0,0.12468607723712921,0.03751403093338013,0.11814206093549728,0.07900764048099518,0.099663145840168,0.10290806740522385,0.01033021043986082,0.04969821125268936,0.9835105450537684,0.09933695410327477,0.15451910213140904,0.05571508420289593,0.04095359117255898
65783,1201,H2_30,0,0.007727582007646561,0.08708749711513519,0.008309965021908283,0.005065959878265858,0.013132631778717041,0.0064781708642840385,0.01033021043986082,0.011443421244621277,0.9991064546730608,0.10769921152673208,0.1489618186944176,0.003074947074291534,0.04060142639710316
65784,1201,H2_30,0,0.0003717197978403419,0.0020404737442731857,0.0003426687326282263,0.0005723049398511648,0.004109023604542017,0.0007914878078736365,0.01033021043986082,0.0003501236787997186,0.0027958350623616414,0.00278475668665052,0.008637876620910787,0.0001737026022405763,0.030887757003011596
65785,1201,H2_30,0,0.0076601384207606316,0.0017101754201576114,0.012828354723751545,0.005606271326541901,0.017054539173841476,0.012195276096463203,0.01033021043986082,0.004724818281829357,0.0016415200340890565,0.026819400153478626,0.04532625973275658,0.002123947171175687,0.03604926118365668
65787,1201,H2_30,0,0.0005440234672278166,0.06139878183603287,0.00035385970841161907,0.0007171657052822411,0.03437323123216629,0.00021499881404452026,0.01033021043986082,0.00041781950858421624,0.29179907557013174,0.10160039049883489,0.08271233977149522,0.00043446809187873235,0.042312359771225966
65788,1201,H2_30,0,0.012083581648766994,0.011340961791574955,0.015088372863829136,0.011657091788947582,0.03780679777264595,0.015705140307545662,0.01033021043986082,0.02689713053405285,0.013521214028264483,0.024487601457252775,0.05782774759802405,0.012417071874655492,0.036929010812748485
65789,1201,H2_30,0,0.001371032907627523,0.10081958770751953,0.0007585894782096148,0.0017522756243124604,0.0028387573547661304,0.001841857098042965,0.007297428324818611,0.0012159066973254085,0.6791163226332112,0.05475880050266781,0.05593890076372105,0.0005076414289535257,0.031608860223367195
41326,1202,H1_15,1,0.012446346692740917,0.08944029361009598,0.010673345997929573,0.007624384481459856,0.022418251261115074,0.013215680606663227,0.41067034006118774,0.010972019284963608,0.16767034371894415,0.08137943630209712,0.059317334657148606,0.0058572510094722155,0.03949022284380472
41327,1202,H1_15,0,0.00873548537492752,0.009294570423662663,0.006338560953736305,0.0048036095686256886,0.01140675600618124,0.007664326578378677,0.41067034006118774,0.006105493754148483,0.09979482806477577,0.05558941234950275,0.04052204144366891,0.0005851995919575387,0.0363141285616252
41328,1202,H1_15,0,0.18140169978141785,0.13341769576072693,0.19810350239276886,0.23732152581214905,0.1344575434923172,0.06565406173467636,0.41067034006118774,0.11087517440319061,0.3908502603662107,0.30533461175907034,0.2822447743046942,0.07541820778112548,0.12726569296359289
41329,1202,H1_15,0,0.045577771961688995,0.506465494632721,0.03671272099018097,0.04415043815970421,0.23790223896503448,0.0550827831029892,0.41067034006118774,0.10285603255033493,0.5152110479466305,0.18961534505358787,0.13651295300900515,0.023847563337115858,0.05358384823285047
41330,1202,H1_15,0,0.05498094856739044,0.4579801857471466,0.06121063604950905,0.057976968586444855,0.05349258705973625,0.020345354452729225,0.41067034006118774,0.054682232439517975,0.01947453308310377,0.21459471694426252,0.19530673870005136,0.05675758940266617,0.09164255096420422
41331,1202,H1_15,0,0.08325790613889694,0.06226254627108574,0.10709784179925919,0.06305744498968124,0.052435990422964096,0.08317479491233826,0.41067034006118774,0.03305240347981453,0.23550340803841502,0.27824706122963516,0.2557150104650392,0.019474202592225414,0.12045068237632488
41332,1202,H1_15,0,0.09971093386411667,0.015246652998030186,0.10423694550991058,0.07827430963516235,0.1714046150445938,0.1590070277452469,0.41067034006118774,0.08406326174736023,0.7301770931558186,0.10676960430780433,0.18404193829944818,0.016767955857565423,0.04845547844270696
41333,1202,H1_15,0,0.001391834462992847,0.0013170300517231226,0.0011133314110338688,0.0011890358291566372,0.000655374547932297,0.0019410323584452271,0.41067034006118774,0.0004075299948453903,0.00024109510565823754,0.0,0.0,0.00012394445847227535,0.03001535519463581
41335,1202,H1_15,0,0.000966791994869709,0.08512433618307114,0.0008679978782311082,0.0010491053108125925,0.010108716785907745,0.00040891693788580596,0.41067034006118774,0.0012886334443464875,0.0697614423625028,0.052993685371403906,0.0546953047498671,0.00030236162578803246,0.03818208502847923
41338,1202,H1_15,0,0.020483072847127914,0.02897225134074688,0.01617603190243244,0.018724804744124413,0.06678538024425507,0.017290029674768448,0.41067034006118774,0.012856962159276009,0.5457478258055682,0.30793175599157413,0.2224082258018313,0.00857697301475714,0.09600902175085997
41339,1202,H1_15,0,0.00249670771881938,0.11863645166158676,0.0018443685257807374,0.0015910827787593007,0.00211765943095088,0.0020765727385878563,0.41067034006118774,0.0013768800999969244,0.003782275267052891,0.0633420183210598,0.0269574280297158,0.0005485085502729622,0.03672049628931471
41341,1202,H1_15,0,0.005289880558848381,0.0013170300517231226,0.005277176853269339,0.005132533144205809,0.0016434493009001017,0.01583476923406124,0.3997904062271118,0.0007308089989237487,0.0008065928399487614,0.0,0.003562133622647621,0.000160467167371688,0.030304192030583644
41342,1202,H1_15,0,0.004187677055597305,0.009647437371313572,0.005428734701126814,0.0038586186710745096,0.018281780183315277,0.009968998841941357,0.3997904062271118,0.003098064800724387,0.034934735680984624,0.018507559152025996,0.024449622928805634,0.00020947675076300032,0.03293875447866704
41343,1202,H1_15,0,0.0009389821207150817,0.004847407806664705,0.0006465134210884571,0.0009008186752907932,0.001689072698354721,0.0019637548830360174,0.3997904062271118,0.00045015118666924536,0.00013477941597773847,0.04580772467303822,0.033237236158391706,0.00014856847785236525,0.03617294606211966
41344,1202,H1_15,0,0.01177726499736309,0.20297935605049133,0.007828445173799992,0.0051435381174087524,0.04579427093267441,0.021261297166347504,0.3997904062271118,0.010213074274361134,0.17634616682010712,0.0956666038059428,0.08964235646292518,0.003072092345590184,0.0445745723433425
41345,1202,H1_15,0,0.14286532998085022,0.2596498727798462,0.11672887951135635,0.15794594585895538,0.09402486681938171,0.17830419540405273,0.3997904062271118,0.10736258327960968,0.5618896121767162,0.48344514955419904,0.2880474159456411,0.1500579645840981,0.17577371360156221
41346,1202,H1_15,1,0.01710234209895134,0.3692038357257843,0.02044738084077835,0.013439611531794071,0.05096343904733658,0.03546910732984543,0.3997904062271118,0.029497504234313965,0.9636409393514528,0.3246085615428681,0.22002921543656567,0.018801566414861585,0.08001802838756361
41348,1202,H1_15,0,0.01757454313337803,0.2306620329618454,0.011211463250219822,0.03297656401991844,0.030481604859232903,0.03434767574071884,0.3997904062271118,0.027774251997470856,0.16043067695811553,0.22021215120143475,0.16946211493006227,0.008839932265289757,0.07814937976786289
41349,1202,H1_15,0,0.037000976502895355,0.1871352195739746,0.09180157631635666,0.1714821755886078,0.11203610897064209,0.08806881308555603,0.3997904062271118,0.09358026087284088,0.5816236954536312,0.2949960550504442,0.28655393920765665,0.04991690272559296,0.1143789389694047
41353,1202,H1_15,0,0.02007470093667507,0.14138083159923553,0.03123518079519272,0.021767163649201393,0.3007739186286926,0.032571032643318176,0.3997904062271118,0.04900847002863884,0.0937506036624535,0.11310005903751924,0.12905094654839852,0.03112963703434875,0.05439086521092473
41355,1202,H1_15,0,0.013546918518841267,0.008282906375825405,0.007503862958401442,0.017761005088686943,0.05449754744768143,0.05362739413976669,0.3997904062271118,0.004347117617726326,0.024867943364967428,0.0790614011077769,0.1382449399476865,0.001809113736421427,0.054446083718649146
41356,1202,H1_15,0,0.010132401250302792,0.2245831936597824,0.012849562801420689,0.01838974840939045,0.13196079432964325,0.03237010911107063,0.3997904062271118,0.05502592399716377,0.6282417843082544,0.19678326186386605,0.15048171743522573,0.03464614086959094,0.05540490098992965
41326,1202,H1_30,1,0.0017820963403210044,0.04797307029366493,0.0019335956312716007,0.0016312864609062672,0.002010292373597622,0.002760575618594885,0.3747262954711914,0.0011361321667209268,0.04757224422863139,0.04381959396030423,0.034595634919431933,0.00025836254999473014,0.035556299042401526
41327,1202,H1_30,0,0.002777733374387026,0.0022848567459732294,0.00328989140689373,0.002222423441708088,0.0025131579022854567,0.0023705200292170048,0.3747262954711914,0.0025037203449755907,0.0049800491638052734,0.04194075672483726,0.028876317791967903,0.0007912695332244568,0.03534485217959957
41328,1202,H1_30,0,0.0034093132708221674,0.014697466045618057,0.0019159631337970495,0.005739360582083464,0.009762892499566078,0.0008815653854981065,0.3747262954711914,0.0033974386751651764,0.04815845843334678,0.10161044799778014,0.05094714416553955,0.0011361223105267669,0.04203881033129753
41329,1202,H1_30,0,0.003796222386881709,0.20143121480941772,0.005173590499907732,0.003277083858847618,0.010377045720815659,0.011749444529414177,0.3747262954711914,0.0030547103378921747,0.01686483190478777,0.08161168537536467,0.046972757476609936,0.00035118197039439374,0.040315900376730295
41330,1202,H1_30,0,0.023161547258496284,0.09713208675384521,0.02695375494658947,0.03410075604915619,0.06617520749568939,0.021135710179805756,0.3747262954711914,0.019786514341831207,0.028557094343743105,0.14712353827880398,0.11850955696927948,0.027334974059585262,0.05880193724145494
41331,1202,H1_30,0,0.07914184033870697,0.06826596707105637,0.03679920360445976,0.058095209300518036,0.4151878356933594,0.020375777035951614,0.3747262954711914,0.05875502526760101,0.8173735353538455,0.2830099245435217,0.2678264754908937,0.07399201859407069,0.09297748259041842
41332,1202,H1_30,0,0.0044906712137162685,0.016586627811193466,0.008710223250091076,0.006471468135714531,0.0013617915101349354,0.05438904091715813,0.3747262954711914,0.0026500443927943707,0.12768189290554788,0.023218562867095834,0.03885727718461597,0.0016173324293162806,0.03360547636803192
41333,1202,H1_30,0,0.0009834353113546968,0.0013170300517231226,0.0007161784451454878,0.0012197362957522273,0.000792939099483192,0.001448464230634272,0.3747262954711914,0.00039599870797246695,6.0361125031466483e-05,0.0,0.0,9.204127070132643e-05,0.030016899041023466
41335,1202,H1_30,0,0.0013579049846157432,0.053328558802604675,0.000849908625241369,0.0006573231075890362,0.0023080550599843264,0.005254276096820831,0.3747262954711914,0.00041825350490398705,0.0005011753852670894,0.02518312368840465,0.010779271216541788,9.843995368428031e-05,0.03249389882053182
41338,1202,H1_30,0,0.004104939755052328,0.07176465541124344,0.011142122559249401,0.003523831954225898,0.007992817088961601,0.005964531097561121,0.3747262954711914,0.007495851721614599,0.11371624979200536,0.09953074057258245,0.08760137979438627,0.005827811418130054,0.04587460229322521
41339,1202,H1_30,0,0.009686070494353771,0.11119610071182251,0.008506049402058125,0.005121009889990091,0.10086993128061295,0.008176041767001152,0.3747262954711914,0.004265831783413887,0.058580595407134485,0.12672640893907614,0.07489200096269003,0.0013886070826629267,0.04770052064326794
41341,1202,H1_30,0,0.00032315816497430205,0.0024762931279838085,0.0002985037863254547,0.0004543009854387492,0.0010930830612778664,0.0006653433083556592,0.3504418730735779,0.0002670121903065592,0.0010546692791829418,0.0014975247524752476,0.004182328009296057,5.9628959319104595e-05,0.030446346499895364
41342,1202,H1_30,0,0.00037422310560941696,0.014061816036701202,0.00043260917300358415,0.0005640918388962746,0.0024566908832639456,0.0015384986763820052,0.3504418730735779,0.0006787471938878298,0.016468261392514474,0.00743743137393672,0.007668137833248104,0.00013637696594098468,0.030943911553375714
41343,1202,H1_30,0,0.003959645517170429,0.03609166294336319,0.002984018996357918,0.0023159808479249477,0.0017777830362319946,0.0012551621766760945,0.3504418730735779,0.0036361594684422016,0.0007503361773957144,0.033513880245884836,0.032812726116723104,0.0008576032818511243,0.0352008524308258
41344,1202,H1_30,0,0.0009650514111854136,0.04821062460541725,0.001424224697984755,0.001267070067115128,0.0021900117862969637,0.005727109499275684,0.3504418730735779,0.0020673314575105906,0.005577950446562517,0.026011022672636372,0.04894594032587137,0.0003977559116972084,0.03635387924682085
41345,1202,H1_30,0,0.002243607770651579,0.27183032035827637,0.0019524639938026667,0.0013822168111801147,0.004377312958240509,0.0014913021586835384,0.3504418730735779,0.0007716130930930376,0.04474853776492994,0.16087996524238088,0.07617406886378936,0.0002059102472765899,0.051919582986620666
41346,1202,H1_30,1,0.13717429339885712,0.27536535263061523,0.19675765931606293,0.08097273856401443,0.10578174889087677,0.09737340360879898,0.3504418730735779,0.08306862413883209,0.6422136784210682,0.29437296868004237,0.21257681619716745,0.0815025966825224,0.08417305744267743
41348,1202,H1_30,0,0.025073569267988205,0.14646264910697937,0.025978554040193558,0.018668157979846,0.021308567374944687,0.022774767130613327,0.3504418730735779,0.007448114920407534,0.02063133896004532,0.08201640720977314,0.028018128868696326,0.0029444214295609758,0.03796850296361042
41349,1202,H1_30,0,0.013308869674801826,0.2872938811779022,0.009486806578934193,0.012075512669980526,0.07343483716249466,0.03297596424818039,0.3504418730735779,0.014633315615355968,0.04290650238929824,0.16051907824687608,0.17563141713979855,0.006270669747019212,0.07459096463757527
41353,1202,H1_30,0,0.005010070279240608,0.1274494230747223,0.005937665235251188,0.003349052742123604,0.06375541538000107,0.0021598334424197674,0.3504418730735779,0.010295698419213295,0.1524964490705566,0.15077861387348734,0.12843001063993523,0.005937825711253385,0.057924087958277005
41355,1202,H1_30,0,0.003265008796006441,0.01774705946445465,0.0020821949001401663,0.004378447774797678,0.016772093251347542,0.004538250621408224,0.3504418730735779,0.004064010921865702,0.00786024095664451,0.01408193825827599,0.04064965675360823,0.0020090881705470028,0.03456860074767918
41356,1202,H1_30,0,0.012177056632936,0.11778056621551514,0.012133902870118618,0.008534927852451801,0.009703907184302807,0.05550626292824745,0.3504418730735779,0.01206755731254816,0.03202990348697047,0.12431807440342514,0.08871585939083053,0.002998327748969703,0.05018615598993276
41326,1202,H1_45,1,0.00015298875223379582,0.030797060579061508,0.00023476395290344954,0.0001851480483310297,0.0005321227945387363,0.0005378804635256529,0.3522407114505768,0.0005461059627123177,0.0012533389092048788,0.0167198908870819,0.011758117455822946,0.00022557534647807103,0.03203819085960036
41327,1202,H1_45,0,0.005745341535657644,0.007013724185526371,0.003971267957240343,0.003870745887979865,0.013451166450977325,0.0006250047008506954,0.3522407114505768,0.003549320390447974,0.07285236902642607,0.020451798010072342,0.023994116188614956,0.0008498847481838184,0.03260594875704555
41328,1202,H1_45,0,0.031928304582834244,0.07479932904243469,0.01682279258966446,0.04997429624199867,0.16077378392219543,0.010102681815624237,0.3522407114505768,0.0784306600689888,0.43013475865787626,0.18313402136393211,0.16256206190687214,0.02095777018267685,0.060398208359251304
41329,1202,H1_45,0,0.006184557918459177,0.17140473425388336,0.006201494485139847,0.012765297666192055,0.007247840985655785,0.003961289767175913,0.3522407114505768,0.022956622764468193,0.05759105253729482,0.0721921988356826,0.034732048680757785,0.01257872831521509,0.03736943117134785
41330,1202,H1_45,0,0.009815125726163387,0.013216459192335606,0.005276631563901901,0.006563941482454538,0.09959889948368073,0.0028055883012712,0.3522407114505768,0.00719652371481061,0.19555204070687815,0.11778088967263099,0.08557492334364204,0.0008282013824983562,0.04574701274245232
41331,1202,H1_45,0,0.015245885588228703,0.014180749654769897,0.0148006621748209,0.011009536683559418,0.019557220861315727,0.0045656803995370865,0.3522407114505768,0.004821354523301125,0.6367477683792987,0.16049085052749215,0.12786577449722383,0.0021691402170961444,0.048125408183433555
41332,1202,H1_45,0,0.06849212199449539,0.0041045695543289185,0.065336674451828,0.06756804883480072,0.14632587134838104,0.01952446438372135,0.3522407114505768,0.03465476632118225,0.09094152982942796,0.0498697427171233,0.09243350318700462,0.006516683360116733,0.04196740553420475
41333,1202,H1_45,0,0.0006825171294622123,0.0013170300517231226,0.0005343222292140126,0.0008678890881128609,0.0006876538973301649,0.001109978766180575,0.3522407114505768,0.0004204565193504095,0.00010160114026358953,0.0,0.0,9.856035045748578e-05,0.03001631895563876
41335,1202,H1_45,0,0.0005824604886583984,0.03520304709672928,0.0006401665741577744,0.0005932202911935747,0.025228949263691902,0.0004827121156267822,0.3522407114505768,0.001067180186510086,0.01413760688458071,0.02873490994379024,0.01843846944118088,0.0002893206001436631,0.03329198508188396
41338,1202,H1_45,0,0.002423025667667389,0.09556668996810913,0.002073215553537011,0.002881687832996249,0.008165719918906689,0.0010649986797943711,0.3522407114505768,0.0023314552381634712,0.13249786603169228,0.11086876319595936,0.06262396248714279,0.0012892889393662098,0.043039489985389916
41339,1202,H1_45,0,0.007139924913644791,0.5435625314712524,0.007206996437162161,0.0045411232858896255,0.05585194751620293,0.01258784718811512,0.3522407114505768,0.004213622771203518,0.018456467882696514,0.10041708540980675,0.056074609265704935,0.004614933478321734,0.043156593781118135
41341,1202,H1_45,0,0.00013513701560441405,0.0006126118241809309,0.00012153284478699788,0.00018070664373226464,0.0005826711421832442,0.00044754805276170373,0.3345654606819153,0.0001235911186086014,1.0478750572249147e-05,0.0,0.0,2.0673066013954282e-05,0.030019490642343827
41342,1202,H1_45,0,0.00629333034157753,0.02854590117931366,0.004307623952627182,0.005711780861020088,0.02256525680422783,0.004881253466010094,0.3345654606819153,0.004066939931362867,0.005378391217785805,0.04554586980579348,0.01274497488159154,0.0009022135398154006,0.03393013650710907
41343,1202,H1_45,0,0.0003190386632923037,0.002856858540326357,0.00027400965336710215,0.00026595196686685085,0.0031396837439388037,0.0022833039984107018,0.3345654606819153,0.0001948854187503457,0.0001877288616712698,0.01478021111155872,0.022525827880643303,0.00020951844503052218,0.03293411539526689
41344,1202,H1_45,0,0.0005462014814838767,0.08994514495134354,0.0007201544940471649,0.0006097868899814785,0.001251571113243699,0.0011352465953677893,0.3345654606819153,0.000965660554356873,0.002264271150488798,0.01768383161628174,0.02181731658018871,0.0005776453672735765,0.033027739140218206
41345,1202,H1_45,0,0.00615924084559083,0.2609696686267853,0.0041493200697004795,0.005139406304806471,0.0639522448182106,0.0075490414164960384,0.3345654606819153,0.008970401249825954,0.029904796550306416,0.19511797766383138,0.1294129926320854,0.0010641864259122045,0.06817650394272448
41346,1202,H1_45,1,0.016617821529507637,0.20114697515964508,0.02111881785094738,0.014296527951955795,0.026472557336091995,0.020031003281474113,0.3345654606819153,0.01920774020254612,0.09524950258639442,0.25167988353691767,0.17019594491343198,0.016958454432387807,0.08758023712938286
41348,1202,H1_45,0,0.08757343888282776,0.5619416832923889,0.06953856348991394,0.04694610834121704,0.22341065108776093,0.26288607716560364,0.3345654606819153,0.060126252472400665,0.03341128757010757,0.20022845538308073,0.15738296914361072,0.03155404483177317,0.07547719477009307
41349,1202,H1_45,0,0.004701512865722179,0.07829006761312485,0.0036171164829283953,0.005116793792694807,0.005530528724193573,0.01326162088662386,0.3345654606819153,0.007445955183357,0.08893622036630028,0.1155481206549689,0.10759471533001722,0.0036160676480934016,0.051329000796939535
41353,1202,H1_45,0,0.004737023264169693,0.15338881313800812,0.005266571883112192,0.003952761180698872,0.02041713520884514,0.006440442521125078,0.3345654606819153,0.01155029609799385,0.398539966907433,0.1550331149231237,0.09239982083399922,0.0048009651230379955,0.04658866517228851
41355,1202,H1_45,0,0.002510221442207694,0.004389345645904541,0.003668737132102251,0.0018404199508950114,0.09557271003723145,0.0009140042820945382,0.3345654606819153,0.001884090481325984,0.0035356347832250588,0.06328688789510283,0.042861117428857676,0.0013007677786496562,0.03854793185420489
41356,1202,H1_45,0,0.01606358215212822,0.0628693699836731,0.020873429253697395,0.02782190777361393,0.010331843048334122,0.05714043602347374,0.3345654606819153,0.021801702678203583,0.057738032634624604,0.10839913392901418,0.10056001211949984,0.002188827513329459,0.04974767146743487
41325,1202,H2_15,0,0.0021915973629802465,0.005514587741345167,0.0042314971797168255,0.001944380346685648,0.001381260110065341,0.006440766155719757,0.16538172960281372,0.0019219925161451101,0.02529683480985388,0.03921315358587422,0.0636373145812807,0.0008294458278273411,0.03881017004638229
41326,1202,H2_15,1,0.00034299067920073867,0.010522625409066677,0.0006660844082944095,0.0010797271970659494,0.00575178163126111,0.0005603226600214839,0.29419827461242676,0.000514700950589031,0.012067815231889966,0.032231501734882935,0.010079588029173563,0.00011297122113679702,0.03275462621962282
41327,1202,H2_15,0,0.0012072743847966194,0.01625703275203705,0.0005806856206618249,0.0009447774500586092,0.003095269203186035,0.0005128554184921086,0.29419827461242676,0.0005451542092487216,0.001243124965184398,0.010285199351962832,0.008231010871466715,0.00011753780252859223,0.03132117896348931
41328,1202,H2_15,0,0.0007975711487233639,0.07573883980512619,0.0006936854333616793,0.0006960939499549568,0.002448791405186057,0.0006534022395499051,0.29419827461242676,0.00042450526962056756,0.008550290465495183,0.08801841642925509,0.036474182795325466,0.00010832750708012177,0.03969400482254435
41329,1202,H2_15,0,0.0013964329846203327,0.09575886279344559,0.0008449957822449505,0.00412379577755928,0.031966254115104675,0.0010051396675407887,0.29419827461242676,0.0022241822443902493,0.017970667271767556,0.0360769227012133,0.015154101504731527,0.0013791411793289147,0.03341421387416124
41330,1202,H2_15,0,0.0032632763031870127,0.008936441503465176,0.0034419766161590815,0.0040236953645944595,0.029245255514979362,0.004546700976788998,0.29419827461242676,0.003760646330192685,0.011879731528559435,0.08378405052812869,0.07625232155262097,0.0006262928838915321,0.0445985527377159
41333,1202,H2_15,0,0.0005315811140462756,0.0010557888308539987,0.0003097399021498859,0.00045610390952788293,0.0005188044160604477,0.0014402988599613309,0.29419827461242676,0.0003583831712603569,2.440470041046118e-05,0.0,0.002296708413052642,0.00010244177406078683,0.0302088627782917
41335,1202,H2_15,0,0.0003133692662231624,0.006818292196840048,0.00017284277419093996,0.00024336787464562804,7.67116725910455e-05,0.0006929605733603239,0.29419827461242676,0.00010422108607599512,2.7790999213578994e-05,0.012150658631703589,0.00972895386627124,6.050032779871891e-05,0.03158578458059375
41336,1202,H2_15,0,0.07943689078092575,0.010001882910728455,0.02093745768070221,0.06548575311899185,0.019488578662276268,0.13354460895061493,0.16538172960281372,0.012922960333526134,0.1132655112453324,0.12690055646261028,0.14385211078477975,0.007018462278958721,0.05912967156332377
41338,1202,H2_15,0,0.005599355790764093,0.01081772893667221,0.0062152426689863205,0.005955914035439491,0.019829992204904556,0.010980182327330112,0.29419827461242676,0.002195279113948345,0.2809418290379851,0.14557369334026293,0.06544122982875358,0.0005005023976491881,0.04403830534364622
41340,1202,H2_15,0,0.0012356213992461562,0.03723877668380737,0.0016801313031464815,0.001111609977670014,0.002262570196762681,0.0017612919909879565,0.16538172960281372,0.001562295714393258,0.02048381991209475,0.02360215775381503,0.038814799658859055,0.0005675122732653677,0.03490416102820485
41341,1202,H2_15,0,0.0002218096051365137,0.0005790131981484592,0.0001841181656345725,0.0002484768338035792,0.0006221113144420087,0.00033981274464167655,0.14139723777770996,0.00018585112411528826,3.102176710161204e-06,0.0,0.0,4.8958054101656275e-05,0.030019183530502046
41342,1202,H2_15,0,0.0026727518998086452,0.012107227928936481,0.002029449911788106,0.0016419565072283149,0.004961906000971794,0.00814689602702856,0.14139723777770996,0.002589442068710923,0.0031501325158539927,0.01616455697502323,0.006577006987258517,0.0009725528533128707,0.03150255571396026
41343,1202,H2_15,0,0.000729477615095675,0.005517896730452776,0.0014722209889441729,0.0003431126824580133,0.009049002081155777,0.0029228576458990574,0.14139723777770996,0.0007667065947316587,0.00020919364756939382,0.03678505403317801,0.020863074843778702,0.0006160591716114534,0.03423906559975092
41344,1202,H2_15,0,0.00048145922482945025,0.0015273760072886944,0.0004022123757749796,0.0006439013523049653,0.006598245818167925,0.0015186239033937454,0.14139723777770996,0.0004125077975913882,0.0014266400606853912,0.03991757070351418,0.03638615975594504,8.217914136190855e-05,0.03606814896289002
41345,1202,H2_15,0,0.004990214016288519,0.0037354326341301203,0.005725271534174681,0.004615824669599533,0.05855279415845871,0.0011276646982878447,0.14139723777770996,0.007471466902643442,0.012684351882201975,0.044709550727543346,0.07308911057564993,0.00313728355318273,0.040600765234021265
41346,1202,H2_15,0,0.018325652927160263,0.10624638199806213,0.021433064714074135,0.011983383446931839,0.12804929912090302,0.023647863417863846,0.14139723777770996,0.012900936417281628,0.010510056034811121,0.176466965758185,0.1763803991521338,0.0029962543696814867,0.07903657098830096
41348,1202,H2_15,0,0.008749621920287609,0.016517918556928635,0.01700008474290371,0.013084003701806068,0.00406544329598546,0.060398779809474945,0.14139723777770996,0.008923431858420372,0.007330525112485357,0.061214928420187595,0.06108327873436373,0.004812545028024073,0.04052100594881485
41351,1202,H2_15,0,0.017973892390727997,0.27675116062164307,0.016210298985242844,0.024745240807533264,0.034070536494255066,0.08845416456460953,0.114630788564682,0.033539049327373505,0.22464317537575698,0.10421265117399035,0.1677244418123775,0.03711800563548595,0.05798104236613314
41352,1202,H2_15,0,0.0142285767942667,0.20343464612960815,0.0096290223300457,0.016742976382374763,0.01142923254519701,0.02621290273964405,0.114630788564682,0.013133836910128593,0.14389771301523394,0.0870375886277123,0.11089964182353916,0.0075577262596349636,0.04758980709688529
41355,1202,H2_15,0,0.001954574603587389,0.01602516882121563,0.001889027887955308,0.0017960567492991686,0.03385627642273903,0.0034902470652014017,0.14139723777770996,0.004192071501165628,0.010341688698567322,0.029029526334023396,0.0604044234763967,0.0006348283877578813,0.037804776650461225
41356,1202,H2_15,0,0.04736361280083656,0.061689577996730804,0.06054099649190903,0.016273224726319313,0.011476805433630943,0.04979497939348221,0.14139723777770996,0.02050003781914711,0.008698577861034078,0.0608193947199307,0.07000102437393015,0.010419441469172348,0.04152622776420566
41325,1202,H2_30,0,0.0015379632823169231,0.005267706699669361,0.0009438408887945116,0.0011726404773071408,0.018057160079479218,0.0023602501023560762,0.0982578918337822,0.0008087592432275414,0.1701892788062569,0.049548122863752396,0.022039878898991894,0.0002207621760957062,0.03327290569795988
41326,1202,H2_30,0,0.0001863760408014059,0.022837024182081223,0.00019796041306108236,0.0002218248409917578,0.0010021562920883298,0.00032946537248790264,0.34330713748931885,0.00010452065180288628,0.005566672940614576,0.020549631456085803,0.009727714136176839,1.088937048470872e-05,0.03205142750521803
41327,1202,H2_30,0,0.00025582610396668315,0.027584891766309738,0.00019212946062907577,0.0001795175194274634,0.000639219768345356,0.000618870893958956,0.34330713748931885,0.00021958939032629132,0.006706839070982712,0.0030610781392736786,0.0012095200936402652,2.6839641271113097e-05,0.030233982418069422
41328,1202,H2_30,0,0.0007829525857232511,0.004162965342402458,0.0005020911921747029,0.0010495566530153155,0.00233155838213861,0.0007598298834636807,0.34330713748931885,0.0005476562073454261,0.10571852685359064,0.08754880242678406,0.045917099484654916,0.000279192719408446,0.03936157677137921
41330,1202,H2_30,0,0.0023198106791824102,0.05181124061346054,0.0019613357726484537,0.00189705821685493,0.012686069123446941,0.002134343609213829,0.34330713748931885,0.00313810957595706,0.013824261413268849,0.08393315286357206,0.056650940382015395,0.0018967249912772547,0.041838287014264036
41333,1202,H2_30,0,0.00038484748802147806,0.0010557888308539987,0.0002533526567276567,0.00042434927308931947,0.0006875984836369753,0.0016623392002657056,0.34330713748931885,0.00033151934621855617,1.604759197850012e-05,0.0,0.0,6.839021497911437e-05,0.030017760028018658
41335,1202,H2_30,0,0.00036502405419014394,0.003155363257974386,0.00020613706146832556,0.0004921307554468513,0.0031741054262965918,0.0008002467802725732,0.34330713748931885,0.00014355960593093187,0.00021257517447397452,0.008901620682822176,0.004720340348786404,3.706985955390326e-05,0.0309441949370579
41336,1202,H2_30,0,0.01889604702591896,0.01756332628428936,0.0060002501122653484,0.013584520667791367,0.0037419775035232306,0.019334251061081886,0.0982578918337822,0.004002771340310574,0.16504378663105881,0.04588547377028805,0.06083703623628328,0.0014362288992381222,0.037002722038097534
41337,1202,H2_30,0,0.01007230393588543,0.01315771508961916,0.013391034677624702,0.02002478390932083,0.23698514699935913,0.009401928633451462,0.007057002279907465,0.01717420481145382,0.0035833533630290934,0.15925542295333167,0.16266218063769777,0.005716065477158046,0.07213640171013751
41338,1202,H2_30,0,0.016759619116783142,0.0036886236630380154,0.007267761509865522,0.022949233651161194,0.0273366067558527,0.005727261770516634,0.34330713748931885,0.010926499962806702,0.24214908349269887,0.10544102820412966,0.08587933280959736,0.008630379043953465,0.04383232802310155
41340,1202,H2_30,0,0.0018606111407279968,0.02575739473104477,0.0025378279387950897,0.0032240147702395916,0.013451773673295975,0.0020625735633075237,0.0982578918337822,0.003495254088193178,0.03229521828368478,0.046605121800570234,0.03406925831313071,0.0013276654311364744,0.03587631972837976
41341,1202,H2_30,0,0.00021058307902421802,0.0014474804047495127,0.00014714931603521109,0.00023641313600819558,0.0005230488022789359,0.0004384324129205197,0.1355990320444107,0.00010214252688456327,4.556371969269512e-05,0.0,0.0008774062816616008,1.6368237646483197e-05,0.03009212926422047
41342,1202,H2_30,0,0.00103486399166286,0.011232643388211727,0.00039638395537622273,0.0010748181957751513,0.0011196646373718977,0.0050763413310050964,0.1355990320444107,0.0006742849946022034,0.0008297332693710185,0.019393954699249462,0.014240391622617365,0.00029152363152563167,0.0324402317889965
41343,1202,H2_30,0,0.00027226749807596207,0.007782299071550369,0.00033290594001300633,0.000726797035895288,0.0021421012934297323,0.0007358312141150236,0.1355990320444107,0.0007309643551707268,0.0010723769902614164,0.041909348893608485,0.03945795290257936,0.0001978533775328941,0.036554894109315096
41344,1202,H2_30,0,0.001969315577298403,0.0009866557084023952,0.0023825285024940968,0.002665754873305559,0.017684129998087883,0.0018269269494339824,0.1355990320444107,0.0015969215892255306,0.025288126393452112,0.02510036444108,0.041517670091147096,0.000520117637818777,0.035232272574793055
41346,1202,H2_30,0,0.012382052838802338,0.05184018239378929,0.017905432730913162,0.008771692402660847,0.047024909406900406,0.01775340363383293,0.1355990320444107,0.019544217735528946,0.014730851911040843,0.1771566756063658,0.156452885883181,0.021420467675602906,0.07301135758931336
41347,1202,H2_30,0,0.03137393668293953,0.06302084773778915,0.03714260831475258,0.03408190608024597,0.19753237068653107,0.09321080893278122,0.04211766645312309,0.024339264258742332,0.18284546506698496,0.1712367437230773,0.1836665669964071,0.006441342587095174,0.0729850325885867
41351,1202,H2_30,0,0.06238578259944916,0.03333768621087074,0.04190802946686745,0.06077009066939354,0.018511071801185608,0.06335286051034927,0.008853708393871784,0.021473942324519157,0.21640340732999208,0.09902141145694968,0.14579612492054222,0.01240563028942451,0.05322341447384935
41352,1202,H2_30,0,0.008322284556925297,0.31171461939811707,0.005036522168666124,0.005986674688756466,0.05934133008122444,0.006585140712559223,0.008853708393871784,0.008916202001273632,0.2043540213903256,0.11672089887505589,0.15237652453804018,0.006734114138502042,0.05715751792304188
41354,1202,H2_30,0,0.053011924028396606,0.21813605725765228,0.054049357771873474,0.06365516781806946,0.03645239770412445,0.13563165068626404,0.04211766645312309,0.09813974052667618,0.14651813960325982,0.1365840263911598,0.1672339127878143,0.027191749148278536,0.06304430543557352
41355,1202,H2_30,0,0.00047011428978294134,0.0010855280561372638,0.0004766528436448425,0.00037216764758341014,0.0038328715600073338,0.0004535824409686029,0.1355990320444107,0.0003481358289718628,0.013302158864423616,0.04974993828525912,0.03359843095696796,3.095254693175259e-05,0.036328483748174455
41356,1202,H2_30,0,0.005962812341749668,0.03431512415409088,0.011920507065951824,0.004396652802824974,0.0012820209376513958,0.0201463270932436,0.1355990320444107,0.0037839277647435665,0.010245699006230157,0.0493310343164352,0.049763387119418794,0.0009330938046569336,0.038143198575706506
41415,1204,H1_15,0,0.00012467725900933146,0.0019306835019961,0.0001445634989067912,0.00016297554248012602,0.012516611255705357,8.874550985638052e-05,0.23158062994480133,0.0002487126621417701,0.0018500311740480677,0.008713625142032338,0.011892107436310242,5.390378083097364e-05,0.034974653032083886
41416,1204,H1_15,0,0.005222019739449024,0.03732307627797127,0.010019496083259583,0.00946612749248743,0.021126607432961464,0.025291074067354202,0.23158062994480133,0.009671536274254322,0.024590743084691884,0.05035654079780707,0.08559014591880959,0.0038115603373054343,0.045547020586864405
41417,1204,H1_15,0,0.285379022359848,0.02263592928647995,0.3765997886657715,0.29799002408981323,0.19367970526218414,0.5381450057029724,0.23158062994480133,0.29302844405174255,0.4928005359918857,0.14600662121207791,0.22276628297694548,0.11874051585392585,0.07981042285209632
41419,1204,H1_15,0,0.013675693422555923,0.3985317647457123,0.017549270763993263,0.012242492288351059,0.05716836452484131,0.012329071760177612,0.23158062994480133,0.016062280163168907,0.2901295529607821,0.1404929618596718,0.11269440991167477,0.006616107510856522,0.05646736119499287
41421,1204,H1_15,1,0.010919014923274517,0.5985239744186401,0.008598885498940945,0.011295659467577934,0.01762733794748783,0.0228805523365736,0.23158062994480133,0.0024707161355763674,0.39156685079938025,0.17687034683670447,0.14999850292682998,0.0005975215974468741,0.06504906510426627
41423,1204,H1_15,0,0.0007131826714612544,0.082415372133255,0.0012063294416293502,0.001250098692253232,0.002467635553330183,0.0012960061430931091,0.23158062994480133,0.005057821050286293,0.04725064753426746,0.09863911391502558,0.06423908889119354,0.0010562188035752593,0.04841952381866824
41424,1204,H1_15,0,0.004779498092830181,0.3662581741809845,0.008301029913127422,0.006187950260937214,0.037180762737989426,0.006956390105187893,0.23158062994480133,0.009836210869252682,0.06624917481621255,0.05197679630404136,0.10388852456700072,0.0016108477168845147,0.047064304801886704
41425,1204,H1_15,0,0.0003113535058218986,0.09891806542873383,0.0003337658999953419,0.0004966238047927618,0.005917848087847233,0.0011633381946012378,0.23158062994480133,0.0013021760387346148,0.02964520512142295,0.01938912603524257,0.029010191568804255,0.0006059590309310616,0.0370166858850361
41427,1204,H1_15,0,0.022181415930390358,0.051437489688396454,0.04263901337981224,0.03598731756210327,0.18819208443164825,0.18268823623657227,0.23158062994480133,0.040213294327259064,0.609027665018231,0.10314974463273428,0.11732045130689937,0.0023697880830265724,0.048456664959857065
41428,1204,H1_15,0,0.0013754140818491578,0.05192508175969124,0.0024162440095096827,0.0014222824247553945,0.007541240192949772,0.009976286441087723,0.23158062994480133,0.005377508699893951,0.04978294645994513,0.06684240960630844,0.08564866547480372,0.0026342729270664392,0.04696259176575047
41430,1204,H1_15,0,0.00493460800498724,0.04357674717903137,0.0038310897070914507,0.005610709078609943,0.010325077921152115,0.03551086038351059,0.23158062994480133,0.003593899542465806,0.05274001411177066,0.045215252486427986,0.09376132637063014,0.0011496843977780774,0.04529563608094502
41431,1204,H1_15,0,0.010023507289588451,0.006077729631215334,0.005040720105171204,0.008607784286141396,0.02833598293364048,0.006883477792143822,0.6014204621315002,0.004421901423484087,0.0014488812014163354,0.06297243873172785,0.07704200271016838,0.0013352467384543498,0.04622593759183472
41432,1204,H1_15,0,0.026790166273713112,0.049510471522808075,0.033955466002225876,0.01731899380683899,0.0640249103307724,0.00346898240968585,0.6014204621315002,0.04970495030283928,0.42635851841475153,0.10969630478741976,0.07545755619892766,0.029166352304756914,0.04739428833202672
41433,1204,H1_15,0,0.07610824704170227,0.061303168535232544,0.05254843831062317,0.0715159922838211,0.16529637575149536,0.03701035678386688,0.6014204621315002,0.06795383989810944,0.42540511429412825,0.22499380652508008,0.19349599107923268,0.013859373640240426,0.08258408616852304
41434,1204,H1_15,0,0.004622678738087416,0.1316947638988495,0.0047427997924387455,0.00757189653813839,0.023851431906223297,0.0026399109046906233,0.6014204621315002,0.007419472560286522,0.26151684241766904,0.05478350376976962,0.06160311888447247,0.0011140178517834837,0.04082041566362666
41435,1204,H1_15,0,0.4474451541900635,0.06492039561271667,0.3741200566291809,0.5356152653694153,0.04082369804382324,0.45343199372291565,0.6014204621315002,0.282685786485672,0.8189630762994082,0.17739829984254613,0.21477256212585574,0.26088013381177005,0.07895945334074783
41436,1204,H1_15,1,0.02930871769785881,0.049905333667993546,0.04231446608901024,0.028153926134109497,0.03659619390964508,0.007483328692615032,0.6014204621315002,0.04465610533952713,0.7235344847795583,0.2107037781789064,0.08569440351587003,0.025497872519746865,0.05852011451746065
41438,1204,H1_15,0,0.12940223515033722,0.013888213783502579,0.13325335085391998,0.07820788025856018,0.04368411749601364,0.044966164976358414,0.6014204621315002,0.04785967618227005,0.6239771801009789,0.1826253849554787,0.13810610206456592,0.02413391109624165,0.062340419621774945
41440,1204,H1_15,0,0.05888937786221504,0.15767811238765717,0.09534721821546555,0.08549526333808899,0.08774178475141525,0.02644668146967888,0.6014204621315002,0.18111379444599152,0.8019761498415959,0.16023139703299003,0.15127871179958785,0.14758954742433444,0.06242442293536115
41443,1204,H1_15,1,0.1873491406440735,0.057017866522073746,0.40944036841392517,0.14051024615764618,0.26830506324768066,0.41014328598976135,0.6014204621315002,0.1914539784193039,0.9646443894746153,0.2022463580282384,0.2546716409146619,0.09496531465720191,0.08350047035961078
41445,1204,H1_15,0,0.3535431921482086,0.7013977766036987,0.6271671056747437,0.5001251101493835,0.08762500435113907,0.3449511229991913,0.6014204621315002,0.3317187428474426,0.7480690448026821,0.4617705160235558,0.31044214047718716,0.15929783350560386,0.194805135595684
41446,1204,H1_15,0,0.21266232430934906,0.11334457248449326,0.40337255597114563,0.26748159527778625,0.16375669836997986,0.20881089568138123,0.6014204621315002,0.22941742837429047,0.8164186782374001,0.2831339490156258,0.2657723543483751,0.24431482851436112,0.11091487190685939
41415,1204,H1_30,0,0.00041396115557290614,0.0012952503748238087,0.00038872071309015155,0.00048091847565956414,0.014751660637557507,0.00028005766216665506,0.022380618378520012,0.0004867364768870175,0.0001757553826228258,0.03230657900272093,0.030560666803704502,0.00013027320755659109,0.03862509029204661
41416,1204,H1_30,0,0.00021187080710660666,0.022852551192045212,0.00037219052319414914,0.00020105151634197682,0.007506960071623325,0.0010434520663693547,0.022380618378520012,0.0006056876736693084,0.0003074074096487489,0.05729162780046096,0.04430771543879065,0.00012854348836353985,0.04231299524186657
41417,1204,H1_30,0,0.012458227574825287,0.10153601318597794,0.017082924023270607,0.009616384282708168,0.06489388644695282,0.24241280555725098,0.022380618378520012,0.033256031572818756,0.37820326713198493,0.09153358073445221,0.10232098453455697,0.005137016190246468,0.048111971947143804
41419,1204,H1_30,0,0.00433718366548419,0.02506875805556774,0.005560852121561766,0.0032190291676670313,0.008011845871806145,0.007675268221646547,0.022380618378520012,0.008141087368130684,0.004600549948831041,0.13696854448319093,0.10822357155471528,0.005558176595342441,0.059393267502812645
41421,1204,H1_30,1,0.03824220225214958,0.44140082597732544,0.020053936168551445,0.02976749651134014,0.05593583732843399,0.07266896963119507,0.022380618378520012,0.030354147776961327,0.5352064763550891,0.1832317106796709,0.18849433628302822,0.018060134199972662,0.07044149486767379
41423,1204,H1_30,0,0.003422298701480031,0.3126456141471863,0.004850555676966906,0.0023176067043095827,0.11888495832681656,0.021967926993966103,0.022380618378520012,0.00578067684546113,0.11602018528599306,0.08243197114657057,0.05397107559311768,0.0008498891211726655,0.044659278259315836
41424,1204,H1_30,0,0.002380519872531295,0.3189135193824768,0.003478789236396551,0.005128806922584772,0.07099736481904984,0.003151710145175457,0.022380618378520012,0.01346204336732626,0.2735074342215826,0.04781079729362828,0.05667957868712929,0.00783726400292617,0.03971390820967477
41425,1204,H1_30,0,0.0006901194574311376,0.010821592062711716,0.0005727256066165864,0.0003081053146161139,0.020955897867679596,0.002011100994423032,0.022380618378520012,0.0006078236037865281,0.0747393205554153,0.02714659650481582,0.037020521405674786,0.0004430724940299927,0.03789495073260843
41427,1204,H1_30,0,0.003237543161958456,0.09398192167282104,0.0035654944367706776,0.004091641400009394,0.14978209137916565,0.030068961903452873,0.022380618378520012,0.004921114072203636,0.3175399062037501,0.07631313520129365,0.11439391723898222,0.0009500186638132655,0.04764153326672418
41428,1204,H1_30,0,0.0011482085101306438,0.08240415900945663,0.0010022335918620229,0.0014910344034433365,0.26688605546951294,0.0014146205503493547,0.022380618378520012,0.003490020055323839,0.02707329468891401,0.04477554235121803,0.05806733040235179,0.001358375996752769,0.04208299177706812
41430,1204,H1_30,0,0.001153098652139306,0.0679422914981842,0.0009215069003403187,0.0010611239122226834,0.02676139958202839,0.010031105019152164,0.022380618378520012,0.000831482233479619,0.0069250226263979945,0.02873257999307711,0.029133289851155066,6.795020897423364e-05,0.038104160026001054
41431,1204,H1_30,0,0.0038489815779030323,0.0032716605346649885,0.0052964831702411175,0.0029315571300685406,0.01012459397315979,0.009631668217480183,0.5850296020507812,0.00292925420217216,0.004474106330280485,0.02971825112375989,0.04905887474424011,0.0012874578304094668,0.04001823199026575
41432,1204,H1_30,0,0.0010158728109672666,0.003173815319314599,0.0005527531029656529,0.0006581176421605051,0.0123966159299016,0.001499539241194725,0.5850296020507812,0.000912130402866751,0.01854635260894134,0.08350622225963374,0.060384412355765096,0.0002161750920484839,0.04651770734927201
41433,1204,H1_30,0,0.04976002871990204,0.2730887234210968,0.04766406491398811,0.030686812475323677,0.09984929114580154,0.1357317715883255,0.5850296020507812,0.04458368197083473,0.3091704038691946,0.1307850465799918,0.14036366885947296,0.05680607009438102,0.05940597008421913
41434,1204,H1_30,0,0.01645468920469284,0.06229991093277931,0.005934452172368765,0.01285478938370943,0.007416245993226767,0.04042799025774002,0.5850296020507812,0.003857856849208474,0.060131987633908854,0.06210469604299733,0.07942686386037695,0.00047703851255122536,0.045607092969763736
41435,1204,H1_30,0,0.5322508811950684,0.05093567818403244,0.4147728681564331,0.5351961255073547,0.5025156736373901,0.5232052206993103,0.5850296020507812,0.3323172926902771,0.8137349711474623,0.20535446262280516,0.21375837424217617,0.20503936966811748,0.08591403817846445
41436,1204,H1_30,1,0.0012453194940462708,0.22869326174259186,0.0011218959698453546,0.0006812607171013951,0.0015093416441231966,0.0016204812563955784,0.5850296020507812,0.0012620835332199931,0.16023662758500828,0.16136747236570143,0.04544678767142564,0.000156906764726336,0.052687088338206796
41438,1204,H1_30,0,0.024134362116456032,0.020697088912129402,0.014632739126682281,0.033617354929447174,0.06153635308146477,0.03468923270702362,0.5850296020507812,0.018717315047979355,0.1171399309330798,0.16555574891186103,0.1390349661503549,0.0025428005779104795,0.0665370806943713
41440,1204,H1_30,0,0.028840402141213417,0.14712104201316833,0.04940176010131836,0.024554742500185966,0.027833059430122375,0.02044161595404148,0.5850296020507812,0.031023472547531128,0.4730836916227589,0.09369909152838189,0.07708303889750108,0.0029116782643200776,0.04458876996324234
41443,1204,H1_30,1,0.030542444437742233,0.01677977666258812,0.032580867409706116,0.03652676194906235,0.03332706168293953,0.028270630165934563,0.5850296020507812,0.037834640592336655,0.3229178563627724,0.15789399446087168,0.18500290360470795,0.05586630946495661,0.06951341879778716
41445,1204,H1_30,0,0.03989807888865471,0.41385820508003235,0.09248630702495575,0.06616600602865219,0.7263143062591553,0.0030680233612656593,0.5850296020507812,0.06847581267356873,0.7141093901224129,0.2768641240934844,0.19890338913752212,0.030227788684179812,0.08963989150049423
41446,1204,H1_30,0,0.2349185049533844,0.1190379336476326,0.4491431415081024,0.30166953802108765,0.21089471876621246,0.08333336561918259,0.5850296020507812,0.3765610158443451,0.815012366011364,0.24067164143290232,0.23062657393051303,0.2398713598656792,0.09932245307632864
41415,1204,H1_45,0,0.000151861910126172,0.0004552045720629394,9.484649490332231e-05,0.00014843950339127332,0.0014665380585938692,0.00020629438222385943,0.016417909413576126,0.00012026484910165891,2.584487703571747e-07,0.021819423292045653,0.013672580191204904,2.5134445484154398e-05,0.0362557366334983
41416,1204,H1_45,0,0.0009869025088846684,0.10469087958335876,0.0007931854925118387,0.0005297937314026058,0.0023077563382685184,0.0024200757034122944,0.016417909413576126,0.0008596571860834956,0.0005549947630757714,0.041441288231977555,0.040639070959690486,0.00014205321553861558,0.040390193660174156
41417,1204,H1_45,0,0.0006323640700429678,0.01736362837255001,0.0018204802181571722,0.0005947607569396496,0.054794590920209885,0.00399273494258523,0.016417909413576126,0.0008786316029727459,0.18593067197232427,0.03289699903977998,0.030524079133738523,0.00013308198423447114,0.03671237599767732
41419,1204,H1_45,0,0.004001908469945192,0.09610754251480103,0.007497189566493034,0.0022472504060715437,0.01065946277230978,0.00892008375376463,0.016417909413576126,0.009167795069515705,0.03081486504400729,0.15726612102981485,0.08559509472185688,0.00492978353818833,0.05906240934261856
41421,1204,H1_45,1,0.006496733985841274,0.5954681634902954,0.004228080622851849,0.005225836299359798,0.0027654499281197786,0.009563431143760681,0.016417909413576126,0.007372145541012287,0.2732704059696882,0.14172619670863015,0.09454212886598215,0.0027506323292150066,0.054420792413934306
41423,1204,H1_45,0,0.001793194212950766,0.594189465045929,0.0025469674728810787,0.0020019742660224438,0.05742167308926582,0.001209800597280264,0.016417909413576126,0.011746499687433243,0.12835948727034271,0.1178056349514848,0.0670031454379816,0.003693552038279309,0.05018023901574615
41424,1204,H1_45,0,0.002813059603795409,0.09445157647132874,0.001079339999705553,0.0018367426237091422,0.06225334852933884,0.005183118861168623,0.016417909413576126,0.004080257378518581,0.059343167907593176,0.0651356467752747,0.0331999218518998,0.0010861390985330733,0.041471496738175066
41425,1204,H1_45,0,0.0006348522729240358,0.00547540420666337,0.00025940718478523195,0.00026032465393655,0.10579485446214676,0.0010720448335632682,0.016417909413576126,0.0004133131296839565,0.048267704543453714,0.036698918678860146,0.027056930641813928,0.00011964404371902641,0.03820635242853282
41427,1204,H1_45,0,0.0008687885128892958,0.0028606606647372246,0.0012159061152487993,0.0012777128722518682,0.009535672143101692,0.0058613247238099575,0.016417909413576126,0.001230456167832017,0.002643676093784779,0.04610246910853435,0.03871783253282656,0.0005218939972684079,0.04065926132445035
41428,1204,H1_45,0,0.0005158163257874548,0.021413132548332214,0.0007163446280173957,0.0006480309530161321,0.006595867685973644,0.0009963740594685078,0.016417909413576126,0.0011824792018160224,0.008667794017698224,0.07899649385783546,0.040102504228136104,0.00026605306569541946,0.04410861664106593
41430,1204,H1_45,0,0.001031469670124352,0.015285194851458073,0.001123448833823204,0.0010612740879878402,0.008726806379854679,0.0027262463700026274,0.016417909413576126,0.0008358198683708906,0.00606502634416507,0.01291307418772069,0.015399720569717652,0.0002037708303789776,0.03557700884608186
41431,1204,H1_45,0,0.0017252217512577772,0.012429840862751007,0.003294072113931179,0.001798324636183679,0.003309441963210702,0.006244031712412834,0.4473505914211273,0.0012555699795484543,0.026121448335724964,0.07886469779632002,0.056421311786690326,0.0010112059062365745,0.0455095143580413
41432,1204,H1_45,0,0.00349280028603971,0.007343406789004803,0.0016809224616736174,0.002195657230913639,0.020895695313811302,0.00017426727572456002,0.4473505914211273,0.002410606015473604,0.17753437195612085,0.08031503687503794,0.06301737769690388,0.0005727248316712598,0.04450716834728884
41433,1204,H1_45,0,0.2211621105670929,0.14603546261787415,0.1952129304409027,0.17055226862430573,0.09136894345283508,0.11888677626848221,0.4473505914211273,0.230707585811615,0.7840729587143446,0.13324946917592156,0.1873458697312131,0.112024910092212,0.06460688326585748
41434,1204,H1_45,0,0.0008180704317055643,0.018019618466496468,0.0005668902886100113,0.0008090328774414957,0.008097922429442406,0.0005122761940583587,0.4473505914211273,0.0018394101643934846,0.48483487129384367,0.0583171144279999,0.03818086831038897,0.00041706404544065897,0.03672785029362196
41435,1204,H1_45,0,0.019737066701054573,0.2008977234363556,0.012310783378779888,0.025049887597560883,0.033082012087106705,0.01253932248800993,0.4473505914211273,0.043772488832473755,0.2228971745607188,0.14580338403593787,0.09291470484236766,0.014617042628199952,0.05653800564087939
41436,1204,H1_45,1,0.00292079895734787,0.036943238228559494,0.002027146052569151,0.0038326620124280453,0.03763273358345032,0.001424542162567377,0.4473505914211273,0.004687445238232613,0.17466701071236426,0.20133949226419373,0.06345919674896036,0.0010040807083662303,0.060554121249916576
41438,1204,H1_45,0,0.2669355869293213,0.227348193526268,0.18440428376197815,0.18909704685211182,0.25746071338653564,0.305073082447052,0.4473505914211273,0.26628953218460083,0.6821352011695571,0.24656192309337238,0.22991181104198366,0.11603939739838853,0.09774618581193706
41440,1204,H1_45,0,0.006830922327935696,0.009293824434280396,0.009090336039662361,0.006839727517217398,0.06557057052850723,0.008783495984971523,0.4473505914211273,0.005201540421694517,0.5631222890493651,0.11113046114334975,0.05462839758593606,0.0012568497654526205,0.04284007867584405
41443,1204,H1_45,1,0.012990540824830532,0.011579440906643867,0.009289802983403206,0.018603745847940445,0.24850258231163025,0.004724827129393816,0.4473505914211273,0.010579369962215424,0.06584028538607463,0.13507637060573716,0.1247631465952963,0.004334548736884245,0.06038773208815742
41445,1204,H1_45,0,0.14129000902175903,0.19880571961402893,0.1706572324037552,0.14485910534858704,0.23484767973423004,0.023631200194358826,0.4473505914211273,0.2515292465686798,0.4607309099043096,0.34054075783759646,0.2107078147458261,0.16599498373432828,0.12383224119057995
41446,1204,H1_45,0,0.019718201830983162,0.1533152312040329,0.006997391581535339,0.0696510449051857,0.05941678583621979,0.010291904211044312,0.4473505914211273,0.009919565171003342,0.503986769328469,0.14116797906504017,0.10485772270510223,0.0010533642119340604,0.05256765750670592
41415,1204,H2_15,0,5.672412953572348e-05,0.0004414689901750535,5.76574748265557e-05,7.006626401562244e-05,0.0016674869693815708,0.0002162574528483674,0.026279311627149582,7.430213736370206e-05,5.501916408925161e-08,0.0041436002475430615,0.0042829306298079114,2.210257868778912e-05,0.03402105189040775
41416,1204,H2_15,0,0.000440697418525815,0.01993621326982975,0.0012437209952622652,0.00046697843936271966,0.00580836646258831,0.005796832963824272,0.026279311627149582,0.0012724718544632196,4.127544467069069e-05,0.034658451957766685,0.019618312101487206,0.00021326228900006016,0.03792179759652182
41417,1204,H2_15,0,0.0011907762382179499,0.013487150892615318,0.0014012648025527596,0.0014694296987727284,0.02634240873157978,0.0023442062083631754,0.026279311627149582,0.0018654995365068316,0.7769528529625243,0.029918301167400508,0.05955571647220995,0.0002660509372705647,0.03320485882957064
41419,1204,H2_15,0,0.0009691404993645847,0.019941018894314766,0.0009347269078716636,0.0008520834380760789,0.0003747848968487233,0.010098219849169254,0.026279311627149582,0.0011332532158121467,0.00927669018603512,0.07564089167735201,0.04607642865284028,0.0002761004029368073,0.04432369967368782
41420,1204,H2_15,0,0.46249598264694214,0.3019963204860687,0.40414565801620483,0.4737524688243866,0.5479649305343628,0.5486697554588318,0.1457362174987793,0.47474992275238037,0.20589733759256493,0.4397465493683699,0.39357424930990126,0.18003579961644392,0.25178721093957307
41421,1204,H2_15,1,0.0018729325383901596,0.03575262054800987,0.002122162375599146,0.00244136992841959,0.025562243536114693,0.006033224519342184,0.026279311627149582,0.004448626656085253,0.0923316951632839,0.08878904110701195,0.07934428982769245,0.002443147003632558,0.04827307198559453
41422,1204,H2_15,0,0.278331995010376,0.025547344237565994,0.3783901333808899,0.18916445970535278,0.23370887339115143,0.23552432656288147,0.009922224096953869,0.2809426188468933,0.5486775649640148,0.20258788281678614,0.2894452191567208,0.27622560423798703,0.10501516499561118
41424,1204,H2_15,0,0.00044143383274786174,0.0023201010189950466,0.0005114650120958686,0.0004149962041992694,0.002980437595397234,0.0015012831427156925,0.026279311627149582,0.0008259509922936559,0.02961678297593942,0.04300285971789476,0.03846939540067875,0.00034006831054370204,0.040017961193727025
41426,1204,H2_15,0,0.011384693905711174,0.22416804730892181,0.014755458571016788,0.009677127934992313,0.047648679465055466,0.013387727551162243,0.009922224096953869,0.018736397847533226,0.10596302612955913,0.0687875587104125,0.11062081730340552,0.013010861745136174,0.04951776781141209
41428,1204,H2_15,0,0.0001440267515135929,0.01809326931834221,0.0001834405557019636,0.00027100497391074896,0.0051726363599300385,0.0004025661910418421,0.026279311627149582,0.0005809283466078341,0.005919023481065859,0.01603697120899467,0.014035301454077071,0.00037892544896844164,0.035733450414487354
41430,1204,H2_15,0,0.000754232460167259,0.006535966414958239,0.0018363309791311622,0.0009815519442781806,0.011995561420917511,0.0011638130526989698,0.026279311627149582,0.001047304249368608,0.005650604756992806,0.051630715892219375,0.019269898775684954,0.0004968784725231428,0.039420186053612784
41431,1204,H2_15,0,0.002748973434790969,0.001431459211744368,0.0022440527100116014,0.002275334671139717,0.0014617611886933446,0.008212757296860218,0.18514415621757507,0.0014819256030023098,7.242258050816392e-05,0.017269954444487208,0.025121436143897186,0.0006933383930296583,0.03682445024354877
41432,1204,H2_15,0,0.0004282139416318387,0.015769848600029945,0.00020313159620855004,0.00041128016891889274,0.006689713802188635,0.00022033161076251417,0.18514415621757507,0.00020112399943172932,0.015678107134465248,0.040108825535377146,0.010908767151900579,1.8189151936491242e-05,0.03749610103995476
41433,1204,H2_15,0,0.03914329409599304,0.12851129472255707,0.016374768689274788,0.022919747978448868,0.04119163751602173,0.021235866472125053,0.18514415621757507,0.035379741340875626,0.2078489187734815,0.07081383233171776,0.08738828925342362,0.034287781439251236,0.04649832373308491
41434,1204,H2_15,0,0.0006685800035484135,0.03331945091485977,0.0002534273371566087,0.0007582150283269584,0.0032151576597243547,0.00023398785560857505,0.18514415621757507,0.0001808381493901834,0.005709417488195271,0.031386645161427834,0.011023115073548088,3.394625815242468e-05,0.03682435109969893
41435,1204,H2_15,0,0.008477226831018925,0.00839752983301878,0.016454480588436127,0.009343006648123264,0.20130585134029388,0.0033079562708735466,0.18514415621757507,0.021627094596624374,0.5651111100567776,0.10091733546159609,0.09788677148672494,0.008234812563428243,0.046275653009371566
41436,1204,H2_15,1,0.002509278478100896,0.0017508959863334894,0.00251184799708426,0.0018176023149862885,0.010279802605509758,0.0013819343876093626,0.18514415621757507,0.0033464960288256407,0.0021446404943765898,0.12656666096282912,0.04976773592111428,0.0011986072505787905,0.05081333283760577
41437,1204,H2_15,0,0.03690937161445618,0.3078797161579132,0.023342007771134377,0.027418335899710655,0.0902143269777298,0.03718011453747749,0.2816218435764313,0.022893013432621956,0.9175702624594242,0.16358920454024625,0.16473312860114178,0.023549522451481213,0.058084394817637865
41438,1204,H2_15,0,0.015475667081773281,0.05635027959942818,0.022182412445545197,0.023020191118121147,0.02512211538851261,0.02709195949137211,0.18514415621757507,0.05460691824555397,0.21390097059658456,0.09321551782631553,0.1040740786485036,0.037808281444991765,0.05139620559439375
41443,1204,H2_15,1,0.031150268390774727,0.037503547966480255,0.021055718883872032,0.03308769688010216,0.06605137884616852,0.0049517154693603516,0.18514415621757507,0.02095881476998329,0.0031319650064943272,0.08578129880720839,0.1346832029909325,0.02080276274173372,0.0560910735035415
41445,1204,H2_15,0,0.04666934534907341,0.019548509269952774,0.030455095693469048,0.038713548332452774,0.07690941542387009,0.013170567341148853,0.18514415621757507,0.04164426028728485,0.016954286844905218,0.11164565995223413,0.08268380289669554,0.013912326050030819,0.05354058433570567
41446,1204,H2_15,0,0.005994650535285473,0.00200658873654902,0.0055277650244534016,0.0036500508431345224,0.06288599967956543,0.002547366078943014,0.18514415621757507,0.008809559047222137,0.05163565739053278,0.08286520010408924,0.05602717511557805,0.0015774764227488658,0.04577442107865896
41415,1204,H2_30,0,8.878410153556615e-05,0.0004414689901750535,6.750296597601846e-05,0.00013273807417135686,0.0011616284027695656,0.00022477141465060413,0.0166165754199028,9.77663803496398e-05,3.9296895318416845e-08,0.0041436002475430615,0.006565731081694525,3.750465103040719e-05,0.03419689753064812
41416,1204,H2_30,0,0.0012319026282057166,0.010969200171530247,0.0007141835521906614,0.001826148945838213,0.002989589236676693,0.004283273126929998,0.0166165754199028,0.0007696063839830458,0.006248841822228809,0.025134566938511564,0.02790588819657929,0.00030348238394684995,0.037679186814394416
41417,1204,H2_30,0,0.00027056451654061675,0.0036020642146468163,0.0003477967984508723,0.00038452824810519814,0.0059337797574698925,0.0008914532954804599,0.0166165754199028,0.0003251235466450453,0.3283469429817452,0.027328653753935905,0.030156019033491528,7.342937525221296e-05,0.03477415142418162
41419,1204,H2_30,0,0.006279241759330034,0.08822662383317947,0.005388838704675436,0.004487035796046257,0.0073658498004078865,0.009820870123803616,0.0166165754199028,0.003938773181289434,0.010383599671734363,0.05867503833304652,0.026942069170314033,0.0027874808030553004,0.04081564543696139
41420,1204,H2_30,0,0.03548001870512962,0.33935287594795227,0.04036013036966324,0.03746259585022926,0.11987071484327316,0.19328905642032623,0.04980068653821945,0.0982363224029541,0.29836425202610434,0.16219234546986278,0.1786615734185036,0.06911042024111216,0.07186089310572663
41421,1204,H2_30,0,0.0010337558342143893,0.00858113169670105,0.0013597613433375955,0.0009325728751718998,0.0124143585562706,0.0027695600874722004,0.0166165754199028,0.0008618930005468428,0.0023081477147663303,0.06944432800010945,0.05786954751437535,0.00048203358761783214,0.044899884133826014
41422,1204,H2_30,0,0.00863416027277708,0.07187849283218384,0.006226660683751106,0.008410841226577759,0.005712923128157854,0.025223879143595695,0.005358711816370487,0.009893644601106644,0.0385871180639889,0.15765181752341642,0.20774955006398144,0.021288148833709792,0.07705410749290408
41424,1204,H2_30,0,0.0013098301133140922,0.03215950354933739,0.0003362290153745562,0.0010852415580302477,0.0015017720870673656,0.001714235870167613,0.0166165754199028,0.0011334491427987814,0.056887614597024495,0.019816917812334592,0.023141852628868458,0.0020071640076851196,0.0362916473413648
41426,1204,H2_30,0,0.001518612145446241,0.27203720808029175,0.0017480587121099234,0.0025000267196446657,0.012482731603085995,0.008221671916544437,0.005358711816370487,0.0023421193473041058,0.04081070292901907,0.07728256351353581,0.08528514319973357,0.000741128236678712,0.048161995801622205
41428,1204,H2_30,0,0.0002581021108198911,0.00586754409596324,0.00017766836390364915,0.00034058402525261045,0.01209219265729189,0.00036735396133735776,0.0166165754199028,0.0001830922847148031,0.01705925518971996,0.017462777413075916,0.02508170759267056,9.089068914435506e-05,0.03662991955088607
41430,1204,H2_30,0,0.00015483525930903852,0.009603731334209442,0.0003090199315920472,0.0002085702435579151,0.005647427402436733,0.00022200426610652357,0.0166165754199028,0.0006412327056750655,0.0258059776218341,0.011339860931748047,0.016141904851476818,9.888566547614209e-05,0.035295654514973705
41431,1204,H2_30,0,0.000992814195342362,0.0014033435145393014,0.0013364014448598027,0.0017766359960660338,0.0011597813572734594,0.004806498531252146,0.051755890250205994,0.0010779142612591386,6.779339960146104e-05,0.008731899312615284,0.018867988375994175,0.0008196213311984075,0.03556816397795431
41432,1204,H2_30,0,0.0006550935795530677,0.0010286096949130297,0.0005125463358126581,0.0007268397021107376,0.009950073435902596,0.0003342346171848476,0.051755890250205994,0.00023496997891925275,0.004529377105715042,0.027687556188459018,0.012391549156455248,0.00011851515755279381,0.03662241203179644
41433,1204,H2_30,0,0.0012078183935955167,0.006873093545436859,0.0008625880000181496,0.0018570087850093842,0.006647762842476368,0.0011955571826547384,0.051755890250205994,0.0013579573715105653,0.025988989078529947,0.04386620546119071,0.02349125285202626,0.0002548723302832696,0.03883104349104289
41434,1204,H2_30,0,0.0005150270299054682,0.00871233083307743,0.00030801782850176096,0.00034143676748499274,0.001730345538817346,0.00026262536994181573,0.051755890250205994,0.00016476195014547557,0.02359998708474274,0.018768477886268464,0.006406306671911901,5.9346844991963e-05,0.03516921981895637
41435,1204,H2_30,0,0.0032171281054615974,0.0034740797709673643,0.0018692190060392022,0.004458448849618435,0.0004252837097737938,0.0020912825129926205,0.051755890250205994,0.0016276133246719837,0.09624822128039885,0.05256547062166225,0.030786498812079285,0.0007190715325753909,0.03954083773582689
41436,1204,H2_30,0,0.0007813586271367967,0.005643441341817379,0.0007881378405727446,0.000657012453302741,0.0031425191555172205,0.0003541894257068634,0.051755890250205994,0.0012724505504593253,0.00023744170667764676,0.10593324638717047,0.04697242135107112,0.0002598578867830164,0.04795987934423363
41437,1204,H2_30,0,0.0035682651214301586,0.04180958867073059,0.002653740579262376,0.003263048129156232,0.10855073481798172,0.017232324928045273,0.2661535441875458,0.005668120924383402,0.381142930292997,0.07994884946852777,0.08294093996610089,0.002983107301406285,0.04412387673892734
41439,1204,H2_30,0,0.009523137472569942,0.06785845756530762,0.013955644331872463,0.013320854865014553,0.031930193305015564,0.0022939732298254967,0.6207257509231567,0.008868549950420856,0.3791884562723528,0.1268984261761335,0.08734207729149829,0.001322452969808725,0.05027051580728798
41441,1204,H2_30,0,0.11784940212965012,0.008646625094115734,0.13592901825904846,0.11246266216039658,0.04240595921874046,0.12085528671741486,0.6207257509231567,0.04133082181215286,0.13754465698069906,0.10612545979197165,0.10462464925061911,0.01774736461889613,0.05370244376271549
41442,1204,H2_30,0,0.030872108414769173,0.016964741051197052,0.032840173691511154,0.04182332009077072,0.07919526100158691,0.07584568113088608,0.12779010832309723,0.01504000835120678,0.20772189841433247,0.023134179656852993,0.10508272105929815,0.004622421830679399,0.04244242259374481
41443,1204,H2_30,1,0.004940865561366081,0.04358943551778793,0.006354191340506077,0.007559633813798428,0.0375296026468277,0.0022897024173289537,0.051755890250205994,0.009513594210147858,0.008661602305430543,0.05472795987306636,0.08270454607218788,0.012689402195529798,0.04600234811154625
41460,1205,H1_15,0,0.07583381235599518,0.2970716059207916,0.11339344829320908,0.06411843001842499,0.13292911648750305,0.288107305765152,0.23158062994480133,0.08749207854270935,0.25237637974242744,0.1329445985039561,0.15341657374942969,0.019957194627834747,0.0633813809999832
41461,1205,H1_15,0,0.004487589467316866,0.0230255164206028,0.005368910264223814,0.005515670869499445,0.08194678276777267,0.03078196756541729,0.23158062994480133,0.008261402137577534,0.36960210545367533,0.11915646559390436,0.10372454520354044,0.0006297011541137129,0.05120197608355457
41462,1205,H1_15,0,0.022496620193123817,0.020620068535208702,0.02385995164513588,0.02250433899462223,0.018129728734493256,0.16385620832443237,0.23158062994480133,0.006403839681297541,0.05578938610783122,0.08587358222159418,0.13746773088694705,0.0009229143820996241,0.055085201107440036
41463,1205,H1_15,0,0.0017760989721864462,0.04360847547650337,0.0037953227292746305,0.0034552484285086393,0.007985051721334457,0.016873082146048546,0.23158062994480133,0.006620220374315977,0.36378832047971454,0.09233221917712435,0.11583762911349496,0.0023625688282983407,0.049194619368791694
41465,1205,H1_15,0,0.030398180708289146,0.647619903087616,0.02317127212882042,0.016750387847423553,0.03161038085818291,0.08798226714134216,0.23158062994480133,0.028726456686854362,0.22440401783652555,0.20011049946906204,0.1682288580981048,0.00848610005711402,0.0756221589271664
41467,1205,H1_15,0,0.007048660423606634,0.10266321152448654,0.009623276069760323,0.0044877496547997,0.05723023787140846,0.03053128533065319,0.23158062994480133,0.01535399816930294,0.47587269137565585,0.1118530628318103,0.11851904402351793,0.0015509638827692525,0.05073459430242783
41468,1205,H1_15,0,0.03719162568449974,0.5167109966278076,0.014346500858664513,0.015908965840935707,0.05020839348435402,0.020138805732131004,0.23158062994480133,0.03076530247926712,0.11102211697111593,0.1697620810399787,0.1850812238812142,0.01672460991567628,0.07491207311283966
41469,1205,H1_15,0,0.02097630314528942,0.06364492326974869,0.011240972205996513,0.030549652874469757,0.04773376137018204,0.12045777589082718,0.23158062994480133,0.017511485144495964,0.009552394808338012,0.08837207220753106,0.13833725634711988,0.0027727026378779273,0.05655038602519894
41471,1205,H1_15,0,0.0004958033678121865,0.002416750881820917,0.0005539822741411626,0.00047057471238076687,0.001466065994463861,0.0006622049841098487,0.23158062994480133,0.000362790102371946,0.0003748726030407067,0.0,0.0030866560032816633,9.323638392450867e-05,0.033596094370094344
41472,1205,H1_15,1,0.03898477926850319,0.24926966428756714,0.06360942870378494,0.05132860317826271,0.18823237717151642,0.13414815068244934,0.23158062994480133,0.02929113432765007,0.3378124610093749,0.29982349704568745,0.22552976994699123,0.012256767566543553,0.10675661036935198
41474,1205,H1_15,1,0.0028466645162552595,0.15409721434116364,0.0023856519255787134,0.00452600559219718,0.01031546387821436,0.012900730594992638,0.23158062994480133,0.005808247718960047,0.03838477938060775,0.1149737117508356,0.13344129406034108,0.004363863832602727,0.058877545478476206
41475,1205,H1_15,0,0.016243305057287216,0.002416750881820917,0.007942997850477695,0.010493436828255653,0.001092488644644618,0.0074463351629674435,0.2409062534570694,0.0013696285896003246,0.00022792837695079503,0.008045224981600586,0.01919241511007906,0.0003833849979134129,0.035536332718555476
41476,1205,H1_15,0,0.05518317595124245,0.02882075309753418,0.02808436006307602,0.080806203186512,0.0136458370834589,0.06350080668926239,0.2409062534570694,0.02913886308670044,0.15412720875968605,0.17578478896956815,0.1723656054826951,0.01185696467440058,0.07309569621587346
41477,1205,H1_15,0,0.02770327404141426,0.42836323380470276,0.04422703757882118,0.07110509276390076,0.05192553624510765,0.023517362773418427,0.2409062534570694,0.054791275411844254,0.07210039360476642,0.11246861570440833,0.11871912706440674,0.01967050684950505,0.05763811205726203
41478,1205,H1_15,0,0.0031808335334062576,0.07324757426977158,0.0018081330927088857,0.0022663159761577845,0.005986611824482679,0.003613267559558153,0.2409062534570694,0.0023143840953707695,0.06467340255908431,0.055108252424716044,0.055619155398044934,0.0006919706337171352,0.042437246999026214
41480,1205,H1_15,0,0.10068732500076294,0.547419011592865,0.08146612346172333,0.14415279030799866,0.3823481500148773,0.12974005937576294,0.2409062534570694,0.29264017939567566,0.7332720895271718,0.1787222113698039,0.1355523384735611,0.09263328310036004,0.06740766068245678
41481,1205,H1_15,0,0.30407285690307617,0.690971314907074,0.23997433483600616,0.21971431374549866,0.5059239864349365,0.1502785086631775,0.2409062534570694,0.4318007230758667,0.9908352864489123,0.3107339763079564,0.21696282057032415,0.36123431391051003,0.11412752970576634
41483,1205,H1_15,0,0.08323934674263,0.77275151014328,0.07907769083976746,0.034903381019830704,0.08046022802591324,0.05827390402555466,0.2409062534570694,0.14550337195396423,0.9672193142776722,0.3524370714404116,0.23567185942818714,0.07838718067880789,0.11541323258914134
41484,1205,H1_15,0,0.011267444118857384,0.18625718355178833,0.016055326908826828,0.013840544037520885,0.049399297684431076,0.0029013610910624266,0.2409062534570694,0.02474869415163994,0.31303100943669193,0.19378749590345434,0.10885496190107825,0.006592255500392451,0.06400979761950651
41485,1205,H1_15,0,0.0008241706527769566,0.43635571002960205,0.0009851546492427588,0.0006798470858484507,0.0016061203787103295,0.0017934896750375628,0.2409062534570694,0.0008842358947731555,0.5218183652495209,0.054880762132093315,0.03351213865190608,0.00023177657747215977,0.03566706536127636
41488,1205,H1_15,0,0.020183494314551353,0.02954375371336937,0.048247840255498886,0.027297107502818108,0.12852086126804352,0.03844861313700676,0.2409062534570694,0.03217831254005432,0.7913247198863692,0.2531005934990102,0.1502324325126881,0.01261691283530148,0.07361813918861239
41489,1205,H1_15,0,0.3830336332321167,0.2568914294242859,0.5370569825172424,0.5557664036750793,0.2644956409931183,0.6512808203697205,0.2409062534570694,0.5564813017845154,0.7790415889472249,0.2841374484466794,0.2878753191265735,0.616516871590101,0.14211975193291126
41460,1205,H1_30,0,0.018928110599517822,0.07821226865053177,0.022962184622883797,0.017275864258408546,0.02445082738995552,0.2400965690612793,0.022380618378520012,0.021055562421679497,0.08138013481032909,0.060701891128904645,0.09598991606739637,0.004887678207831773,0.04732027778588586
41461,1205,H1_30,0,0.008455599658191204,0.015489826910197735,0.011322787962853909,0.007951020263135433,0.022477637976408005,0.10462560504674911,0.022380618378520012,0.010610205121338367,0.2392987585227156,0.055291145016520174,0.06653978663034035,0.002425998442097807,0.041647936391962515
41462,1205,H1_30,0,0.0021150331012904644,0.03372656926512718,0.0049996101297438145,0.0025186219718307257,0.01622038520872593,0.00396315474063158,0.022380618378520012,0.003190453629940748,0.0664760712884829,0.07941266850595699,0.09279324733511962,0.0012065776068137485,0.04890594184178978
41463,1205,H1_30,0,0.012105991132557392,0.033809009939432144,0.01445369329303503,0.004815046209841967,0.012439274229109287,0.07137419283390045,0.022380618378520012,0.005102366674691439,0.06936978159497388,0.07960412102274753,0.0638148140713912,0.0013082945515155953,0.04589227610086769
41465,1205,H1_30,0,0.14546506106853485,0.07541102170944214,0.15154702961444855,0.14612212777137756,0.6354544758796692,0.12029211223125458,0.022380618378520012,0.21784816682338715,0.8398056467901669,0.17974957948335088,0.2515259555603865,0.09634973099921329,0.0816193830426348
41467,1205,H1_30,0,0.008456475101411343,0.04888486862182617,0.007298706565052271,0.0047959522344172,0.04767599329352379,0.05016791447997093,0.022380618378520012,0.008157548494637012,0.12342855427596867,0.09571893507700595,0.11613408983824638,0.0015829913852753593,0.05290836480655389
41468,1205,H1_30,0,0.07029217481613159,0.08481909334659576,0.05094818398356438,0.06851711124181747,0.5037305355072021,0.09892398864030838,0.022380618378520012,0.1535048931837082,0.23971128659235316,0.30194493561737334,0.3305143237264763,0.16944537475528226,0.14442092894490224
41469,1205,H1_30,0,0.008951633237302303,0.0513913668692112,0.008818319998681545,0.016309062018990517,0.0434463769197464,0.03224824741482735,0.022380618378520012,0.009852694347500801,0.09546776246190417,0.0738119312476497,0.09358659876793646,0.004806281761772052,0.048132681236508795
41471,1205,H1_30,0,0.00047917343908920884,0.002416750881820917,0.0007378457230515778,0.0005245018401183188,0.0018924933392554522,0.0006779232644475996,0.022380618378520012,0.0003604566736612469,0.00037756300214036674,0.0,0.0,9.862823250324876e-05,0.033363194684527836
41472,1205,H1_30,1,0.012291277758777142,0.044217877089977264,0.01191830076277256,0.006543256342411041,0.1988092064857483,0.013197529129683971,0.022380618378520012,0.003430692944675684,0.19060430089780636,0.16784669861444915,0.1545104152934778,0.0006715621711801036,0.067441406286959
41474,1205,H1_30,1,0.0012977367732673883,0.06260591745376587,0.0022468590177595615,0.002646681619808078,0.04602833092212677,0.0019963195081800222,0.022380618378520012,0.005016095004975796,0.05440763235957803,0.09646858767821519,0.08535851657908501,0.0005701888074969572,0.05036079865678614
41475,1205,H1_30,0,0.002473875880241394,0.002416750881820917,0.003487128997221589,0.0035382306668907404,0.0012909809593111277,0.0020048515871167183,0.2463962584733963,0.0014954068465158343,0.00015385069000671114,0.006619025620814287,0.0037056615384527766,0.0005678499586199503,0.03420613818447766
41476,1205,H1_30,0,0.044187720865011215,0.031983982771635056,0.06509006023406982,0.05103176832199097,0.008100071921944618,0.11718394607305527,0.2463962584733963,0.031446799635887146,0.3937342752682297,0.11463071841129521,0.10638163953822828,0.004248303843388481,0.051196405952176456
41477,1205,H1_30,0,0.02934054657816887,0.06409641355276108,0.04006187990307808,0.0351589173078537,0.022076455876231194,0.15625028312206268,0.2463962584733963,0.016284141689538956,0.022392235368224784,0.10967909047765491,0.10796668998098832,0.004811719526993293,0.055481497061811075
41478,1205,H1_30,0,0.010703437961637974,0.08391006290912628,0.017167340964078903,0.004287417978048325,0.06554355472326279,0.010765771381556988,0.2463962584733963,0.03264820575714111,0.17072293571702252,0.19411972353428214,0.12401558498802406,0.003408281191298931,0.06872525502577619
41480,1205,H1_30,0,0.00669795973226428,0.4884245693683624,0.014438525773584843,0.013346918858587742,0.15726971626281738,0.006420782767236233,0.2463962584733963,0.01844426989555359,0.3305698871921875,0.12096691994795443,0.07347774790850137,0.0055164369526658555,0.04887239869749702
41481,1205,H1_30,0,0.2655234634876251,0.32051020860671997,0.13761577010154724,0.19854488968849182,0.09059115499258041,0.07631860673427582,0.2463962584733963,0.3062857985496521,0.36671776159204617,0.31707389756368975,0.2748479169250775,0.4839515308287819,0.14446766756734022
41483,1205,H1_30,0,0.058092642575502396,0.0677342638373375,0.026671061292290688,0.04681239277124405,0.018895190209150314,0.08255026489496231,0.2463962584733963,0.11564674973487854,0.060286636083711966,0.19770779077238074,0.16785932566108402,0.1042295946595569,0.08229377373841033
41484,1205,H1_30,0,0.05982034653425217,0.008900574408471584,0.07425814867019653,0.06935875862836838,0.2767048180103302,0.05477464944124222,0.2463962584733963,0.19405749440193176,0.12531105992809044,0.1357671022834607,0.16113914748373973,0.2005322773087292,0.07255386959710967
41485,1205,H1_30,0,0.0057374583557248116,0.0035510947927832603,0.004574774298816919,0.0036819917149841785,0.014596084132790565,0.020747020840644836,0.2463962584733963,0.0027887471951544285,0.1112088739880892,0.0705983484536644,0.03436434695303645,0.0005096336154207217,0.04151637311879706
41488,1205,H1_30,0,0.008347990922629833,0.011992228217422962,0.008071820251643658,0.006293887738138437,0.029210548847913742,0.020507782697677612,0.2463962584733963,0.014924964867532253,0.08698476260216992,0.14577739627554964,0.12173246156593891,0.012682364319072166,0.061448263785939365
41489,1205,H1_30,0,0.048787638545036316,0.7654629945755005,0.07010610401630402,0.05709928646683693,0.16623103618621826,0.10876498371362686,0.2463962584733963,0.258713036775589,0.7071814397549733,0.2146815948351253,0.18155630122575034,0.16992259833769574,0.08117041729797309
41460,1205,H1_45,0,0.0013029060792177916,0.042420823127031326,0.0019148162100464106,0.001069724909029901,0.023029442876577377,0.005624363198876381,0.016417909413576126,0.001578827272169292,0.058728869472409594,0.024663923248559916,0.02124256105277976,0.00013448534385424125,0.03654016115965674
41461,1205,H1_45,0,0.006165592931210995,0.055838409811258316,0.0028815437108278275,0.003881868440657854,0.022128868848085403,0.048070404678583145,0.016417909413576126,0.0017085553845390677,0.05490895603318831,0.029144312845375383,0.03146531283271794,0.0010506196225478096,0.03784493209982742
41462,1205,H1_45,0,0.000644355546683073,0.032682888209819794,0.0013705636374652386,0.0010040662018582225,0.029001334682106972,0.003777469275519252,0.016417909413576126,0.0007757846033200622,0.079456604904956,0.0602455426168713,0.041218994022781646,0.00029421071673357634,0.041411392069730754
41463,1205,H1_45,0,0.00044201742275618017,0.04314354062080383,0.00025519978953525424,0.00026002770755439997,0.001714472658932209,0.019389452412724495,0.016417909413576126,0.00047135879867710173,0.009584766768370907,0.03243936741975891,0.028203805933389947,5.155226783303583e-05,0.03833029310453139
41465,1205,H1_45,0,0.03434377536177635,0.004792999010533094,0.031182020902633667,0.03240947052836418,0.06874704360961914,0.04676513001322746,0.016417909413576126,0.01764032244682312,0.04015616389399563,0.11573137366665077,0.14678482321156877,0.00786710160897563,0.06108949036394548
41467,1205,H1_45,0,0.012284835800528526,0.1273191124200821,0.008367481641471386,0.008467421866953373,0.0567745640873909,0.1472819447517395,0.016417909413576126,0.008900906890630722,0.20596439490501545,0.09574539262322673,0.09069861041690379,0.003694844302889138,0.04897242084611957
41468,1205,H1_45,0,0.006247920449823141,0.015405112877488136,0.00584625918418169,0.004965768661350012,0.008604586124420166,0.02052132599055767,0.016417909413576126,0.013155937194824219,0.0372467474465125,0.20791753111827432,0.22967323199653913,0.007839374630560109,0.09123072483111011
41469,1205,H1_45,0,0.0033008609898388386,0.025633450597524643,0.00513187563046813,0.00352272717282176,0.007268775720149279,0.021518932655453682,0.016417909413576126,0.0051385946571826935,0.06329808787438562,0.056541605806485234,0.060230238271216055,0.0016065665451266906,0.04310928697333253
41471,1205,H1_45,0,0.0007405345095321536,0.002416750881820917,0.0014148502377793193,0.0009763698908500373,0.0013789796503260732,0.0016116827027872205,0.016417909413576126,0.0006953609990887344,0.0008315174390683557,0.010416177447292329,0.029094748810889273,0.00030236269848626994,0.03652414904474569
41472,1205,H1_45,1,0.0011054129572585225,0.012318585067987442,0.0007207614253275096,0.0010726235341280699,0.042608872056007385,0.0016973181627690792,0.016417909413576126,0.0006950310198590159,0.0842344336462968,0.0649644961503038,0.0663984551985818,9.064642297686095e-05,0.04424598593873874
41474,1205,H1_45,0,0.01071307621896267,0.12083615362644196,0.010952471755445004,0.004538996145129204,0.02737797237932682,0.014288186095654964,0.016417909413576126,0.007619368378072977,0.04155507729947875,0.10376895011379775,0.11021210650339863,0.00389686581575635,0.054438637307916184
41475,1205,H1_45,0,0.0007425450021401048,0.00721570523455739,0.0011270209215581417,0.0009127081139013171,0.00620471965521574,0.0005972502985969186,0.28294676542282104,0.0011540448758751154,0.0007138493307506953,0.029832027079946203,0.023163533897273707,0.0005931236569182429,0.037774262052315356
41476,1205,H1_45,0,0.0024643957149237394,0.008283979259431362,0.003187149064615369,0.002378407632932067,0.005065188277512789,0.0009407291072420776,0.28294676542282104,0.002582741202786565,0.05697523316009908,0.0652277313735143,0.039700046811076584,0.0004904173378005459,0.042077250124561816
41477,1205,H1_45,0,0.04402143880724907,0.013971657492220402,0.035145364701747894,0.029761189594864845,0.062294408679008484,0.021731428802013397,0.28294676542282104,0.02085101790726185,0.42761557308128223,0.09269896126513134,0.06961413405068191,0.005344380001236848,0.04405260782550837
41478,1205,H1_45,0,0.006340549793094397,0.0718214139342308,0.0059976717457175255,0.0049059526063501835,0.005088418256491423,0.0030972063541412354,0.28294676542282104,0.011679649353027344,0.10561981151694051,0.0763576038091667,0.07352965897510919,0.005886007559008318,0.0462467929930216
41480,1205,H1_45,0,0.0015059076249599457,0.24251523613929749,0.0015016325050964952,0.004306464921683073,0.014801789075136185,0.001119353692047298,0.28294676542282104,0.004941001534461975,0.09383857665451761,0.047585933805123846,0.030815580974224974,0.003317507050949212,0.039172421678318026
41481,1205,H1_45,0,0.07160576432943344,0.14614495635032654,0.07140636444091797,0.07677661627531052,0.020836930721998215,0.0717431902885437,0.28294676542282104,0.16926737129688263,0.20767667435820394,0.28591087094352635,0.22345805443123745,0.12675388140788707,0.11329392993994607
41483,1205,H1_45,0,0.03468988835811615,0.08131597936153412,0.037793681025505066,0.037259623408317566,0.07537083327770233,0.02707875892519951,0.28294676542282104,0.038814011961221695,0.9288124556283753,0.17863453876317878,0.12340400524626054,0.023698382579116405,0.05554548093973208
41484,1205,H1_45,0,0.014017097651958466,0.005367334466427565,0.021922767162322998,0.013876482844352722,0.0343797542154789,0.021175598725676537,0.28294676542282104,0.021743986755609512,0.5031077525711607,0.0966236356266395,0.07193030042430508,0.011692853262653147,0.043920732158500286
41485,1205,H1_45,0,0.004547119606286287,0.011961836367845535,0.004464370664209127,0.0042046490125358105,0.013813354074954987,0.0029888886492699385,0.28294676542282104,0.003412010380998254,0.10944871487136856,0.08409336529364579,0.06028007741785637,0.00020036430128868746,0.045497222124164134
41488,1205,H1_45,0,0.021944748237729073,0.4147414267063141,0.04555322974920273,0.02279997617006302,0.15364733338356018,0.008765392936766148,0.28294676542282104,0.05752502754330635,0.2547985226463707,0.15687533655341668,0.12162498726646927,0.050869880647754225,0.06203797754880495
41489,1205,H1_45,0,0.005127072334289551,0.06274891644716263,0.006322978064417839,0.004151375498622656,0.009769684635102749,0.004143088590353727,0.28294676542282104,0.008872478269040585,0.19254248905374421,0.15642292781898112,0.13817980451226503,0.002674203195991444,0.06341301406532487
41460,1205,H2_15,0,0.00010161083628190681,0.005399404559284449,0.00013338617281988263,0.000180473318323493,0.0013370710657909513,0.00020406048861332238,0.026279311627149582,0.0003659411449916661,0.004119558081009436,0.01503249486711093,0.004865066333922605,0.00012707210789112113,0.03493278043288208
41461,1205,H2_15,0,0.0045553394593298435,0.05915555730462074,0.004202533047646284,0.003582199802622199,0.007409302517771721,0.012404692359268665,0.026279311627149582,0.004172143526375294,0.20598228595468884,0.04972967708539098,0.034489741404264425,0.0016325372499491578,0.038466923428959625
41462,1205,H2_15,0,0.00046425286564044654,0.003955089952796698,0.000759570742957294,0.0005966469179838896,0.011279977858066559,0.0008788162376731634,0.026279311627149582,0.0001867627870524302,0.01550111997324834,0.04286170950311499,0.03634983019112532,2.5535406709794188e-05,0.03995886148816691
41463,1205,H2_15,0,0.0003757864760700613,0.0063623227179050446,0.0007164798444136977,0.00026458827778697014,0.002014041179791093,0.005691363010555506,0.026279311627149582,0.0014063622802495956,0.004650766085215962,0.03758053262426414,0.024911976120007645,0.00020221577573495964,0.038597987277838426
41465,1205,H2_15,0,0.017204100266098976,0.003959587309509516,0.018529560416936874,0.02240210957825184,0.004613634664565325,0.028984392061829567,0.026279311627149582,0.009970801882445812,0.0006863892863144032,0.06749272018916747,0.0665584930803575,0.007749162357414257,0.04584189088306719
41467,1205,H2_15,0,0.00709417462348938,0.01028377190232277,0.003142798552289605,0.005813815630972385,0.01959695667028427,0.036694616079330444,0.026279311627149582,0.0078077251091599464,0.02103349509086681,0.07387600933264497,0.0907068347527498,0.0034578909470627008,0.0487588547924139
41468,1205,H2_15,0,0.040941014885902405,0.04506466165184975,0.028057169169187546,0.041416414082050323,0.1019231379032135,0.23588058352470398,0.026279311627149582,0.12535232305526733,0.04392911792746481,0.07998114075310758,0.22437135768277106,0.08470619776201598,0.07087154751850112
41469,1205,H2_15,0,0.0016204941784963012,0.0008990595233626664,0.0020770716946572065,0.0017595206154510379,0.006665450986474752,0.012358074076473713,0.026279311627149582,0.0009519586456008255,0.008424283628879243,0.052565232425315835,0.03401252775714008,0.000424787690454214,0.04079714478564376
41471,1205,H2_15,0,0.00041150249307975173,0.0018572536064311862,0.0005418981891125441,0.0003275508643127978,0.00380346248857677,0.0012146789813414216,0.026279311627149582,0.0005811770097352564,0.00012511878803894816,0.0013315959295110453,0.006976705632505867,0.00013464967113161825,0.034006633402003855
41472,1205,H2_15,0,0.002665399806573987,0.009362203069031239,0.003725761314854026,0.0028527076356112957,0.041587673127651215,0.012505835853517056,0.026279311627149582,0.003185073146596551,0.0002127589871456202,0.0759451508673998,0.09444613154003736,0.00225375703167628,0.049571734485788894
41474,1205,H2_15,0,0.0007882057689130306,0.03600981831550598,0.0014594154199585319,0.0015131054678931832,0.01053551584482193,0.006594090256839991,0.026279311627149582,0.001723862369544804,0.0013716045023850784,0.08824522175711104,0.07249218844435308,0.0006878730271612239,0.04858795874829432
41475,1205,H2_15,0,0.0015247209230437875,0.0016564682591706514,0.0014121788553893566,0.001915064174681902,0.0013534054160118103,0.0011623251484706998,0.050180815160274506,0.0008658567676320672,2.2132889111563346e-05,0.0013315959295110453,0.005726678405786696,0.0007969527140258395,0.033921362522737995
41476,1205,H2_15,0,0.000296903308480978,0.05429656431078911,0.00034778102417476475,0.0004967530840076506,0.0005860243109054863,0.0002148315979866311,0.050180815160274506,0.001659447094425559,0.07744446375640766,0.05690477912078151,0.02750875050562384,0.0003412475236733773,0.039877880666856914
41477,1205,H2_15,0,0.015111718326807022,0.03354458510875702,0.007548519875854254,0.013153418898582458,0.07736916840076447,0.00691779563203454,0.050180815160274506,0.007938775233924389,0.20189417941311472,0.10765899397355004,0.04899593692735031,0.0010859131668076855,0.046025211522165634
41478,1205,H2_15,0,0.00042503789882175624,0.015024624764919281,0.00083351373905316,0.0008610766381025314,0.015872979536652565,0.0005679985042661428,0.050180815160274506,0.000525108422152698,0.014204515575556851,0.0441696092860465,0.01886754780259393,0.00034946808503779535,0.03857249496784288
41480,1205,H2_15,0,0.001017239410430193,0.016229795292019844,0.0019418796291574836,0.0008472540066577494,0.010875647887587547,0.00035344043863005936,0.050180815160274506,0.0013091092696413398,0.03972919622858661,0.03886751605102093,0.02436093083289471,0.0003460128869381749,0.0382880490284118
41481,1205,H2_15,0,0.003045954741537571,0.010962456464767456,0.0020004056859761477,0.0049432856030762196,0.0023558984976261854,0.006127692759037018,0.050180815160274506,0.002454615430906415,0.00632183282468039,0.04766861885025727,0.046339212635564696,0.0005642932856181999,0.04149722326500757
41483,1205,H2_15,0,0.004784862510859966,0.0035263628233224154,0.007463058922439814,0.004373517818748951,0.006615863181650639,0.00771929370239377,0.050180815160274506,0.016529401764273643,0.2719903083277596,0.051192985733423305,0.06826764208775038,0.012538607444865717,0.04120458226720704
41484,1205,H2_15,0,0.01329080481082201,0.06366594135761261,0.01264010276645422,0.013331261463463306,0.021146198734641075,0.022731276229023933,0.050180815160274506,0.014625631272792816,0.07639177454597819,0.07877471964584004,0.12200760610928238,0.007029655325880801,0.05229449710796059
41485,1205,H2_15,0,0.0023493727203458548,0.04055648297071457,0.0025437301956117153,0.002347113797441125,0.01034342497587204,0.0019476365996524692,0.050180815160274506,0.0017414868343621492,0.02281081780943534,0.03791608816433757,0.024033498294275892,0.0003974418448894512,0.038363444266544276
41488,1205,H2_15,0,0.008127656765282154,0.011178604327142239,0.010159510187804699,0.008611206896603107,0.028442325070500374,0.0029965946450829506,0.050180815160274506,0.006774837616831064,0.05686674314685727,0.06580975124985074,0.0645587698697626,0.0035177997947447976,0.044649370642316694
41489,1205,H2_15,0,0.013661415316164494,0.02066093310713768,0.026758020743727684,0.016193799674510956,0.21509449183940887,0.025703029707074165,0.050180815160274506,0.04894339293241501,0.6208389784164884,0.08010350529051082,0.13610236698115388,0.038305373889322515,0.04786381614592756
41460,1205,H2_30,0,0.00019933113071601838,0.0032163988798856735,0.0003187389229424298,0.00026512410840950906,0.029948323965072632,0.00017132256471086293,0.0166165754199028,0.0008902424015104771,0.03549779363001741,0.04611574680054144,0.009919717677035918,0.00014815362432602056,0.03776732283210277
41461,1205,H2_30,0,0.0014377725310623646,0.005618501454591751,0.0015926203923299909,0.0019330435898154974,0.03330593556165695,0.006900245789438486,0.0166165754199028,0.001232350361533463,0.05346750935582858,0.04760828998863321,0.048910514869695935,0.000365014506008952,0.041154967511278534
41462,1205,H2_30,0,0.0005072539788670838,0.002206424716860056,0.001288820058107376,0.0008713630959391594,0.006812191568315029,0.0007823201012797654,0.0166165754199028,0.00048806177801452577,0.03568371673423511,0.04409978528437326,0.030467887124546046,0.0001397464472288267,0.039338169427574635
41463,1205,H2_30,0,0.0013350537046790123,0.004248345270752907,0.0006638295017182827,0.0013313130475580692,0.010410971939563751,0.0013424066128209233,0.0166165754199028,0.001863719429820776,0.01265310789988289,0.024815209485754754,0.02323190484115728,0.0006924328054507257,0.03721255509793411
41464,1205,H2_30,0,0.0031648462172597647,0.007705710828304291,0.003823871724307537,0.0048186397179961205,0.04349403455853462,0.04635616019368172,0.02572025917470455,0.005735492333769798,0.0879459771606129,0.06310419615077686,0.12838919671966834,0.0012385819769902887,0.050639197177127886
41467,1205,H2_30,0,0.0002689640095923096,0.0022642898838967085,0.00044773478293791413,0.00022970327700022608,0.0035548172891139984,0.0024273989256471395,0.0166165754199028,0.00019696629897225648,0.007435061852139225,0.09457958263113564,0.04157224895909853,7.460916960470007e-05,0.04596952919133979
41468,1205,H2_30,0,0.01162325032055378,0.0008783130906522274,0.015381529927253723,0.010220427066087723,0.021633770316839218,0.0332987904548645,0.0166165754199028,0.013262257911264896,0.018324582381634168,0.08483660373511001,0.08473125095399404,0.007976075283801558,0.0496195238328605
41469,1205,H2_30,0,0.00644898833706975,0.0014046075521036983,0.005775274708867073,0.011576855555176735,0.017355378717184067,0.0186225026845932,0.0166165754199028,0.0023163335863500834,0.007278746506485072,0.052420379952884295,0.049318865702754025,0.0017628199993325866,0.04225164216871586
41471,1205,H2_30,0,0.0003518048324622214,0.0018572536064311862,0.0005690776742994785,0.00031853115069679916,0.0027120085433125496,0.0015229261480271816,0.0166165754199028,0.00047014071606099606,0.0006054019196803378,0.0027336604793607774,0.009132644590359243,0.00012961535873293745,0.03428029167141161
41472,1205,H2_30,0,0.0038895204197615385,0.03670220822095871,0.0026783845387399197,0.00441244849935174,0.11363169550895691,0.017179155722260475,0.0166165754199028,0.0034727524034678936,0.01799445284999113,0.06137467068933091,0.0858350622597424,0.0005461951434902228,0.04671396324184795
41475,1205,H2_30,0,0.0016134984325617552,0.0016564682591706514,0.0012300412636250257,0.0023684438783675432,0.0006964191561564803,0.0012779952958226204,0.013237413950264454,0.000674910843372345,1.2464982175790366e-05,0.0028120043180320164,0.004860709500537108,0.0004861788800052791,0.03397020224317512
41476,1205,H2_30,0,0.00033325559343211353,0.001101863570511341,0.00016777955170255154,0.00025255174841731787,0.00244137248955667,0.0003468412032816559,0.013237413950264454,0.0001370224927086383,0.0006989333473141454,0.018268582611908175,0.015602935345399716,6.984931658102329e-05,0.036096594305148715
41478,1205,H2_30,0,0.0009171189740300179,0.003640232142060995,0.000621151237282902,0.000493579835165292,0.002461103955283761,0.00024520832812413573,0.013237413950264454,0.0004948573769070208,0.0139667710727773,0.0402536865690923,0.015234413500474676,0.00017556549964063462,0.037898991133001804
41481,1205,H2_30,0,0.03546566888689995,0.0856480523943901,0.022564511746168137,0.039268895983695984,0.01704079657793045,0.016245437785983086,0.013237413950264454,0.018099213019013405,0.0817397867258404,0.0839135326495624,0.07762186892627147,0.005632963998287184,0.047999498332891015
41482,1205,H2_30,0,0.15277601778507233,0.06285072863101959,0.2565616965293884,0.1683521568775177,0.09855213016271591,0.15071286261081696,0.10423377901315689,0.07895727455615997,0.2749273139916546,0.27142213953530436,0.2575338714472821,0.03868621320687511,0.11029421321993561
41484,1205,H2_30,0,0.01536969281733036,0.1300555318593979,0.004381284117698669,0.009756362996995449,0.006073332857340574,0.015833312645554543,0.013237413950264454,0.004333394579589367,0.4272182029396305,0.08383809291573917,0.0436410017156432,0.0035565749976401995,0.040334296499893056
41485,1205,H2_30,0,0.003984810784459114,0.013070900924503803,0.0050706104375422,0.009485440328717232,0.006475532427430153,0.0010095277102664113,0.013237413950264454,0.0024004459846764803,0.2726042203645107,0.11233352106373157,0.04593519430592886,0.00020246568474435405,0.0452913687998139
41486,1205,H2_30,0,0.018412485718727112,0.04343097656965256,0.024290969595313072,0.020601924508810043,0.09618481993675232,0.0968191996216774,0.11939240992069244,0.011753448285162449,0.048551782335758936,0.08736083882969695,0.1562106089804912,0.01150006707231923,0.05796965828616988
41487,1205,H2_30,0,0.0038569755852222443,0.780171275138855,0.0031540768686681986,0.0029423243831843138,0.033053621649742126,0.0010660473490133882,0.10423377901315689,0.008258133195340633,0.25788124296942283,0.16475203651626447,0.12984501236692106,0.006512169241163767,0.06257439359331195
41488,1205,H2_30,0,0.0033709080889821053,0.01186359766870737,0.0029288199730217457,0.0036121979355812073,0.01415502279996872,0.0018499864963814616,0.013237413950264454,0.0034824160393327475,0.08343815462407786,0.07802686917411009,0.05242766612531462,0.0007168628347505246,0.044364647409374985
41494,1205,H2_30,0,0.05322280898690224,0.03940792381763458,0.054121628403663635,0.06909636408090591,0.06657151877880096,0.061527080833911896,0.02572025917470455,0.09847583621740341,0.14009198463320313,0.4202174411299102,0.32387754326599993,0.021931908464551994,0.18516694918880885
41501,1205,H2_30,0,0.002622500993311405,0.026148010045289993,0.0043428149074316025,0.004783226177096367,0.02711131051182747,0.02299860119819641,0.09828594326972961,0.00844102818518877,0.6370520263935773,0.15783974437235956,0.14636998212710664,0.0028208243934178304,0.05817543835249748
41505,1206,H1_15,0,0.018734466284513474,0.0023207124322652817,0.014154248870909214,0.016282157972455025,0.003243018174543977,0.05814187973737717,0.46332746744155884,0.0018931456143036485,0.0009914396441250764,0.006972766423996858,0.022292940301399826,0.0009888228429123713,0.03693122719014592
41506,1206,H1_15,0,0.13760927319526672,0.16565869748592377,0.07172369211912155,0.2874864935874939,0.10305212438106537,0.1094265729188919,0.46332746744155884,0.1329289823770523,0.08421211106651215,0.17970834593866442,0.1837246256160092,0.12769482729560824,0.0918441628205285
41507,1206,H1_15,0,0.004494256339967251,0.03754080832004547,0.006054246798157692,0.007096172776073217,0.026537945494055748,0.008218585513532162,0.46332746744155884,0.007834936492145061,0.22057940343787377,0.11827294706925277,0.08936501150130015,0.002897157688860121,0.05285909706216004
41509,1206,H1_15,0,0.029787767678499222,0.07620807737112045,0.021853933110833168,0.015310019254684448,0.012296355329453945,0.04380450397729874,0.46332746744155884,0.025875326246023178,0.7768645596495043,0.15183230898132077,0.11005887629373234,0.012597327153096078,0.052066611658403754
41510,1206,H1_15,0,0.3063648045063019,0.2624322474002838,0.14854693412780762,0.15791797637939453,0.5874932408332825,0.17816166579723358,0.46332746744155884,0.257373183965683,0.9827752983560674,0.3359493396257544,0.2730697676274055,0.4415724000885486,0.18789808825363954
41512,1206,H1_15,0,0.008523286320269108,0.09268968552350998,0.009546405635774136,0.010017726570367813,0.041916944086551666,0.012226719409227371,0.46332746744155884,0.00816165842115879,0.02128899923029644,0.1624270239258072,0.15332054924558441,0.0021242175969402362,0.07241059695086721
41514,1206,H1_15,0,0.2963426411151886,0.3338991105556488,0.19316817820072174,0.38907405734062195,0.06344665586948395,0.4872053265571594,0.46332746744155884,0.31361880898475647,0.07140998173024873,0.08154859203080292,0.12146351030564047,0.23912264385495585,0.07279770786800667
41515,1206,H1_15,0,0.0028997447807341814,0.06903871148824692,0.0024629482068121433,0.002595433034002781,0.007926691323518753,0.004667151253670454,0.46332746744155884,0.004141125828027725,0.21636150085124745,0.06496927000833685,0.05563779357214159,0.001634796541450089,0.04304752500423811
41517,1206,H1_15,0,0.15743811428546906,0.18420761823654175,0.18726326525211334,0.1082623302936554,0.22786711156368256,0.13910123705863953,0.46332746744155884,0.15431737899780273,0.2609558160920873,0.33795900450327215,0.3480638628274679,0.10056228244096196,0.1722968545820327
41518,1206,H1_15,1,0.01318756677210331,0.8047149181365967,0.013038272969424725,0.006336387246847153,0.017746811732649803,0.010388343594968319,0.46332746744155884,0.011465990915894508,0.06487073892819162,0.11045819457954302,0.07953061410691432,0.007244951152307993,0.05327272549459692
41519,1206,H1_15,0,0.005014852620661259,0.015026458539068699,0.006846630480140448,0.004677602555602789,0.004248821176588535,0.006662982050329447,0.46332746744155884,0.006417477037757635,0.02492709611806815,0.14105235075922332,0.07204713275513962,0.0016056715710596082,0.05622572299456847
41524,1206,H1_15,0,0.03323135897517204,0.11979454010725021,0.031671538949012756,0.03145395964384079,0.05369565635919571,0.014514822512865067,0.6143956184387207,0.024026408791542053,0.7230713213788501,0.19422237778815885,0.15900585994925692,0.02071906354020072,0.06634660216704152
41525,1206,H1_15,0,0.028237206861376762,0.13870464265346527,0.023885101079940796,0.021904557943344116,0.041855428367853165,0.016155585646629333,0.6143956184387207,0.01032984908670187,0.9113166646553909,0.12002496131649944,0.06454296996972174,0.018996653194623722,0.042079628395862385
41527,1206,H1_15,0,0.08148899674415588,0.29516515135765076,0.11867023259401321,0.07477076351642609,0.05596864968538284,0.0579817071557045,0.6143956184387207,0.0614149272441864,0.5904836591964949,0.16922204789377826,0.16874108201407426,0.016113868743394873,0.06605884027872512
41528,1206,H1_15,0,0.004084033891558647,0.0023207124322652817,0.003544294973835349,0.002229186939075589,0.002275725593790412,0.0023837562184780836,0.6143956184387207,0.0011262847110629082,0.02844387120576598,0.001318513290990355,0.001881250358272286,0.0001979432752719168,0.03426512041010358
41529,1206,H1_15,0,0.0006968217785470188,0.011630609631538391,0.0005039774114266038,0.0004174896748736501,0.003921577241271734,0.001770415110513568,0.6143956184387207,0.0007758699939586222,0.08482557353050306,0.03575147972459141,0.02816931515391283,0.0002726687528835783,0.03898162565845706
41530,1206,H1_15,0,0.008844152092933655,0.08050652593374252,0.008759582415223122,0.010016369633376598,0.0254655871540308,0.0025404486805200577,0.6143956184387207,0.010342160239815712,0.4200685843513702,0.06782840281308673,0.06873316019571113,0.004215080419484298,0.04238905687936232
41531,1206,H1_15,0,0.004030367825180292,0.06530512869358063,0.004286310635507107,0.002358723431825638,0.006754972971975803,0.00596908712759614,0.6143956184387207,0.00512215169146657,0.5588167498849449,0.030618435063276217,0.02489784334302973,0.0036100141027372817,0.03345188267948137
41532,1206,H1_15,0,0.008285852149128914,0.5302863121032715,0.00914360024034977,0.006911237258464098,0.023355290293693542,0.006829134188592434,0.6143956184387207,0.013475608080625534,0.49022974370121414,0.15090499536286608,0.09066021572886447,0.004038373371885195,0.052898791332301125
41533,1206,H1_15,1,0.0519404262304306,0.1541905254125595,0.0921579971909523,0.059762563556432724,0.08521466702222824,0.05895655229687691,0.6143956184387207,0.10649753361940384,0.9807851893573025,0.3261045417924072,0.26424076257988083,0.03915334890008134,0.10855240359707287
41535,1206,H1_15,0,0.017361879348754883,0.04009975865483284,0.021340541541576385,0.007703176699578762,0.12235868722200394,0.00494229793548584,0.6143956184387207,0.02302573062479496,0.4071574396734064,0.07546441653013854,0.08634110153509658,0.017281009530482762,0.04599146404232885
41536,1206,H1_15,0,0.23278482258319855,0.2921120822429657,0.1906428039073944,0.2844892740249634,0.15735727548599243,0.05354967340826988,0.6143956184387207,0.1925680935382843,0.9883794596568422,0.2936342231463196,0.2547706357389443,0.08733899548011398,0.10438668842699718
41505,1206,H1_30,0,0.015620998106896877,0.0023207124322652817,0.012054369784891605,0.01361185684800148,0.003243018174543977,0.03190925344824791,0.3586675226688385,0.0019637648947536945,0.0006791984868439988,0.004028190642541644,0.011669310652350572,0.0010869695889271908,0.03569748727384292
41506,1206,H1_30,0,0.0240321047604084,0.09562201797962189,0.027780724689364433,0.02107900008559227,0.005687347147613764,0.03327852487564087,0.3586675226688385,0.06974253058433533,0.350520199376013,0.08157588553688981,0.07826839111829455,0.008609464263042177,0.04573012172511201
41507,1206,H1_30,0,0.0038444134406745434,0.08178055286407471,0.0040036593563854694,0.005104923155158758,0.11715299636125565,0.0007173758931457996,0.3586675226688385,0.00766068184748292,0.1813187016367827,0.06275862976156205,0.0652278460381855,0.00229554306719046,0.04438129429248137
41509,1206,H1_30,0,0.02311502955853939,0.01885298267006874,0.022902103140950203,0.017547182738780975,0.019323039799928665,0.012463749386370182,0.3586675226688385,0.00810868851840496,0.08613670777517902,0.1094121660061518,0.0719018876625153,0.00862405251528782,0.05190149575212216
41510,1206,H1_30,0,0.025546083226799965,0.27869075536727905,0.041331857442855835,0.057056840509176254,0.5866857171058655,0.10276387631893158,0.3586675226688385,0.09107957035303116,0.9054544586773501,0.4900076468077086,0.38809244214864674,0.08038176029889257,0.21254166150288292
41512,1206,H1_30,0,0.009596247225999832,0.027202706784009933,0.011571013368666172,0.01176255103200674,0.01344167347997427,0.00541811715811491,0.3586675226688385,0.004731907043606043,0.32877302344842,0.16432935254743397,0.16052244315846229,0.002253906030805201,0.06789860421876105
41514,1206,H1_30,0,0.04202576354146004,0.2965410053730011,0.05390001833438873,0.03769112378358841,0.21993528306484222,0.050961319357156754,0.3586675226688385,0.09735569357872009,0.07119599541767241,0.031980936538389945,0.07632138100347187,0.02359276179306276,0.044911382816072876
41515,1206,H1_30,0,0.010065156035125256,0.015119349583983421,0.037904299795627594,0.0087603023275733,0.271696537733078,0.19583316147327423,0.3586675226688385,0.01508317980915308,0.1104225901127221,0.14231411609612224,0.14921116197149922,0.0035661894781797666,0.06695049964681121
41517,1206,H1_30,0,0.029260598123073578,0.09631199389696121,0.03772234544157982,0.01886364445090294,0.024471918120980263,0.036124106496572495,0.3586675226688385,0.03161487728357315,0.1390235950232206,0.06569961692169066,0.07002382755457263,0.0014868566884905846,0.04566914885648404
41518,1206,H1_30,1,0.10096454620361328,0.471491277217865,0.10868480801582336,0.04586542025208473,0.1336868852376938,0.013908152468502522,0.3586675226688385,0.06451577693223953,0.08635611632033796,0.10293489389156806,0.11508003891063855,0.0629897863928036,0.06077582315293576
41519,1206,H1_30,0,0.07669312506914139,0.07673154026269913,0.095417819917202,0.10737541317939758,0.2267063856124878,0.0643906518816948,0.3586675226688385,0.10984821617603302,0.16679553000278668,0.16835581632835359,0.14778993839553553,0.026871940361927398,0.0709830936706146
41524,1206,H1_30,0,0.27597105503082275,0.3786645233631134,0.16144105792045593,0.2658715844154358,0.1590627133846283,0.10750279575586319,0.6368104815483093,0.19199253618717194,0.9753964477465131,0.31883553126598263,0.2667129306278994,0.1606857169514041,0.12489235875106851
41525,1206,H1_30,0,0.014233600348234177,0.12499664723873138,0.013581319712102413,0.014347338117659092,0.018390372395515442,0.010015617124736309,0.6368104815483093,0.007730130571871996,0.12187879272549274,0.07738469249643276,0.07479396205556334,0.006236393245178578,0.04804763642058063
41527,1206,H1_30,0,0.1835983544588089,0.07034818083047867,0.2546547055244446,0.19450625777244568,0.08709731698036194,0.2200746387243271,0.6368104815483093,0.18775220215320587,0.8957570099499822,0.1727902027078841,0.21113208560200425,0.07060807823853578,0.07251755907183498
41528,1206,H1_30,0,0.0026893445756286383,0.0023207124322652817,0.002123455982655287,0.001688157208263874,0.0025239523965865374,0.001991291530430317,0.6368104815483093,0.0010732087539508939,0.003933215273966018,0.0,0.0030310281391014923,0.0002826764181499913,0.03452420094669735
41529,1206,H1_30,0,0.008951629512012005,0.0034162041265517473,0.018170006573200226,0.016241027042269707,0.14361104369163513,0.009937675669789314,0.6368104815483093,0.012797011062502861,0.07611904089708775,0.05449858935242555,0.05350892121781423,0.0014078952962173694,0.04354016328375913
41530,1206,H1_30,0,0.007761028129607439,0.04478796198964119,0.008753374218940735,0.0063663930632174015,0.023390768095850945,0.0021185483783483505,0.6368104815483093,0.010247644037008286,0.07677313896277667,0.0889974389876965,0.08253948302498973,0.0019113374213326011,0.050685555464373915
41531,1206,H1_30,0,0.0008990381611511111,0.009451915509998798,0.0007330452790483832,0.000479261128930375,0.012752024456858635,0.00021662746439687908,0.6368104815483093,0.0019373868126422167,0.3056235042979438,0.035229512710822315,0.026757014094247848,0.0005314254576994364,0.03636700543682678
41532,1206,H1_30,0,0.018842319026589394,0.041384123265743256,0.010595278814435005,0.02094096504151821,0.0047019412741065025,0.021543040871620178,0.6368104815483093,0.008986596949398518,0.6347387074975053,0.10915478012526746,0.0696869098410862,0.005213966443029313,0.04398298871989479
41533,1206,H1_30,1,0.35993674397468567,0.26359671354293823,0.43264666199684143,0.35635098814964294,0.13291035592556,0.34143978357315063,0.6368104815483093,0.4038117825984955,0.9966186009456607,0.3311435496850132,0.2752860220822579,0.16284330712452205,0.1277269524960192
41535,1206,H1_30,0,0.06644675880670547,0.07923054695129395,0.05686463415622711,0.028693240135908127,0.013922239653766155,0.014513240195810795,0.6368104815483093,0.04377590864896774,0.16909308785617455,0.08439324873504961,0.07338184078110026,0.03055417039635531,0.04929556136596288
41536,1206,H1_30,0,0.16362516582012177,0.1162693053483963,0.18666423857212067,0.07006846368312836,0.07157614082098007,0.043766383081674576,0.6368104815483093,0.07901821285486221,0.6269097601734934,0.24025084537842892,0.18530095590496898,0.051876163234802736,0.0831119638994957
41505,1206,H1_45,0,0.013234398327767849,0.01217359397560358,0.01710381731390953,0.014839628711342812,0.020548833534121513,0.022087568417191505,0.2957177758216858,0.006091149989515543,0.020505221356742286,0.0492819343017308,0.017882338334136338,0.004324975256250651,0.0400743934801935
41506,1206,H1_45,0,0.045590732246637344,0.666592001914978,0.04273485019803047,0.04367009550333023,0.0619988851249218,0.02421150729060173,0.2957177758216858,0.08478030562400818,0.7912622575657542,0.08329686721500258,0.08452446202990661,0.054776391978346425,0.04385052029921931
41507,1206,H1_45,0,0.006175555754452944,0.003479222534224391,0.00495144771412015,0.007163720671087503,0.01667405292391777,0.002605461748316884,0.2957177758216858,0.008806612342596054,0.18234861829868773,0.07531962303613784,0.06809989930653898,0.0033224316381036986,0.04602293498171952
41509,1206,H1_45,0,0.041471805423498154,0.004556641913950443,0.04296501353383064,0.014188370667397976,0.006612313445657492,0.12214067578315735,0.2957177758216858,0.008922689594328403,0.00016836246229237314,0.0724761640472223,0.08937013549105768,0.004772383117390267,0.05103665695322444
41510,1206,H1_45,0,0.30930131673812866,0.160091370344162,0.15440857410430908,0.18982082605361938,0.29778701066970825,0.18893396854400635,0.2957177758216858,0.20996278524398804,0.6020286926760096,0.4264009796822591,0.3573710092136263,0.17585918412392967,0.20856931115396016
41512,1206,H1_45,0,0.018360208719968796,0.05721486359834671,0.022103266790509224,0.018698418512940407,0.2767889201641083,0.019634107127785683,0.2957177758216858,0.010112816467881203,0.6360960030372669,0.24051467321548178,0.26045843396860113,0.003934627715013576,0.09453963430890917
41514,1206,H1_45,0,0.013598494231700897,0.008330320939421654,0.011656113900244236,0.011443215422332287,0.00869395025074482,0.014859726652503014,0.2957177758216858,0.00932301301509142,0.04614250140695852,0.04436985777967113,0.08140083623284307,0.018156229360277033,0.047094498758359936
41515,1206,H1_45,0,0.07758258283138275,0.01785944029688835,0.07247976213693619,0.1059020385146141,0.12780483067035675,0.226177379488945,0.2957177758216858,0.08451955765485764,0.22372124213815256,0.13582317835425892,0.16917150301392522,0.08624989417519391,0.07399480223420597
41517,1206,H1_45,0,0.30827322602272034,0.0463222973048687,0.1930217295885086,0.15215542912483215,0.31915828585624695,0.10643963515758514,0.2957177758216858,0.11176739633083344,0.05652376925836234,0.14643349087539853,0.149387036970004,0.027303930901379704,0.07014676253172823
41518,1206,H1_45,1,0.05349460616707802,0.0412922166287899,0.04358754679560661,0.035318247973918915,0.024709178134799004,0.03788887336850166,0.2957177758216858,0.017878109589219093,0.13861235404464076,0.1052689064249208,0.0846658376223448,0.012398600837196919,0.05252819811082756
41519,1206,H1_45,0,0.12677516043186188,0.03392605111002922,0.17620861530303955,0.12991413474082947,0.04782761260867119,0.33134233951568604,0.2957177758216858,0.1890304535627365,0.40001776071482603,0.1687715133930969,0.17449146684663247,0.11968305785939859,0.0794827606340104
41524,1206,H1_45,0,0.08604131639003754,0.035465821623802185,0.06925299763679504,0.07894820719957352,0.05419454351067543,0.06746114045381546,0.6195884943008423,0.07197176665067673,0.9372462293829433,0.27387039167148636,0.17753577400660897,0.03528773006439803,0.0793681838572572
41525,1206,H1_45,0,0.001918731490150094,0.045771535485982895,0.002518048044294119,0.002160420408472419,0.0037982033099979162,0.0012105329660698771,0.6195884943008423,0.0013603547122329473,0.055449300378955645,0.07643094914557277,0.04281722730953682,0.001029518293219535,0.04477646005404263
41527,1206,H1_45,0,0.05278027802705765,0.020742835476994514,0.08217302709817886,0.12210884690284729,0.09292621165513992,0.10152792930603027,0.6195884943008423,0.094059519469738,0.47344730897411,0.23435832909852058,0.20811795454032989,0.12694553805064723,0.0991807668893636
41528,1206,H1_45,0,0.0032300979364663363,0.0023207124322652817,0.002187615493312478,0.0020332045387476683,0.0030161377508193254,0.0020104253198951483,0.6195884943008423,0.000875290425028652,0.004568150407701072,0.001391164060560933,0.0009726443768996961,0.00027993269445726756,0.034441877760309055
41529,1206,H1_45,0,0.025434469804167747,0.012799698859453201,0.031210118904709816,0.028132855892181396,0.03855080530047417,0.01596079207956791,0.6195884943008423,0.015407898463308811,0.45054936292815856,0.06309461526709605,0.056442568335745895,0.013319579744850986,0.040736299817660894
41530,1206,H1_45,0,0.01569807156920433,0.01352099422365427,0.012711034156382084,0.004748240578919649,0.07124479115009308,0.004648528527468443,0.6195884943008423,0.009836816228926182,0.07907634356828978,0.0779534485695011,0.08258969569275257,0.005683651482653989,0.04965699313335633
41531,1206,H1_45,0,0.015593371354043484,0.23357495665550232,0.014153080061078072,0.010365382768213749,0.22532513737678528,0.007352739106863737,0.6195884943008423,0.04539583995938301,0.20209887694913506,0.09885980138688492,0.06515011708484444,0.012818591024573795,0.048299002491101604
41532,1206,H1_45,0,0.020467188209295273,0.3526122272014618,0.01827671192586422,0.011635253205895424,0.020212322473526,0.009603576734662056,0.6195884943008423,0.01065276749432087,0.7355826212115695,0.1263419106076311,0.06155575674764295,0.004506238424408555,0.04351092659819498
41533,1206,H1_45,0,0.036040157079696655,0.2619219720363617,0.07369975745677948,0.05748116597533226,0.06841886788606644,0.05061505362391472,0.6195884943008423,0.11482219398021698,0.9592206398867051,0.3622134409957146,0.20048585487516654,0.0686435299161116,0.10484432749422279
41535,1206,H1_45,0,0.011795870959758759,0.15651151537895203,0.01256625633686781,0.006583893671631813,0.12436335533857346,0.003279393073171377,0.6195884943008423,0.009544160217046738,0.5190117603855178,0.07271049251041739,0.05283803505287789,0.002553182733013833,0.03992322909681626
41536,1206,H1_45,0,0.07580040395259857,0.039870068430900574,0.08657895773649216,0.08794395625591278,0.07943941652774811,0.023107899352908134,0.6195884943008423,0.07774662226438522,0.44617685014115965,0.2043078654908025,0.17712800433943762,0.09132189301776002,0.08308892624819204
41505,1206,H2_15,0,0.0020199979189783335,0.0071211219765245914,0.002558920532464981,0.0018480988219380379,0.0022730084601789713,0.007253332529217005,0.3002759516239166,0.001578572322614491,0.0010562570529688777,0.009617654677751138,0.013226051658181226,0.0006289501833884122,0.03627315175041263
41506,1206,H2_15,0,0.015378952957689762,0.13735318183898926,0.012197015807032585,0.010644246824085712,0.038215864449739456,0.007232694886624813,0.3002759516239166,0.006006194278597832,0.3798467693938534,0.06617414467582824,0.060914886618142774,0.0014571994407923798,0.0417315740115928
41507,1206,H2_15,0,0.010170891880989075,0.001217805314809084,0.011892693117260933,0.007254974450916052,0.03948429226875305,0.012838957831263542,0.3002759516239166,0.007938241586089134,0.22020859092424822,0.06697929435888735,0.08013273240617774,0.0014380627331726686,0.04598024236224404
41509,1206,H2_15,0,0.04258941486477852,0.029598714783787727,0.03160102292895317,0.022074906155467033,0.0013927911641076207,0.0722837746143341,0.3002759516239166,0.02188093215227127,8.253001783282296e-06,0.07356577998522545,0.09631644327363363,0.010430009905987993,0.05238671365981903
41511,1206,H2_15,0,0.11011838167905807,0.011226406320929527,0.09690845757722855,0.03990459069609642,0.13145388662815094,0.13233420252799988,0.17318129539489746,0.02681710384786129,0.07002376098232703,0.15555447236447123,0.21069062646228104,0.03820978627434044,0.0845532806548314
41512,1206,H2_15,0,0.048721715807914734,0.0070695229806005955,0.047838710248470306,0.04586957022547722,0.0827440693974495,0.02215871959924698,0.3002759516239166,0.03178727254271507,0.41168755569179666,0.17707373283030237,0.202218444576809,0.015493618320473562,0.07680500844749653
41513,1206,H2_15,0,0.1165759265422821,0.00827297568321228,0.1026204451918602,0.11563725769519806,0.02419099025428295,0.13915689289569855,0.17318129539489746,0.0938740149140358,0.027815988192094562,0.15596322020137227,0.16736122921370855,0.022347436753497,0.07516223722698274
41514,1206,H2_15,0,0.0010398190934211016,0.008980155922472477,0.0015046397456899285,0.0007885273662395775,0.00927471462637186,0.0014131159987300634,0.3002759516239166,0.0015887332847341895,0.01436875478513959,0.01163062069213731,0.01058539703497534,0.00022906366648236655,0.03602666995384341
41516,1206,H2_15,0,0.024851368740200996,0.33781617879867554,0.028770431876182556,0.0368487574160099,0.0822465717792511,0.027316337451338768,0.17318129539489746,0.02047937922179699,0.806759864802714,0.199287229010132,0.1707921831541085,0.0037396129138432908,0.0661749994590498
41518,1206,H2_15,1,0.02726251259446144,0.02205519750714302,0.033278938382864,0.024402571842074394,0.04440618306398392,0.0055895010009408,0.3002759516239166,0.04359200969338417,0.3241516396280146,0.04535065577255433,0.0728822070709817,0.013391181863506293,0.042240070399436606
41519,1206,H2_15,0,0.1108192652463913,0.0569748654961586,0.09609086811542511,0.14253336191177368,0.013217502273619175,0.13747811317443848,0.3002759516239166,0.13297507166862488,0.767906417641501,0.11132117954518445,0.13689162114519382,0.06505183299983168,0.05418506315275057
41524,1206,H2_15,0,0.04165664315223694,0.020825214684009552,0.022746305912733078,0.04105308651924133,0.03662163391709328,0.018630456179380417,0.5771340131759644,0.03662107139825821,0.2775584616419373,0.13758701127767356,0.11097284443910362,0.01511362073526392,0.05808825474675777
41525,1206,H2_15,0,0.006505567580461502,0.2380436807870865,0.008754490874707699,0.006235471460968256,0.006153942551463842,0.0009327190928161144,0.5771340131759644,0.011205767281353474,0.2929321587390676,0.03875894439987326,0.03957011672503163,0.006401233379847582,0.03828885398479021
41527,1206,H2_15,0,0.14135466516017914,0.030444834381341934,0.16056065261363983,0.14784422516822815,0.074073925614357,0.0678446963429451,0.5771340131759644,0.12150291353464127,0.6409361643102016,0.0996149692273799,0.0793691356541839,0.11301153326479983,0.050357278051736454
41528,1206,H2_15,0,0.00908269826322794,0.0022864127531647682,0.006495958659797907,0.006480420473963022,0.01607085019350052,0.004923386499285698,0.5771340131759644,0.0031953889410942793,0.00909772708505977,0.01581236540601212,0.01957531540878504,0.0012318146379254426,0.037325821182074746
41529,1206,H2_15,0,0.034652598202228546,0.06691335886716843,0.06428377330303192,0.0262692179530859,0.06699086725711823,0.013640799559652805,0.5771340131759644,0.020857200026512146,0.362888985464567,0.04222908077782348,0.04764046704228063,0.009916062369487041,0.03876264806053399
41530,1206,H2_15,0,0.011597668752074242,0.0012399022234603763,0.012740095146000385,0.006261956878006458,0.009400801733136177,0.0020410537254065275,0.5771340131759644,0.006435495335608721,0.09227265755499217,0.04198006388131138,0.060665263701442686,0.0036240154316374254,0.04305360381414491
41531,1206,H2_15,0,0.006026468239724636,0.04085337743163109,0.0036478182300925255,0.002471944782882929,0.011224491521716118,0.0019433478591963649,0.5771340131759644,0.010439951904118061,0.20402479615117955,0.07097508325198795,0.04356673596853981,0.003838970276893692,0.042542665289210406
41532,1206,H2_15,0,0.014561858028173447,0.26405274868011475,0.007769264746457338,0.011426102370023727,0.007130649406462908,0.005138314329087734,0.5771340131759644,0.003652361687272787,0.6874717812560807,0.0794181381207807,0.04569461892432972,0.0012227905398747836,0.037935956286660265
41533,1206,H2_15,0,0.05937312915921211,0.05990675836801529,0.03658844530582428,0.05011120066046715,0.009839783422648907,0.026067281141877174,0.5771340131759644,0.014476170763373375,0.4785138982129776,0.2102786680789862,0.13447674444392632,0.029523709693170138,0.06977132970076678
41535,1206,H2_15,0,0.005177410785108805,0.015788627788424492,0.007872466929256916,0.0038280333392322063,0.007739594671875238,0.0036674977745860815,0.5771340131759644,0.00327883823774755,0.07548789190661666,0.04954047678418224,0.03655850544843615,0.0009311954325835276,0.041229015308621615
41536,1206,H2_15,0,0.022716199979186058,0.0008893688209354877,0.02700207754969597,0.03363431245088577,0.01597714051604271,0.06708609312772751,0.5771340131759644,0.01459682360291481,0.33268927743393156,0.18729737515269226,0.17362648787899357,0.003385770794493169,0.07372162824835014
41505,1206,H2_30,0,0.0005491063930094242,0.0020041847601532936,0.0007336557027883828,0.0004780174349434674,0.0014179168501868844,0.0022581543307751417,0.2721092402935028,0.0012587677920237184,0.0034701767224830445,0.004226181680555617,0.015574631482353522,0.00043703318625637976,0.036019937515517984
41506,1206,H2_30,0,0.010078025050461292,0.5609570145606995,0.008084864355623722,0.0129372738301754,0.00607330072671175,0.01651030406355858,0.2721092402935028,0.011403384618461132,0.6945684376885689,0.041264567363056205,0.06451175991283656,0.0024137863759654634,0.03651360438656732
41507,1206,H2_30,0,0.008532144129276276,0.04190218076109886,0.007607535924762487,0.0070726266130805016,0.011885871179401875,0.0077588800340890884,0.2721092402935028,0.008287811651825905,3.571466153255101e-06,0.04008204639962968,0.05253476574922737,0.001909162781391667,0.043056940577054566
41508,1206,H2_30,0,0.0023647646885365248,0.02164711058139801,0.0037755605299025774,0.004166489467024803,0.006321845576167107,0.022945603355765343,0.16062253713607788,0.003098263405263424,0.023645762245953866,0.11948224882086057,0.11368727658882458,0.001083736686552888,0.059578988919096985
41511,1206,H2_30,0,0.03522130474448204,0.04136406630277634,0.023856567218899727,0.01241618674248457,0.10931193828582764,0.008735531009733677,0.17173166573047638,0.005035129375755787,0.02585641127663308,0.1515340099958497,0.11996725115695142,0.0034446272042540863,0.06507134761159598
41512,1206,H2_30,0,0.07806256413459778,0.022657692432403564,0.06017933413386345,0.04922852665185928,0.04103459045290947,0.0637175589799881,0.2721092402935028,0.029905062168836594,0.24843294867151752,0.1931973785346238,0.18046254015095894,0.0184064830185964,0.0790672007604341
41513,1206,H2_30,0,0.02731165662407875,0.016292478889226913,0.036240678280591965,0.020656848326325417,0.01736014522612095,0.14119087159633636,0.17173166573047638,0.020461106672883034,0.10326255455621014,0.1524515996790218,0.12509675983854857,0.003646368781343935,0.0645367706864584
41514,1206,H2_30,0,0.0017704041674733162,0.01729353703558445,0.002244416857138276,0.0015210096025839448,0.00366199086420238,0.002987045096233487,0.2721092402935028,0.0021992444526404142,0.01285693138261772,0.015895063311034307,0.02326980378445659,0.0016333384323278474,0.03766976331650646
41516,1206,H2_30,0,0.06473280489444733,0.43612247705459595,0.10427074134349823,0.08785712718963623,0.07841543853282928,0.08020792156457901,0.17173166573047638,0.04287415370345116,0.5585593694260673,0.22700256468858565,0.266884208978054,0.030753211818322083,0.09810165693309003
41518,1206,H2_30,1,0.0012247657869011164,0.05426568165421486,0.0014419573126360774,0.001708908355794847,0.006736213341355324,0.0028266487643122673,0.2721092402935028,0.002753474982455373,0.04077686298718735,0.10287819642140375,0.07733478121172395,0.0011593236979226735,0.05210942842182873
41520,1206,H2_30,0,0.0073992484249174595,0.02966420166194439,0.008755931630730629,0.010365745052695274,0.012900043278932571,0.010200345888733864,0.16062253713607788,0.009770076721906662,0.3673667832875434,0.10223498560058397,0.08035757585869836,0.0028346823086147477,0.04779388546655001
41524,1206,H2_30,0,0.021603839471936226,0.028983164578676224,0.012121346779167652,0.03435983508825302,0.044426582753658295,0.010460864752531052,0.25091931223869324,0.05354195833206177,0.686216034480272,0.14005719717094783,0.1140369486478506,0.0231652763711184,0.05308048986830217
41525,1206,H2_30,0,0.0012639692286029458,0.003074093721807003,0.0007110575097613037,0.0013941586948931217,0.01685049943625927,0.00019253639038652182,0.25091931223869324,0.0009270677692256868,0.00513847927823195,0.06926431093587561,0.03936338778285011,0.00108790397844471,0.04433937944175941
41527,1206,H2_30,0,0.050234876573085785,0.02867528796195984,0.06727591902017593,0.065965436398983,0.22028616070747375,0.02834472991526127,0.25091931223869324,0.04214605316519737,0.6068384051455922,0.16655408168143807,0.09360769722680391,0.03618347035837774,0.05558098947269876
41528,1206,H2_30,0,0.0054789395071566105,0.0022864127531647682,0.0030314300674945116,0.0047933305613696575,0.0025454657152295113,0.00456901453435421,0.25091931223869324,0.0021423865109682083,0.008465960227560632,0.0013185132909903552,0.004863841637375683,0.000872341380601872,0.034767095052829024
41529,1206,H2_30,0,0.0061586578376591206,0.08597967773675919,0.010094230994582176,0.003045923076570034,0.005062209442257881,0.004910682328045368,0.25091931223869324,0.0030377889052033424,0.22613017611692007,0.02312582298421764,0.024867433391726267,0.0006892327834615985,0.036043111612798565
41530,1206,H2_30,0,0.005629934370517731,0.003013208508491516,0.004410588648170233,0.0015693556051701307,0.0017783298389986157,0.0022778562270104885,0.25091931223869324,0.0057840486988425255,0.02336805682506037,0.04370798038433633,0.04697046751317282,0.002837913287715235,0.04254647633836969
41531,1206,H2_30,0,0.0019381919410079718,0.011174247600138187,0.001995289931073785,0.0014813492307439446,0.002016790909692645,0.001957905711606145,0.25091931223869324,0.00446006003767252,0.07372093337383115,0.021682632156760265,0.027530179687191795,0.0025264347158419874,0.03792459128271406
41532,1206,H2_30,0,0.005960642360150814,0.11436065286397934,0.005576970987021923,0.003372662467882037,0.008817077614367008,0.005120371002703905,0.25091931223869324,0.0030700673814862967,0.38803057311238437,0.09024852106703954,0.020052849293747246,0.0009385626478275016,0.039528351177809236
41533,1206,H2_30,0,0.03640506789088249,0.010331710800528526,0.050529979169368744,0.046907711774110794,0.029995892196893692,0.015747033059597015,0.25091931223869324,0.021913044154644012,0.042515977826787316,0.18823967702016112,0.10130056866768858,0.005900866964077207,0.0670789753138316
41535,1206,H2_30,0,0.00043211341835558414,0.007740485016256571,0.00040096184238791466,0.0003472641983535141,0.0025365971960127354,0.0002626541827339679,0.25091931223869324,0.0007913053268566728,0.47471503083741906,0.01673633402971168,0.023923740765896054,0.0001094661702184568,0.03297206037228861
41536,1206,H2_30,0,0.05518458038568497,0.005258279852569103,0.03569013252854347,0.05134963244199753,0.02886004000902176,0.021926073357462883,0.25091931223869324,0.03144291415810585,0.7594470701366153,0.13554502427778484,0.11743191413431918,0.010031637330694822,0.05120851397170307
41550,1207,H1_15,0,0.0020350078120827675,0.002416750881820917,0.0028471709229052067,0.0038542028050869703,0.0009711175225675106,0.0013804566115140915,0.4622790515422821,0.0008556767133995891,0.000563559346264178,0.0013315959295110453,0.001249059007470033,0.00020823464342818292,0.03357153553526055
41551,1207,H1_15,0,0.0018956223502755165,0.0437098927795887,0.004302526358515024,0.0043061827309429646,0.06162993237376213,0.009383752010762691,0.4622790515422821,0.010766010731458664,0.35646686505593433,0.16463123448508205,0.1398086991896469,0.005300218345682332,0.062470293383623116
41552,1207,H1_15,0,0.005445363465696573,0.09191315621137619,0.009736449457705021,0.008758055046200752,0.012480192817747593,0.008453133516013622,0.4622790515422821,0.0087451646104455,0.439178456525316,0.07134243351872663,0.062110300835857786,0.006727168289556869,0.04068702503887832
41553,1207,H1_15,0,0.04500750079751015,0.05767151713371277,0.04590229690074921,0.07846604287624359,0.017618803307414055,0.17020948231220245,0.4622790515422821,0.07632569968700409,0.3692174883800209,0.10813901682587732,0.11772001151564926,0.022156788413434512,0.0532148442175372
41554,1207,H1_15,0,0.0026250940281897783,0.08927576243877411,0.003304536920040846,0.003833470633253455,0.020273959264159203,0.010145029984414577,0.4622790515422821,0.006956086959689856,0.21970342226673642,0.06718644893906768,0.05616784169951708,0.0018335147512225567,0.04205564263877879
41555,1207,H1_15,0,0.029377007856965065,0.11525216698646545,0.037313226610422134,0.04949459806084633,0.27268511056900024,0.017597874626517296,0.4622790515422821,0.07641757279634476,0.7872070420489449,0.2816763588767755,0.21336029922692357,0.01529458011967926,0.09244752594716295
41556,1207,H1_15,0,0.0038872268050909042,0.1645626425743103,0.006944429595023394,0.004721848294138908,0.04284502938389778,0.012587301433086395,0.4622790515422821,0.004461396019905806,0.7537258480504941,0.07654662666248142,0.07066239302249762,0.0017505288636940806,0.03868968644172253
41557,1207,H1_15,0,0.35725831985473633,0.4313960373401642,0.35615164041519165,0.44532281160354614,0.1509803682565689,0.5726138353347778,0.4622790515422821,0.2431538701057434,0.9718772782983606,0.28189175872061945,0.30295402574196084,0.1473944003154025,0.11540902065011767
41558,1207,H1_15,0,0.16494682431221008,0.490003377199173,0.18163491785526276,0.29509061574935913,0.25452136993408203,0.2610553205013275,0.4622790515422821,0.31270551681518555,0.8301744051480179,0.2855725911375346,0.3346238151922548,0.025681082249496324,0.1314617343640898
41563,1207,H1_15,0,0.001947860000655055,0.3561059832572937,0.0026308041997253895,0.003244920866563916,0.14247553050518036,0.010706392116844654,0.4622790515422821,0.003725761314854026,0.5924537457042878,0.12909565326102862,0.16728167084739892,0.0006098820184505959,0.057009030052675
41564,1207,H1_15,0,0.05483202263712883,0.030450528487563133,0.0781385600566864,0.08590316772460938,0.02176884189248085,0.3721214830875397,0.4622790515422821,0.05691027268767357,0.6511433167548144,0.21991515226609834,0.2837487455346726,0.007881667593081452,0.093304580815238
41566,1207,H1_15,0,0.01014504861086607,0.002416750881820917,0.00637787813320756,0.010214784182608128,0.0008874890627339482,0.0051073068752884865,0.49019744992256165,0.002128673018887639,0.0011836083018187862,0.0029608167770419423,0.008513780442328827,0.0006889438194934618,0.03427821155118723
41568,1207,H1_15,0,0.006908472161740065,0.06507693976163864,0.006038626190274954,0.008739512413740158,0.021948065608739853,0.002885892754420638,0.49019744992256165,0.009528112597763538,0.26706613156154685,0.08128909136730716,0.07316151095797546,0.0027100520670789155,0.044724758832219845
41569,1207,H1_15,0,0.010018213652074337,0.06869231164455414,0.013262294232845306,0.009652332402765751,0.019017688930034637,0.007172387558966875,0.49019744992256165,0.05045131593942642,0.5552793487687623,0.18109034692171438,0.0872383035693269,0.02264454384771209,0.056583966018952984
41570,1207,H1_15,0,0.016086187213659286,0.14341415464878082,0.007809885777533054,0.008978446014225483,0.029255829751491547,0.04527726396918297,0.49019744992256165,0.01009183470159769,0.45344282924259416,0.11704873068511351,0.07320146976340466,0.0026457600946602137,0.046681650838631426
41572,1207,H1_15,1,0.28232112526893616,0.12682485580444336,0.3119412362575531,0.20731011033058167,0.037596967071294785,0.27684327960014343,0.49019744992256165,0.1944631040096283,0.9552835606947645,0.4012645056186797,0.3222096555492072,0.16544985113431654,0.15775171617960893
41573,1207,H1_15,0,0.018349574878811836,0.18797706067562103,0.015575763769447803,0.020735114812850952,0.05888994410634041,0.02171463333070278,0.49019744992256165,0.012514088302850723,0.6134590348601184,0.15966698300978774,0.15927207015602715,0.0019291886711712764,0.06055746793584069
41575,1207,H1_15,0,0.18240998685359955,0.21307431161403656,0.13172794878482819,0.12868066132068634,0.051335543394088745,0.03922531381249428,0.49019744992256165,0.1530534029006958,0.944346061629621,0.21353054216363446,0.18450776727377644,0.02043670634005756,0.07294267087666306
41577,1207,H1_15,0,0.17295587062835693,0.23553718626499176,0.2008994072675705,0.20988352596759796,0.03145771473646164,0.06355555355548859,0.49019744992256165,0.07656022906303406,0.8127113673261162,0.1574818768893668,0.13347391796292654,0.02366896095866822,0.05608679891257532
41578,1207,H1_15,0,0.045529477298259735,0.25362324714660645,0.03256399929523468,0.02905070222914219,0.042410191148519516,0.031218821182847023,0.49019744992256165,0.01573335938155651,0.48856463437161973,0.17856009128283098,0.14006662850464188,0.0024178517129895692,0.06289464474595498
41579,1207,H1_15,0,0.2374349683523178,0.13704705238342285,0.17700080573558807,0.18479257822036743,0.5057058930397034,0.09920509159564972,0.49019744992256165,0.23293763399124146,0.8781205305389342,0.30949099463960084,0.2406208905580266,0.08574350181484228,0.11040895658868911
41580,1207,H1_15,0,0.003099107649177313,0.06086711212992668,0.0030987125355750322,0.008655720390379429,0.008262394927442074,0.002379031153395772,0.49019744992256165,0.0013760803267359734,0.18683131975164097,0.08864521773252819,0.05769185890221536,0.0017074796047847564,0.04477774309970436
41550,1207,H1_30,0,0.004336456302553415,0.002416750881820917,0.00814969651401043,0.005508581176400185,0.0016341973096132278,0.007862076163291931,0.44048038125038147,0.0015833195066079497,0.0003421916883291444,0.0070965418062524524,0.011519163927370317,0.0007578190378547224,0.03485381964320269
41551,1207,H1_30,0,0.0010207127779722214,0.009016861207783222,0.0008795387111604214,0.0010652260389178991,0.006590814329683781,0.002373042982071638,0.44048038125038147,0.0008545935270376503,0.04902618293175739,0.06677315790301695,0.03190054091823781,0.00014808587154093906,0.04156298639963183
41552,1207,H1_30,0,0.0007533585885539651,0.014285639859735966,0.0009332315530627966,0.0006876885890960693,0.0027816775254905224,0.012423165142536163,0.44048038125038147,0.0006947231013327837,0.0038046069396200344,0.0730093297620635,0.054515303293146695,0.00035789688393575913,0.044931629923736914
41553,1207,H1_30,0,0.11680817604064941,0.45656272768974304,0.043687157332897186,0.1539851874113083,0.06496964395046234,0.2516818940639496,0.44048038125038147,0.07194270938634872,0.20702587714215756,0.06871462744629109,0.1261038301182188,0.049584053348932705,0.05146126663149473
41554,1207,H1_30,0,0.0025085671804845333,0.006023644469678402,0.0021651675924658775,0.0016471744747832417,0.12628644704818726,0.013123136945068836,0.44048038125038147,0.006181973963975906,0.14959670185785703,0.06859986519180938,0.05969360180035314,0.0009007265687455124,0.043327003117713335
41555,1207,H1_30,0,0.1488686054944992,0.37123486399650574,0.12728330492973328,0.14354510605335236,0.40134376287460327,0.05586986988782883,0.44048038125038147,0.12357711046934128,0.8211414272722046,0.27609957016398484,0.22445022359332265,0.09417862951139298,0.09467032314782686
41556,1207,H1_30,0,0.012019762769341469,0.06521578878164291,0.020190473645925522,0.005272840615361929,0.014098355546593666,0.0370822511613369,0.44048038125038147,0.009204733185470104,0.1869123298587966,0.03619476295787391,0.03726825879654507,0.002115577773710408,0.03773316835702423
41557,1207,H1_30,0,0.12349976599216461,0.28660497069358826,0.15572404861450195,0.03544938191771507,0.022348958998918533,0.34677064418792725,0.44048038125038147,0.1355699747800827,0.04713028738108911,0.2602180080554301,0.25931547649197895,0.05246302261132918,0.11651838240605798
41558,1207,H1_30,0,0.06289904564619064,0.2943881154060364,0.13715176284313202,0.11775809526443481,0.1264270395040512,0.2948470115661621,0.44048038125038147,0.18860436975955963,0.3731318989317499,0.2198531451777652,0.22603213859136884,0.04973524896653849,0.09365239676694326
41563,1207,H1_30,0,0.0033867722377181053,0.022308602929115295,0.003914539236575365,0.002902416745200753,0.04842009395360947,0.022326892241835594,0.44048038125038147,0.005275395233184099,0.5866384179607979,0.13501080326217949,0.13551483330608896,0.0018037908445874048,0.054118180385100835
41564,1207,H1_30,0,0.08196532726287842,0.09605059772729874,0.14079999923706055,0.27302947640419006,0.35435137152671814,0.3045037090778351,0.44048038125038147,0.08874896168708801,0.9274460294704567,0.20205331459216475,0.26002525952274386,0.13289365246036844,0.08137615752812567
41566,1207,H1_30,0,0.0033056363463401794,0.002416750881820917,0.003916222136467695,0.004330309107899666,0.0013661653501912951,0.0012273758184164762,0.5099120140075684,0.0011635653208941221,0.008428959846677445,0.0014804083885209712,0.00135404271309576,0.0003471098083128043,0.033520603911765055
41568,1207,H1_30,0,0.04699607565999031,0.004651547409594059,0.033547863364219666,0.046151235699653625,0.05843266844749451,0.02991817332804203,0.5099120140075684,0.03844144940376282,0.8114211030093931,0.10857626939164182,0.08711924912544029,0.008939573115763603,0.04375283139717782
41569,1207,H1_30,0,0.005535133183002472,0.05550733581185341,0.00829372275620699,0.0054236832074820995,0.011995160952210426,0.0015308078145608306,0.5099120140075684,0.013265539892017841,0.9102843356623049,0.14100893905277276,0.09427662017696802,0.0036293112551722766,0.04675102569903894
41570,1207,H1_30,0,0.0032587130554020405,0.20958435535430908,0.0021179758477956057,0.0026188914198428392,0.0502200722694397,0.001305304584093392,0.5099120140075684,0.004151419270783663,0.8184912788825002,0.09125132759840068,0.07312134525998204,0.002285345762997938,0.03978736670483697
41572,1207,H1_30,1,0.20798544585704803,0.09939274191856384,0.19120654463768005,0.13109378516674042,0.028543001040816307,0.20078478753566742,0.5099120140075684,0.17638826370239258,0.8527001900317693,0.2914012771270799,0.2478922209129401,0.30447985238893804,0.106336791141525
41573,1207,H1_30,0,0.0018187836976721883,0.023304633796215057,0.0019327576737850904,0.002347196452319622,0.037902794778347015,0.0027671772986650467,0.5099120140075684,0.0034032706171274185,0.42833550291526984,0.1570144215455348,0.13775090801937612,0.0009381372971344877,0.059717994498273086
41575,1207,H1_30,0,0.14593113958835602,0.047607529908418655,0.16481071710586548,0.10552610456943512,0.21153482794761658,0.1503896415233612,0.5099120140075684,0.15316742658615112,0.9389758528672023,0.17918802743647133,0.18654304929186175,0.06815353840890696,0.06717286675210164
41577,1207,H1_30,0,0.20761406421661377,0.10027920454740524,0.16373391449451447,0.24106049537658691,0.034403640776872635,0.1211237981915474,0.5099120140075684,0.19923953711986542,0.6282746458017889,0.13834427628818274,0.13397638853572377,0.17402805485422884,0.060151574674733206
41578,1207,H1_30,0,0.002418472431600094,0.12547293305397034,0.006767244078218937,0.002903972053900361,0.029682785272598267,0.0018927771598100662,0.5099120140075684,0.010919329710304737,0.6631107865308676,0.11722286256740505,0.0931387595468866,0.0008486229780009856,0.04635560063881008
41579,1207,H1_30,0,0.18548612296581268,0.6340732574462891,0.2885485291481018,0.2354251891374588,0.32386136054992676,0.16566291451454163,0.5099120140075684,0.21730618178844452,0.8602991998741583,0.18499574327239585,0.1676938823304675,0.08409665037284425,0.06874001929271698
41580,1207,H1_30,0,0.00166409055236727,0.0896839052438736,0.0023177291732281446,0.003229764988645911,0.035624224692583084,0.009760638698935509,0.5099120140075684,0.0012226973194628954,0.02985775043499567,0.1615517217924845,0.0625470602080933,0.0007616240781025326,0.05654283001269389
41550,1207,H1_45,0,0.008058076724410057,0.002416750881820917,0.009106379933655262,0.01220655720680952,0.001377918291836977,0.015890881419181824,0.41418972611427307,0.0027853716164827347,0.000450228223186634,0.002812004318032017,0.012535985599827852,0.001519500233595326,0.0346024710308774
41551,1207,H1_45,0,0.0020114865619689226,0.006923058535903692,0.003964139148592949,0.0021679860074073076,0.038900766521692276,0.008697024546563625,0.41418972611427307,0.0028668600134551525,0.0051644683392976475,0.0664701987629497,0.07313397895306603,0.0011945112103576106,0.04613068764219152
41552,1207,H1_45,0,0.03281555697321892,0.05026688799262047,0.034334562718868256,0.023489510640501976,0.03098054602742195,0.010770170018076897,0.41418972611427307,0.039130281656980515,0.23639749722203884,0.1198016488018483,0.06895682488750685,0.0047341930551329835,0.04991566830993225
41553,1207,H1_45,0,0.024181611835956573,0.07262962311506271,0.02200724557042122,0.02541833557188511,0.09669677913188934,0.10845014452934265,0.41418972611427307,0.013645432889461517,0.09483922496606147,0.1452513338333953,0.14055604129160817,0.008637805306153481,0.06373806572540423
41554,1207,H1_45,0,0.0067243012599647045,0.0050776125863194466,0.008980507962405682,0.006889674346894026,0.036308273673057556,0.03457522392272949,0.41418972611427307,0.006477903574705124,0.08276410872843809,0.13720836293385025,0.09348506136263471,0.0009581301853069209,0.05631108057522726
41555,1207,H1_45,0,0.027968572452664375,0.00892612710595131,0.04692329838871956,0.039708126336336136,0.057138483971357346,0.037468913942575455,0.41418972611427307,0.050764959305524826,0.7472795426385743,0.2545696457753489,0.16132036750099932,0.07816785008782562,0.07714771539057698
41556,1207,H1_45,0,0.016895703971385956,0.4442847967147827,0.023401543498039246,0.010605581104755402,0.32672277092933655,0.008646220900118351,0.41418972611427307,0.03038191795349121,0.7572317833960138,0.06179557165959154,0.05296403967028789,0.0049208468173911005,0.03623112025500372
41557,1207,H1_45,0,0.028764812275767326,0.04591478779911995,0.03132103756070137,0.03863103315234184,0.031734831631183624,0.10082971304655075,0.41418972611427307,0.04517079517245293,0.2167960341927733,0.20460342038033275,0.12852002632996196,0.029217952161230524,0.07103945990677264
41558,1207,H1_45,0,0.005248303059488535,0.022004880011081696,0.01438049040734768,0.012542499229311943,0.028927795588970184,0.054808732122182846,0.41418972611427307,0.006262603681534529,0.2327869178490802,0.20611542790771442,0.10542880526004678,0.008234646483032381,0.06626351407457493
41563,1207,H1_45,0,0.0023479582741856575,0.01027495227754116,0.003345589619129896,0.005805855616927147,0.016562767326831818,0.007787743117660284,0.41418972611427307,0.006135477684438229,0.4835308469578956,0.10053252426082893,0.09333285431466093,0.0010878268976163312,0.046333196805384134
41564,1207,H1_45,0,0.024949606508016586,0.11944938451051712,0.019470585510134697,0.030113069340586662,0.04175274446606636,0.0616045817732811,0.41418972611427307,0.018696673214435577,0.3645599117269039,0.0926803802057294,0.0959528364142976,0.005534477454331831,0.04740833992741437
41566,1207,H1_45,0,0.0021222559735178947,0.0012654900783672929,0.002526390366256237,0.002346890512853861,0.005475612357258797,0.0006977514130994678,0.3951173424720764,0.0013327141059562564,0.011170528835179144,0.039928992077426194,0.027470334579079794,0.0006268111802551335,0.03897029780788528
41568,1207,H1_45,0,0.0029709788504987955,0.2603360116481781,0.004013966768980026,0.0037700976245105267,0.01049074437469244,0.0029715776909142733,0.3951173424720764,0.01086891908198595,0.061194815624525827,0.12060761786950049,0.04769809312829573,0.001147313749244771,0.049251902097397084
41569,1207,H1_45,0,0.03635508194565773,0.036542024463415146,0.03359808400273323,0.021659530699253082,0.11898548156023026,0.005124822724610567,0.3951173424720764,0.043149713426828384,0.7042635599782564,0.27814163444373347,0.13067551170493016,0.005223173717039807,0.07722773444812829
41570,1207,H1_45,0,0.0008424287661910057,0.157972514629364,0.0006911514792591333,0.0007878589094616473,0.02035650983452797,0.001368202967569232,0.3951173424720764,0.0012822742573916912,0.5472773040140628,0.08766997892456754,0.025807326885482037,0.00040073708386641535,0.03790265971777427
41572,1207,H1_45,1,0.18644320964813232,0.14922106266021729,0.0857006311416626,0.1096106469631195,0.024387650191783905,0.1914432942867279,0.3951173424720764,0.07882913947105408,0.8032689362644865,0.3309928821917472,0.21638804354934754,0.1372486308135945,0.10558094614929618
41573,1207,H1_45,0,0.021526046097278595,0.03933039307594299,0.020635930821299553,0.02515307068824768,0.14453406631946564,0.023434508591890335,0.3951173424720764,0.03592484071850777,0.5377158610854459,0.1916107764732628,0.18204091107121434,0.021024988335321328,0.07112792715489319
41575,1207,H1_45,0,0.3875789940357208,0.06562424451112747,0.2671043872833252,0.4107680022716522,0.2129603773355484,0.052904561161994934,0.3951173424720764,0.273309588432312,0.915774527317712,0.2136066730497685,0.1349277941125553,0.22925784585994954,0.07070703141078914
41577,1207,H1_45,0,0.023403313010931015,0.015933874994516373,0.014960872940719128,0.04773950204253197,0.05143428221344948,0.004955097567290068,0.3951173424720764,0.016691526398062706,0.8276849061688609,0.17749654054044173,0.1171232113905778,0.016086721253627468,0.055287474420327394
41578,1207,H1_45,0,0.06104235351085663,0.5766810774803162,0.04058199003338814,0.04850326478481293,0.054034020751714706,0.024806955829262733,0.3951173424720764,0.029041200876235962,0.2566229085178127,0.1498460538983792,0.10469241095318306,0.00404338628229173,0.05763248338831064
41579,1207,H1_45,0,0.047791987657547,0.023818785324692726,0.020527902990579605,0.04364273324608803,0.040886104106903076,0.038287509232759476,0.3951173424720764,0.009844481945037842,0.8190440529704921,0.10414448962080972,0.13428959561414616,0.00593102380847203,0.04723473168881418
41580,1207,H1_45,0,0.005653232801705599,0.030188700184226036,0.004064924083650112,0.005247856955975294,0.005463980603963137,0.0031961649656295776,0.3951173424720764,0.0023334792349487543,0.0020951492542636402,0.13077308758018616,0.08519301938481263,0.0007284636646903184,0.055464447094569436
41550,1207,H2_15,0,0.0028309919871389866,0.0018572536064311862,0.004821121226996183,0.0029699252918362617,0.0015978894662111998,0.005802059080451727,0.2528119683265686,0.002159230411052704,0.0014361735207816854,0.0013315959295110453,0.009248639987095757,0.0007568974723598206,0.034199847066739675
41551,1207,H2_15,0,0.0007221564301289618,0.007513976190239191,0.0008353804005309939,0.0006764862919226289,0.003898368217051029,0.002472436986863613,0.2528119683265686,0.0009525665664114058,0.0028954883843892157,0.024464115889166464,0.04529077000731689,0.00043581459202246965,0.039156680094987274
41552,1207,H2_15,0,0.0012125796638429165,0.002966164844110608,0.0014967331662774086,0.0009365567239001393,0.010556981898844242,0.0019167556893080473,0.2528119683265686,0.000733660941477865,0.12098568348954401,0.06639335036607419,0.025163614457235386,0.0004901623574808029,0.04010697218961736
41553,1207,H2_15,0,0.033082980662584305,0.44175028800964355,0.009844811633229256,0.030205953866243362,0.06743365526199341,0.14774090051651,0.2528119683265686,0.06814927607774734,0.0853352819513525,0.11055488291862553,0.149376886544375,0.034704189925289446,0.06167455537918249
41554,1207,H2_15,0,0.0016494202427566051,0.010433834977447987,0.002599420491605997,0.0015603788197040558,0.01990576460957527,0.006896061357110739,0.2528119683265686,0.00339035177603364,0.10704373141594085,0.08762495095023128,0.0499721406550669,0.0009267902011003168,0.04489284989560988
41556,1207,H2_15,0,0.003298251423984766,0.07042284309864044,0.002666083164513111,0.0041313813999295235,0.016340434551239014,0.00220622424967587,0.2528119683265686,0.0034399048890918493,0.2847127307431769,0.028022291674057787,0.015741985978058502,0.0005538206672597706,0.03419066579324321
41557,1207,H2_15,0,0.006985979620367289,0.008043324574828148,0.0069750091060996056,0.008059744723141193,0.006232670973986387,0.08615513890981674,0.2528119683265686,0.01737845689058304,0.006699192045244203,0.04727134980947899,0.07111215722082384,0.011448522689942507,0.044223281891837884
41558,1207,H2_15,0,0.009534230455756187,0.007420835085213184,0.0205792635679245,0.018013805150985718,0.13451309502124786,0.029788244515657425,0.2528119683265686,0.028529128059744835,0.6006301741596731,0.09729346359083568,0.11101603958607664,0.019875600482305168,0.04698840834303278
41559,1207,H2_15,0,0.046250056475400925,0.005450116936117411,0.0668211579322815,0.10928428173065186,0.029464535415172577,0.2531801462173462,0.03782639652490616,0.03670636937022209,0.0885229738151291,0.1373653965182796,0.24958642974952167,0.03835800041324384,0.08048717229172471
41563,1207,H2_15,0,0.007551328279078007,0.04088950529694557,0.012964161112904549,0.012755698524415493,0.16830888390541077,0.004854301922023296,0.2528119683265686,0.03287937119603157,0.7640411626566167,0.050516750636899005,0.09255798271779528,0.031221835955894395,0.038521868720234505
41565,1207,H2_15,0,0.03023904748260975,0.036485057324171066,0.05570797249674797,0.06704475730657578,0.4287061393260956,0.02977183274924755,0.03782639652490616,0.091317318379879,0.7918409980105151,0.1359517053591962,0.18901873203728053,0.057565640892758604,0.06070426697223872
41566,1207,H2_15,0,0.0006483630859293044,0.00023034612240735441,0.0012776331277564168,0.0010515778558328748,0.001721815438941121,0.000868111674208194,0.3267102539539337,0.0007765593472868204,0.00015915008059655126,0.0,0.003314107850511718,0.0005101823245267963,0.033625323640615996
41568,1207,H2_15,0,0.002244969131425023,0.0049056196585297585,0.004875470884144306,0.0035562869161367416,0.1058364063501358,0.00145137554500252,0.3267102539539337,0.0031845716293901205,0.3789734959590071,0.047478952326465367,0.022460353331848776,0.0002881419715920146,0.03550812887688298
41569,1207,H2_15,0,0.015045003965497017,0.002751316875219345,0.02835714817047119,0.014532683417201042,0.06083809211850166,0.005797934718430042,0.3267102539539337,0.028703024610877037,0.519645794500191,0.1050220575633376,0.07116842349680955,0.00496085546846905,0.04473154688740353
41570,1207,H2_15,0,0.002134287729859352,0.16616839170455933,0.0012697804486379027,0.002453868044540286,0.012653334066271782,0.0013079957570880651,0.3267102539539337,0.002666291082277894,0.29291371972077646,0.07913580371012738,0.043783002417942814,0.0010433774524823201,0.04124583123740753
41571,1207,H2_15,0,0.13132043182849884,0.006725842598825693,0.1687532663345337,0.16742920875549316,0.06207805126905441,0.02904980629682541,0.07145193219184875,0.04507669433951378,0.7291286839270444,0.2061309545902703,0.1598749816269518,0.017949630761880445,0.06770664785627417
41572,1207,H2_15,0,0.12832529842853546,0.014758522622287273,0.1383422613143921,0.13073036074638367,0.10343388468027115,0.07081259042024612,0.3267102539539337,0.0952630415558815,0.6846121473865516,0.11202236440137056,0.1326958762648579,0.2279993610640946,0.05312851869156063
41573,1207,H2_15,0,0.031800225377082825,0.04155731946229935,0.017765946686267853,0.020877979695796967,0.05834367498755455,0.008775533176958561,0.3267102539539337,0.05735320970416069,0.7433095146915205,0.08351074239246578,0.1063340626576314,0.02214595631094846,0.04393387844855103
41575,1207,H2_15,0,0.034267302602529526,0.09402329474687576,0.03008892387151718,0.03889798745512962,0.0143194068223238,0.02089865133166313,0.3267102539539337,0.027922535315155983,0.41482071719060964,0.1039484446147198,0.09563830191732979,0.022437341574904603,0.04842448490449821
41578,1207,H2_15,0,0.0010838855523616076,0.015560912899672985,0.0009679933427833021,0.0013318012934178114,0.005187805276364088,0.0014576265821233392,0.3267102539539337,0.0024213017895817757,0.05827362087580878,0.09139289795138092,0.033930930974858955,0.00019738765049385606,0.04428314235607814
41579,1207,H2_15,0,0.006748865824192762,0.02479918673634529,0.01224413514137268,0.005310033448040485,0.0187731571495533,0.004087300971150398,0.3267102539539337,0.007909314706921577,0.7550353350642272,0.06628889426800194,0.06538179760576317,0.02054066851976746,0.03735338888393644
41580,1207,H2_15,0,0.004954914096742868,0.005512998439371586,0.003440302098169923,0.006575923413038254,0.012495334260165691,0.0013515738537535071,0.3267102539539337,0.003507067682221532,0.06361987810105905,0.0795677863818208,0.04054062386546877,0.0009496596615439412,0.043610152884182095
41550,1207,H2_30,0,0.010328893549740314,0.0018572536064311862,0.010248756967484951,0.009235996752977371,0.0010807012440636754,0.01624213345348835,0.02238997258245945,0.0036756107583642006,0.0004244860468118765,0.0013315959295110453,0.011233366011503829,0.0022607373308979597,0.03440009227403621
41552,1207,H2_30,0,0.00218938454054296,0.01661338284611702,0.001957278698682785,0.001365202246233821,0.02689717896282673,0.0010613336926326156,0.02238997258245945,0.0016929019475355744,0.016585151252818644,0.038357954324281886,0.01905728754271144,0.0013999264584122983,0.038052183154110304
41553,1207,H2_30,0,0.11024042963981628,0.13406391441822052,0.1470026820898056,0.12617121636867523,0.1789795458316803,0.17191946506500244,0.02238997258245945,0.0917745903134346,0.22962117565388898,0.12254560288677614,0.13541151855220485,0.05839345284464465,0.06015967111778328
41554,1207,H2_30,0,0.0026447137352079153,0.0055929371155798435,0.002689782064408064,0.0030779324006289244,0.015168997459113598,0.005536072887480259,0.02238997258245945,0.0038300943560898304,0.2511688540340063,0.08204625809682467,0.049360820844489894,0.005814978276998993,0.04258459043284391
41556,1207,H2_30,0,0.0014425732661038637,0.0066875433549284935,0.0012068465584889054,0.001261367928236723,0.0012493381509557366,0.003034574445337057,0.02238997258245945,0.0006647414993494749,0.0043133588464409536,0.06380945186447641,0.06134529031724293,0.00017873867153398132,0.04460191553782636
41557,1207,H2_30,0,0.00967148132622242,0.007527198642492294,0.011565074324607849,0.008344774134457111,0.032624028623104095,0.07795967906713486,0.02238997258245945,0.022771796211600304,0.01151741767832824,0.047585097997031874,0.0810382998606131,0.012225329680479185,0.045314997690993016
41558,1207,H2_30,0,0.006232765503227711,0.03967026248574257,0.005276388488709927,0.009176093153655529,0.005074701737612486,0.01872478611767292,0.02238997258245945,0.022638624534010887,0.13610481565455726,0.03917881512833447,0.03421293618571348,0.021492877584349937,0.03867632502415517
41559,1207,H2_30,0,0.014021605253219604,0.020356113091111183,0.015803083777427673,0.027184803038835526,0.005876044277101755,0.18030989170074463,0.028623811900615692,0.020436966791749,0.03362227486736994,0.10775863605526943,0.18706055678854727,0.02000718597977871,0.065760055096426
41560,1207,H2_30,0,0.05571746081113815,0.019672058522701263,0.039194442331790924,0.05139601230621338,0.04168833792209625,0.10860028117895126,0.048245497047901154,0.010532642714679241,0.12434804609630108,0.08569456963402228,0.12996747377429585,0.0055236121319032815,0.05330758299397534
41563,1207,H2_30,0,0.006522892042994499,0.05522041395306587,0.00757262809202075,0.0122916828840971,0.054820120334625244,0.00611832644790411,0.02238997258245945,0.013521477580070496,0.6332593530502438,0.04271354119004383,0.06941573238077511,0.02757529942426167,0.03673837983731682
41565,1207,H2_30,0,0.0018578802701085806,0.05209686607122421,0.001047711935825646,0.0019424471538513899,0.0044957110658288,0.001996235689148307,0.028623811900615692,0.001783252926543355,0.37044349753321165,0.10780977239219479,0.07586091001283972,0.0028873647501672928,0.046646345367286436
41566,1207,H2_30,0,0.0006837111432105303,0.00023034612240735441,0.0009516447898931801,0.0011603423627093434,0.001192250638268888,0.0009749421151354909,0.3532923758029938,0.0008703541243448853,0.00017361230561648765,0.0013659219655018772,0.0030077934855954223,0.0003374651402785472,0.03371253737121541
41568,1207,H2_30,0,0.0017336508026346564,0.04767704755067825,0.0013611380709335208,0.0019323931774124503,0.011047033593058586,0.0011043429840356112,0.3532923758029938,0.0016887664096429944,0.07533035648408037,0.028845508705340073,0.023533945824348746,0.00032972751709983456,0.03693157348815685
41569,1207,H2_30,0,0.008826972916722298,0.007809128146618605,0.006283524911850691,0.006634283345192671,0.004577944986522198,0.003124189330264926,0.3532923758029938,0.0035986376460641623,0.4762769033250285,0.07270120123043973,0.016947279692179334,0.00043568743114058583,0.03645654565139858
41570,1207,H2_30,0,0.00016718213737476617,0.00356040196493268,0.00010477720934432,0.00010457349708303809,0.0015946202911436558,0.00046743295388296247,0.3532923758029938,0.00016722374130040407,0.02953235019431979,0.02201119017357368,0.008781622946557752,1.062164482414215e-05,0.03557460055206934
41571,1207,H2_30,0,0.07054536789655685,0.0329723097383976,0.047912608832120895,0.05721907317638397,0.03410123288631439,0.01873781345784664,0.1180824562907219,0.054945215582847595,0.5622059758878538,0.13565599896396635,0.12651208728135277,0.04204165174027631,0.054937769444444
41572,1207,H2_30,0,0.008867141790688038,0.001984095899388194,0.004798160400241613,0.0046104253269732,0.004624236840754747,0.005280652549117804,0.3532923758029938,0.005418548826128244,0.2500060346703528,0.07048493765515987,0.0867140919881217,0.0046901816236273935,0.04499463126768286
41574,1207,H2_30,0,0.05967773497104645,0.19342206418514252,0.061255525797605515,0.06733737885951996,0.1300123929977417,0.41830214858055115,0.46725571155548096,0.019561011344194412,0.13591888505141037,0.15623690835124698,0.1475754304700293,0.004010152204420087,0.06596008122945483
41575,1207,H2_30,0,0.0029284118209034204,0.025466207414865494,0.0054746875539422035,0.005826259031891823,0.0015772389015182853,0.006199605762958527,0.3532923758029938,0.004131035879254341,0.0006509354000465238,0.12118256040530734,0.07550064239354992,0.0013826843815191593,0.05310124406685298
41578,1207,H2_30,0,0.004032678436487913,0.023419905453920364,0.0024869341868907213,0.005475092213600874,0.01417552400380373,0.002029695315286517,0.3532923758029938,0.0022116275504231453,0.44778311900815704,0.184765524810769,0.06089266533983075,0.00019840001921812625,0.05400874838793376
41579,1207,H2_30,0,0.006942881271243095,0.02808516100049019,0.0023320296313613653,0.006307720206677914,0.012533850036561489,0.0052248272113502026,0.3532923758029938,0.005465566646307707,0.16311456032306249,0.0378360194829821,0.0347490240274918,0.0031978541677654894,0.03785824717360942
41580,1207,H2_30,0,0.0046865129843354225,0.007472778670489788,0.0032108724117279053,0.0041672950610518456,0.057928431779146194,0.0013779746368527412,0.3532923758029938,0.005354372318834066,0.015579812200026452,0.03762671564398028,0.04027877349132035,0.0006469118311362632,0.039911855655464054
41838,1215,H1_15,0,0.002283769892528653,0.0023207124322652817,0.0021156722214072943,0.001450166804715991,0.002280851360410452,0.0008687322260811925,0.46332746744155884,0.0006661862134933472,0.0010948551725062333,0.0,0.0,0.00010606481104620782,0.03427648567788819
41839,1215,H1_15,0,0.015284334309399128,0.021256282925605774,0.014856097288429737,0.022041190415620804,0.12022919207811356,0.020637374371290207,0.46332746744155884,0.02244677022099495,0.17521120472811666,0.09693962713678163,0.20090015044256554,0.007805863418294658,0.06811175395284988
41840,1215,H1_15,0,0.009575064294040203,0.044142384082078934,0.00780070573091507,0.007981067523360252,0.012722330167889595,0.00873840507119894,0.46332746744155884,0.010951708070933819,0.23322755776766382,0.091335191797617,0.07881499023238941,0.014772385169889185,0.04899001948323408
41841,1215,H1_15,0,0.007022988982498646,0.02811027131974697,0.012600316666066647,0.014220199547708035,0.04355480149388313,0.002356292214244604,0.46332746744155884,0.010259022004902363,0.3881840223217027,0.06728993912343408,0.05753149337031394,0.0026805938254872387,0.041423728211872006
41842,1215,H1_15,0,0.026048090308904648,0.3293660283088684,0.028746245428919792,0.030457597225904465,0.01735810376703739,0.050480253994464874,0.46332746744155884,0.0178983174264431,0.2238371420103726,0.13861134055629012,0.09885272344706067,0.006948242072409499,0.0568304507172967
41843,1215,H1_15,0,0.13711565732955933,0.11125538498163223,0.07108103483915329,0.0913051888346672,0.04549357667565346,0.07935131341218948,0.46332746744155884,0.06445790082216263,0.9615542466429493,0.22112008684136011,0.18055636371880054,0.043231026397188066,0.0716938613540031
41844,1215,H1_15,0,0.12196671217679977,0.04848158732056618,0.12028469145298004,0.11713113635778427,0.14361721277236938,0.17689582705497742,0.46332746744155884,0.1384391188621521,0.9078915141663547,0.2754189406574148,0.36337706284299026,0.044510474519626295,0.12635035512758613
41846,1215,H1_15,0,0.4879414737224579,0.5071993470191956,0.337624192237854,0.3847937285900116,0.4454338550567627,0.2329719066619873,0.46332746744155884,0.48308029770851135,0.9992404247425326,0.4632273409685436,0.33978398648652686,0.46013794343182524,0.26722741124795424
41847,1215,H1_15,0,0.8154376149177551,0.5447234511375427,0.8722507953643799,0.8208611011505127,0.6410583257675171,0.9310785531997681,0.46332746744155884,0.7269788980484009,0.5807377475536258,0.3188473367013014,0.3600990883061589,0.6857933272553569,0.29451456989433894
41849,1215,H1_15,0,0.3727167546749115,0.621442437171936,0.31046944856643677,0.39209985733032227,0.4725995361804962,0.4360121488571167,0.46332746744155884,0.4601600468158722,0.7121980559510795,0.456879934709542,0.5135914049496844,0.37269144876125165,0.34840841196344896
41850,1215,H1_15,0,0.028145544230937958,0.4062812030315399,0.030783195048570633,0.01996356062591076,0.026791879907250404,0.010371934622526169,0.46332746744155884,0.02679363079369068,0.3863516330409751,0.13601847433142114,0.13287413187550118,0.006282935010670221,0.05875534349192831
41861,1215,H1_15,0,0.05643467977643013,0.013640536926686764,0.11205878853797913,0.041922226548194885,0.02858619950711727,0.041518714278936386,0.5219054818153381,0.048813823610544205,0.5076750092636955,0.0896032726876874,0.07901079592653709,0.013203227298714471,0.044962565770283076
41862,1215,H1_15,0,0.05681955814361572,0.051457058638334274,0.07590129971504211,0.018576933071017265,0.06643455475568771,0.07053776830434799,0.5219054818153381,0.04303807020187378,0.8113290904752137,0.16233616421736294,0.13560818348676085,0.007369346024688036,0.055890109148740486
41863,1215,H1_15,0,0.06171983852982521,0.040971897542476654,0.04589308798313141,0.07105280458927155,0.0904226303100586,0.01923515275120735,0.5219054818153381,0.054552383720874786,0.823685257304076,0.09210163451255332,0.12012855817506446,0.026685652220726528,0.04693733583330301
41864,1215,H1_15,0,0.011558808386325836,0.040063776075839996,0.014326023869216442,0.012585724703967571,0.05086002126336098,0.019766081124544144,0.5219054818153381,0.013046233914792538,0.5250922186678867,0.10167932800712293,0.08518608056579026,0.011430061907956571,0.04674253926841798
41866,1215,H1_15,0,0.034922413527965546,0.026421377435326576,0.053369760513305664,0.03795793280005455,0.1905205249786377,0.019124256446957588,0.5219054818153381,0.058054015040397644,0.6377317052952683,0.15727382361994238,0.17243052627006836,0.010102647248652183,0.06367273461900941
41868,1215,H1_15,0,0.025898613035678864,0.24006333947181702,0.02125851996243,0.03413233906030655,0.0891328677535057,0.017345217987895012,0.5219054818153381,0.01684802584350109,0.8638560317499121,0.17543298303851437,0.14663757092258461,0.010726041329299963,0.05876462889967205
41869,1215,H1_15,0,0.24467629194259644,0.3114253878593445,0.2252213954925537,0.2225612998008728,0.34091997146606445,0.18247729539871216,0.5219054818153381,0.2740551829338074,0.9662675972041482,0.26820613697031215,0.2843170442874713,0.05045515322833852,0.10111271170227941
41870,1215,H1_15,0,0.48602360486984253,0.10781269520521164,0.5758518576622009,0.6730691194534302,0.1542844921350479,0.27436938881874084,0.5219054818153381,0.3990236818790436,0.889116404374394,0.20085385625738986,0.16808146076396577,0.44935045915536037,0.11624567849961624
41872,1215,H1_15,0,0.008200015872716904,0.1122598797082901,0.005048483610153198,0.0051637981086969376,0.016883376985788345,0.0020454872865229845,0.5219054818153381,0.0026527480222284794,0.036347808020306,0.06534386475278967,0.03560911215407852,0.0007282150913567818,0.043102145809490705
41873,1215,H1_15,0,0.06620284169912338,0.24385417997837067,0.05357396975159645,0.08481518924236298,0.062277909368276596,0.058823078870773315,0.5219054818153381,0.08038555085659027,0.9845460202944866,0.2902799068274916,0.23994278246966488,0.10585685300898835,0.10374358442994953
41875,1215,H1_15,0,0.022970857098698616,0.0381133109331131,0.02387480065226555,0.02588917687535286,0.021298198029398918,0.007358347065746784,0.5219054818153381,0.012041633017361164,0.6037797998441197,0.165922521002558,0.13853701418213885,0.009012916043004433,0.06026720388314433
41838,1215,H1_30,0,0.002209276892244816,0.0023207124322652817,0.002872704528272152,0.0018898597918450832,0.003498516045510769,0.0008781297947280109,0.3586675226688385,0.0006934107514098287,0.0001002047493410837,0.002807237148254215,0.0047021958432336575,0.0001300403403821519,0.03492980055822184
41839,1215,H1_30,0,0.010144374333322048,0.0029743127524852753,0.010740424506366253,0.006492168642580509,0.008158281445503235,0.012602239847183228,0.3586675226688385,0.0033172008115798235,0.14923256335566684,0.09600767921334188,0.08218017761400452,0.0012827154524815774,0.05034157240844972
41840,1215,H1_30,0,0.03608828783035278,0.07196918874979019,0.024207014590501785,0.05013689398765564,0.028143003582954407,0.0434834249317646,0.3586675226688385,0.018717603757977486,0.02799875824349409,0.10845823824130063,0.07113323823150385,0.02381685857538074,0.053518779427853026
41841,1215,H1_30,0,0.004858159460127354,0.015902891755104065,0.010069864802062511,0.011124719865620136,0.0891806110739708,0.0034939656034111977,0.3586675226688385,0.016830293461680412,0.039074079657958755,0.10837432078923546,0.07296295101177597,0.005439062886773892,0.05241088845706446
41842,1215,H1_30,0,0.010436903685331345,0.018244311213493347,0.017776308581233025,0.009560360573232174,0.008319884538650513,0.03798758611083031,0.3586675226688385,0.005940176546573639,0.27874880923765716,0.09339442387511904,0.08077034131381639,0.003539986472043482,0.048165051130811244
41843,1215,H1_30,0,0.10983928292989731,0.013093594461679459,0.10872793197631836,0.11832833290100098,0.012536386959254742,0.10542487353086472,0.3586675226688385,0.08393482863903046,0.18521135825508658,0.08438577957214707,0.14048922468620814,0.039366365387323465,0.05866877173219918
41844,1215,H1_30,0,0.06000172719359398,0.09281467646360397,0.09192825853824615,0.06139193847775459,0.34929752349853516,0.0069468640722334385,0.3586675226688385,0.055572185665369034,0.6216836933774649,0.2001365182400343,0.1697901144565607,0.01640900120349877,0.07032987252800953
41846,1215,H1_30,0,0.09047061204910278,0.728236198425293,0.12384481728076935,0.08502314984798431,0.0739145427942276,0.14884448051452637,0.3586675226688385,0.06119085103273392,0.940879899658184,0.2969757195330612,0.25151343120450037,0.07160260639578654,0.10470518660513228
41847,1215,H1_30,0,0.016824979335069656,0.01930898427963257,0.013946388848125935,0.018717840313911438,0.009549187496304512,0.03961482271552086,0.3586675226688385,0.01715066283941269,0.11338642096843973,0.07888468458544949,0.08947491858838866,0.005239210360029447,0.050085442046340405
41849,1215,H1_30,0,0.46155810356140137,0.2626558244228363,0.5852732062339783,0.37921926379203796,0.44996318221092224,0.1879180371761322,0.3586675226688385,0.5505663156509399,0.6191720190864525,0.21741116526968643,0.35441823028278213,0.10557343535513657,0.12264946581955442
41850,1215,H1_30,0,0.012816984206438065,0.02533486671745777,0.014182928018271923,0.010561669245362282,0.01579498127102852,0.017798328772187233,0.3586675226688385,0.012626172974705696,0.10663958654588226,0.10807574650989883,0.09997541645636769,0.0027893216735393475,0.05484654314765327
41861,1215,H1_30,0,0.027642080560326576,0.002575745340436697,0.027135156095027924,0.027376122772693634,0.0009050480439327657,0.09334254264831543,0.5059720873832703,0.028112158179283142,0.21571304685483114,0.056201808220908,0.039343426158631005,0.025765066629364678,0.04164254529482619
41862,1215,H1_30,0,0.03145763650536537,0.009296963922679424,0.038603950291872025,0.012356986291706562,0.02549596130847931,0.010795999318361282,0.5059720873832703,0.011260206811130047,0.5967679758716649,0.08256687140599438,0.05677156894974014,0.0023666285986228964,0.04033953278995596
41863,1215,H1_30,0,0.0028975920286029577,0.01924544759094715,0.003943769261240959,0.0036220538895577192,0.07456660270690918,0.0013354771072044969,0.5059720873832703,0.0049998522736132145,0.008298899027464966,0.05546429435589456,0.025429761870445287,0.0018258816440346343,0.04146225146221296
41864,1215,H1_30,0,0.01791641302406788,0.060606591403484344,0.027613673359155655,0.0204263124614954,0.08718239516019821,0.008042525500059128,0.5059720873832703,0.02555706538259983,0.09713128432544381,0.05104216209679662,0.06271688506901195,0.01208458614569914,0.0445028348201534
41866,1215,H1_30,0,0.005383908748626709,0.05316565930843353,0.007327504456043243,0.004163564648479223,0.1330404430627823,0.019171765074133873,0.5059720873832703,0.006418981589376926,0.17150398627066307,0.13482784378610332,0.15001221647678364,0.002002885853604878,0.06477502561367014
41868,1215,H1_30,0,0.0853831097483635,0.030280793085694313,0.09678187966346741,0.08591581135988235,0.21847201883792877,0.12439946085214615,0.5059720873832703,0.06864804774522781,0.3407688970800206,0.07670988683378133,0.11170183794198844,0.08006935795248013,0.05410940116678123
41870,1215,H1_30,0,0.00552520202472806,0.005152517464011908,0.005515043158084154,0.0071146925911307335,0.008688137866556644,0.06257470697164536,0.5059720873832703,0.012831158004701138,0.029845405153485115,0.05583217290377064,0.040681941433648686,0.002336697467337255,0.042886159624221466
41872,1215,H1_30,0,0.0019486906239762902,0.0016284589655697346,0.0014978573890402913,0.0015920056030154228,0.0011151040671393275,0.0019083884544670582,0.5059720873832703,0.0012749028392136097,0.017081605570424728,0.0,0.004827243821899579,0.0003317618876454368,0.034549448557021634
41873,1215,H1_30,0,0.03639452904462814,0.05692042037844658,0.06425301730632782,0.04614676162600517,0.06685367226600647,0.1048034280538559,0.5059720873832703,0.023259291425347328,0.934894339352102,0.2578666364383186,0.23582472612629488,0.024571862261085608,0.08777583910466946
41875,1215,H1_30,0,0.042788513004779816,0.03266448155045509,0.04481235519051552,0.037733327597379684,0.5081155300140381,0.0069276983849704266,0.5059720873832703,0.04620223864912987,0.3864882479858343,0.11207693509261496,0.12669155656147993,0.017252734024435095,0.05552862484043714
41838,1215,H1_45,0,0.0017778456676751375,0.0023207124322652817,0.0025188170839101076,0.0012725312262773514,0.002823746996000409,0.0009011465590447187,0.2957177758216858,0.0006411068607121706,0.00035882691891275933,0.0,0.0033490991092919777,0.00012487053585317305,0.03458454236363106
41839,1215,H1_45,0,0.02356649748980999,0.017184510827064514,0.021418869495391846,0.03310214728116989,0.049831293523311615,0.005761835724115372,0.2957177758216858,0.016338933259248734,0.6378578395709129,0.06688246585745546,0.07416318300424903,0.0032638280836878916,0.04030665722664752
41840,1215,H1_45,0,0.0016437232261523604,0.005718145053833723,0.0011654000263661146,0.002073748502880335,0.0010882890783250332,0.004814102780073881,0.2957177758216858,0.0011496881488710642,0.04122562988188548,0.08344436785087879,0.05985089845238996,0.0006939007888128265,0.047696819061063635
41841,1215,H1_45,0,0.048994358628988266,0.029277853667736053,0.029977908357977867,0.07384687662124634,0.028152883052825928,0.010524764657020569,0.2957177758216858,0.05855299159884453,0.26692413509696483,0.18422297963863057,0.17231277948360302,0.035614424989480815,0.07704171189032477
41842,1215,H1_45,0,0.011750999838113785,0.08131804317235947,0.012603046372532845,0.020365027710795403,0.0060895998030900955,0.04132571071386337,0.2957177758216858,0.014543142169713974,0.2707164206581457,0.13882198660449102,0.09043068159553745,0.006955384080305037,0.054929594234669754
41843,1215,H1_45,0,0.020911259576678276,0.012350412085652351,0.013090131804347038,0.01627061329782009,0.006542992312461138,0.024548016488552094,0.2957177758216858,0.016205068677663803,0.2697160257885287,0.06260706258694286,0.051865483721423446,0.005081728758532712,0.04189652057551859
41844,1215,H1_45,0,0.0225264560431242,0.02046501263976097,0.033303312957286835,0.016540009528398514,0.022513842210173607,0.007099284324795008,0.2957177758216858,0.010450400412082672,0.18750523656466553,0.10835874092316516,0.11431173222822341,0.0030341129469886475,0.055629288020805634
41846,1215,H1_45,0,0.4994869828224182,0.231209397315979,0.33592578768730164,0.242554172873497,0.2385742962360382,0.30619969964027405,0.2957177758216858,0.1091981828212738,0.2699106531419569,0.39724079464059553,0.34142179449779525,0.06992400029115207,0.18418188883946487
41847,1215,H1_45,0,0.007450832985341549,0.028278851881623268,0.005279530305415392,0.0018197516910731792,0.00890573300421238,0.008178706280887127,0.2957177758216858,0.0027325593400746584,0.2646591593609393,0.11447436485544982,0.07041384771482208,0.0006942685342977911,0.04919506308338815
41849,1215,H1_45,0,0.17339985072612762,0.6858769655227661,0.18711693584918976,0.38965848088264465,0.36284470558166504,0.2645147740840912,0.2957177758216858,0.5686835050582886,0.9780702373507928,0.3004121553872216,0.21596563287398463,0.3281214006939274,0.12888094513271273
41850,1215,H1_45,0,0.026535073295235634,0.015596791170537472,0.026493260636925697,0.011288952082395554,0.044878244400024414,0.025777941569685936,0.2957177758216858,0.00802506785839796,0.3281227629929106,0.13762046955879362,0.12204181625591463,0.0030140719026910383,0.058156316278680315
41861,1215,H1_45,0,0.05784296989440918,0.03500097244977951,0.05885336175560951,0.03817130625247955,0.025485699996352196,0.03877639025449753,0.4341455399990082,0.06369952112436295,0.19071265236458596,0.0757343442350598,0.05717938624227496,0.03649930083975988,0.046375271113136364
41862,1215,H1_45,0,0.011370711028575897,0.0025914981961250305,0.009453554637730122,0.007827860303223133,0.005270991008728743,0.046645887196063995,0.4341455399990082,0.011756195686757565,0.8383942729233734,0.13041856956027323,0.08744458950735715,0.009254658023089874,0.04595292808366724
41863,1215,H1_45,0,0.001027016551233828,0.009535972960293293,0.0023172330111265182,0.0008362739463336766,0.014983652159571648,0.0023159633856266737,0.4341455399990082,0.0028899353928864002,0.2205764961142229,0.10778924751711408,0.04059893241885612,0.0007775978985399521,0.04547851130603111
41864,1215,H1_45,0,0.0043418146669864655,0.01847738027572632,0.013824516907334328,0.006498655304312706,0.05061713978648186,0.010728307068347931,0.4341455399990082,0.01277633011341095,0.29236254687011676,0.07109963776036363,0.06080152265117435,0.010169330752539672,0.04370086740754261
41866,1215,H1_45,0,0.026243416592478752,0.0027226575184613466,0.02188584953546524,0.021851345896720886,0.048772621899843216,0.05035105720162392,0.4341455399990082,0.01879332773387432,0.09268123036498163,0.22924770641935183,0.24186594865841557,0.009289209753064302,0.10254846334811489
41868,1215,H1_45,0,0.018352001905441284,0.012080344371497631,0.03449127450585365,0.011263524182140827,0.0062158964574337006,0.010565971955657005,0.4341455399990082,0.008954083546996117,0.6530403591161648,0.082411220250103,0.05256773740856397,0.003670434424072538,0.03935253131164953
41870,1215,H1_45,0,0.003816730808466673,0.005152517464011908,0.0040939971804618835,0.0023510351311415434,0.002755893161520362,0.0536833293735981,0.4341455399990082,0.0030010598711669445,0.04125758050121632,0.053304162641855675,0.04267526956146048,0.0011240711815512373,0.04268270673757285
41872,1215,H1_45,0,0.009038528427481651,0.0016284589655697346,0.005495608784258366,0.007904904894530773,0.0009949560044333339,0.005025656893849373,0.4341455399990082,0.0032676435075700283,0.01814658779488392,0.013185385959483018,0.017279368401311158,0.0019362839860154833,0.036816296543619204
41873,1215,H1_45,0,0.33848896622657776,0.7043187618255615,0.34709009528160095,0.30744168162345886,0.6728293299674988,0.3216840624809265,0.4341455399990082,0.31485339999198914,0.9776780961550875,0.3703110403545127,0.27527758059584956,0.27156079309359094,0.16108522592179153
41875,1215,H1_45,0,0.009546410292387009,0.12136723101139069,0.012824781239032745,0.011171165853738785,0.010477308183908463,0.013057977892458439,0.4341455399990082,0.006185537204146385,0.18109675993600277,0.0763129790601574,0.06922735727160131,0.0004297460812091894,0.04612057635829758
41838,1215,H2_15,0,0.0006354740471579134,0.09518135339021683,0.0010621707187965512,0.0004021389177069068,0.0025613727048039436,0.0010131486924365163,0.3002759516239166,0.001076110522262752,2.832596716718805e-05,0.015854973123604465,0.020103094218911145,0.00021687571547733208,0.03744207614702142
41839,1215,H2_15,0,0.01765725389122963,0.01828026957809925,0.014730564318597317,0.008740289136767387,0.03333452716469765,0.010863691568374634,0.3002759516239166,0.00758244888857007,0.07134557605014505,0.03641169396856603,0.061413752274080066,0.0017185387738589515,0.04276510692563986
41840,1215,H2_15,0,0.01566164940595627,0.03220028057694435,0.00781946536153555,0.020658619701862335,0.015104005113244057,0.001177524565719068,0.3002759516239166,0.0044136508367955685,0.05814998160719385,0.12748357508859712,0.06620961640809639,0.0019747728114037906,0.05326738354300922
41841,1215,H2_15,0,0.006634428631514311,0.02837197296321392,0.009531281888484955,0.00994622241705656,0.019070299342274666,0.023213693872094154,0.3002759516239166,0.023188548162579536,0.06548781759366298,0.10391055551416359,0.047569662821478786,0.0022440093571237255,0.04805101526771852
41842,1215,H2_15,0,0.043202921748161316,0.14999844133853912,0.04277702048420906,0.04227626696228981,0.025460705161094666,0.02498301863670349,0.3002759516239166,0.013577992096543312,0.4298050503212417,0.11573153412968253,0.10405835616457064,0.01263307045298431,0.05204469219082378
41843,1215,H2_15,0,0.005727986805140972,0.002462128410115838,0.004978420212864876,0.0059426152147352695,0.013901698403060436,0.0022955583408474922,0.3002759516239166,0.005479422863572836,0.0024987251791344567,0.10292291639050248,0.07516167870943392,0.0018939396708399082,0.05245282048270328
41844,1215,H2_15,0,0.025478582829236984,0.006190270185470581,0.019827572628855705,0.01841839961707592,0.016230624169111252,0.012002458795905113,0.3002759516239166,0.0107871163636446,0.7541940919942757,0.16790022073407504,0.14471449615957,0.003943790021687324,0.05869911212885339
41845,1215,H2_15,0,0.07654288411140442,0.8260743021965027,0.12166610360145569,0.0897446945309639,0.36899900436401367,0.10113830864429474,0.17318129539489746,0.21379350125789642,0.0006216537165114935,0.3605239491502383,0.4117660025755847,0.05811307092462143,0.20938924653726163
41847,1215,H2_15,0,0.01825343631207943,0.00573735823854804,0.026999955996870995,0.012859958223998547,0.015741469338536263,0.019577162340283394,0.3002759516239166,0.01139586791396141,0.41841339540992517,0.1416791110846708,0.12658997839423194,0.0017091771380843565,0.0577743591170355
41849,1215,H2_15,0,0.10356626659631729,0.01202691625803709,0.07220438867807388,0.09851621091365814,0.007763514295220375,0.16506758332252502,0.3002759516239166,0.07300635427236557,1.1828267289661305e-06,0.18554286591834565,0.16528878931536442,0.017448107299070294,0.0799932777719924
41850,1215,H2_15,0,0.008307100273668766,0.016699032858014107,0.010764842852950096,0.005884222220629454,0.002960602520033717,0.014305426739156246,0.3002759516239166,0.008930674754083157,0.3506681682589551,0.08563245412070784,0.08823927608796571,0.0020469646677015877,0.0471782759346431
41861,1215,H2_15,0,0.027459286153316498,0.04334157332777977,0.012143502943217754,0.027992380782961845,0.006845355965197086,0.020318476483225822,0.25804466009140015,0.019896483048796654,0.5090683390178004,0.06575522224136486,0.04685892800040026,0.010272817424377486,0.03916018991633461
41862,1215,H2_15,0,0.02478935196995735,0.012081834487617016,0.026172377169132233,0.015160759910941124,0.11897408962249756,0.047766391187906265,0.25804466009140015,0.021356072276830673,0.6258433433193613,0.082143865701825,0.1106626119616995,0.016135890307075795,0.046727063556404984
41863,1215,H2_15,0,0.0038531534373760223,0.01361933071166277,0.005417562089860439,0.0036038667894899845,0.0853831097483635,0.00516803003847599,0.25804466009140015,0.0036285610403865576,0.11813792393471796,0.043591667012022495,0.03647615165615847,0.0017355143101095729,0.04020071847111227
41864,1215,H2_15,0,0.003831590060144663,0.00696609728038311,0.004509426653385162,0.00533290347084403,0.08942313492298126,0.006002275738865137,0.25804466009140015,0.004906634800136089,0.03571865962301273,0.0580990450078193,0.07067348754635418,0.00283184896626144,0.04652948605759603
41866,1215,H2_15,0,0.05296633392572403,0.014604013413190842,0.050045356154441833,0.065462626516819,0.1391211450099945,0.05431527644395828,0.25804466009140015,0.05055221915245056,0.1983565262054432,0.22052132354298407,0.19950457569103106,0.023888129966488782,0.08953810466789237
41868,1215,H2_15,0,0.01459144614636898,0.010349365882575512,0.01036293338984251,0.012118199840188026,0.007054152898490429,0.006797374226152897,0.25804466009140015,0.0073395841754972935,0.7060777590189496,0.03996977480693352,0.04323585859564755,0.006362556700425012,0.03453026832353071
41870,1215,H2_15,0,0.00455706100910902,0.0076225558295845985,0.005639303475618362,0.004865722265094519,0.012675346806645393,0.01615501008927822,0.25804466009140015,0.008627586998045444,0.015666793983744612,0.05364398495054595,0.0513334641527766,0.003111250483046116,0.04410210656198301
41871,1215,H2_15,0,0.0839872732758522,0.0929742157459259,0.07385363429784775,0.05798066407442093,0.09791190922260284,0.0872943177819252,0.23511925339698792,0.038181837648153305,0.02882224266098767,0.08846071792212619,0.13542043257332745,0.005956298587432952,0.05891498214034508
41872,1215,H2_15,0,0.004319293424487114,0.0017445748671889305,0.0031618387438356876,0.003889524145051837,0.0024822992272675037,0.0029956717044115067,0.25804466009140015,0.0013128014979884028,0.02877109537881568,0.03102281124456838,0.028273218503317668,0.0010888604197679778,0.03926927384789917
41873,1215,H2_15,0,0.06592230498790741,0.02690994367003441,0.06373246014118195,0.07306443154811859,0.005151004996150732,0.15137913823127747,0.25804466009140015,0.04100125655531883,0.7834463478815699,0.15912333528513717,0.13069382111828762,0.03183539297372648,0.05701737717075576
41838,1215,H2_30,0,0.0011205119080841541,0.008550249971449375,0.0018144092755392194,0.0007941243820823729,0.0017920868704095483,0.001012536813504994,0.2721092402935028,0.0012382599525153637,0.0003493257338210359,0.0,0.0031962659040710344,0.0002583338142140437,0.03457517812920878
41839,1215,H2_30,0,0.02872016839683056,0.01229962706565857,0.025484723970294,0.01680047996342182,0.06638401746749878,0.01912214607000351,0.2721092402935028,0.017563704401254654,0.1259252452123207,0.049300281098721525,0.09459263142372323,0.00517100975314299,0.04733558793667055
41840,1215,H2_30,0,0.015546875074505806,0.002212331397458911,0.006685294210910797,0.02898186445236206,0.036808665841817856,0.013431761413812637,0.2721092402935028,0.01264731865376234,0.06184410166338093,0.10361029527501837,0.06468218882478315,0.003416105167237352,0.05032682539813172
41841,1215,H2_30,0,0.004174210596829653,0.0018444607267156243,0.0034773298539221287,0.00470470916479826,0.0030623406637459993,0.008259582333266735,0.2721092402935028,0.0038147312588989735,0.12652625894507444,0.10130729309921005,0.07410118886219214,0.0008950241477249624,0.05020235228202469
41842,1215,H2_30,0,0.03127537667751312,0.006017899606376886,0.025684859603643417,0.034162625670433044,0.002838009735569358,0.03258352726697922,0.2721092402935028,0.01132034882903099,0.07391405417047592,0.08945167447209665,0.11383527375243492,0.0035955147313141657,0.05510552438927734
41843,1215,H2_30,0,0.007262513507157564,0.008122741244733334,0.003801921848207712,0.002309355651959777,0.003476110752671957,0.005402103997766972,0.2721092402935028,0.004585315473377705,0.0018173067835880051,0.061731903663727154,0.05667363288708119,0.001010279938334599,0.0456120535781391
41845,1215,H2_30,0,0.3142210841178894,0.6528446078300476,0.35195013880729675,0.4447163939476013,0.3332562744617462,0.2935265302658081,0.17173166573047638,0.46312564611434937,0.007941514369866958,0.36705935606353546,0.3212007549224535,0.35183453597695064,0.2361813631935988
41847,1215,H2_30,0,0.01575462520122528,0.002719696843996644,0.014018803834915161,0.020122483372688293,0.009941871277987957,0.033122576773166656,0.2721092402935028,0.007685552816838026,0.26485540341472685,0.10178416393761394,0.0864953296918691,0.0018145653350791476,0.04988298259263805
41849,1215,H2_30,0,0.05833843722939491,0.08831634372472763,0.04203120619058609,0.04696973040699959,0.06123128905892372,0.08768720179796219,0.2721092402935028,0.059235114604234695,9.900197066200749e-05,0.18235191203566367,0.19693746316925434,0.043561951192131354,0.08863325825229595
41850,1215,H2_30,0,0.019486695528030396,0.060758668929338455,0.017798494547605515,0.011936659924685955,0.04619257152080536,0.03863921016454697,0.2721092402935028,0.010067850351333618,1.0493197612111571e-05,0.11770619208272871,0.11604856483864696,0.002507933745262433,0.06019138473823941
41859,1215,H2_30,0,0.4236867427825928,0.3162740170955658,0.3095933198928833,0.42035210132598877,0.07071878761053085,0.7709768414497375,0.1767556518316269,0.4934409558773041,0.21445286818871548,0.25434087275132583,0.27042412933945403,0.43685603465765954,0.18167313114333702
41861,1215,H2_30,0,0.00369903352111578,0.000896413461305201,0.0037415153346955776,0.003431808203458786,0.0008933907374739647,0.03432175889611244,0.3323953449726105,0.002496702829375863,0.18390199219441508,0.062269244052603125,0.04074688769949886,0.001822120141292441,0.04158219017760498
41862,1215,H2_30,0,0.006009995937347412,0.004595133010298014,0.008828608319163322,0.004130094777792692,0.02292606048285961,0.011973563581705093,0.3323953449726105,0.007923508062958717,0.9332459190783993,0.07072788459302232,0.07947763789695596,0.006333878050066744,0.038272901207203995
41863,1215,H2_30,0,0.00023066655558068305,0.0006569441757164896,0.00033668740070424974,0.0003768927126657218,0.0006161556229926646,0.006070055067539215,0.3323953449726105,0.0005625407211482525,0.011240110599739514,0.030852411853875404,0.022519575001913168,0.0002246914394904466,0.03884015080706208
41864,1215,H2_30,0,0.0051530455239117146,0.031611692160367966,0.018748054280877113,0.013394423760473728,0.06413944065570831,0.004323216155171394,0.3323953449726105,0.008674796670675278,0.16429754896917215,0.05093397094195026,0.03143156296038058,0.006456213696230045,0.0400127937892277
41866,1215,H2_30,0,0.06895098835229874,0.010274729691445827,0.06731604039669037,0.06021071597933769,0.5309876203536987,0.007466899696737528,0.3323953449726105,0.14949554204940796,0.7817090628392555,0.2695255416470472,0.21933607656728074,0.03514911732661335,0.08995656296998204
41868,1215,H2_30,0,0.005168817471712828,0.03558103367686272,0.009715191088616848,0.002958715660497546,0.0127027602866292,0.0068636382929980755,0.3323953449726105,0.005973290652036667,0.7275465771654959,0.07771665234605711,0.062033858606914946,0.004428165528825138,0.03915562133605665
41870,1215,H2_30,0,0.019152913242578506,0.010944117791950703,0.019815519452095032,0.023614108562469482,0.020410150289535522,0.031396593898534775,0.3323953449726105,0.02409403957426548,0.024593845829260535,0.08316568662264562,0.05359010473569968,0.0238583513529793,0.04841157085300691
41871,1215,H2_30,0,0.03421716392040253,0.01497693918645382,0.02824043110013008,0.02859448455274105,0.028128230944275856,0.05107109993696213,0.14425912499427795,0.019923392683267593,0.5520501963796136,0.07684459193043454,0.10976752444459281,0.009631371806799223,0.04662339464374654
41872,1215,H2_30,0,0.005201419349759817,0.0010584495030343533,0.002937384881079197,0.007171413861215115,0.0024727091658860445,0.0031968974508345127,0.3323953449726105,0.0020129717886447906,0.02507214642226561,0.021760575694289807,0.025525395055242244,0.0020857688043717164,0.03827442164293148
41873,1215,H2_30,0,0.030570443719625473,0.09043565392494202,0.023495610803365707,0.025466740131378174,0.044992342591285706,0.01173137966543436,0.3323953449726105,0.02193756401538849,0.5700952680962482,0.13249476560611909,0.09420309014716693,0.00534210584764459,0.05017521561559363
41884,1216,H1_15,0,0.0034315520897507668,0.003507184563204646,0.0017984306905418634,0.002747555496171117,0.0026339530013501644,0.002398263430222869,0.3924199640750885,0.001370420679450035,0.017241185259582407,0.005184593146806604,0.003384994723011016,0.0004136205264758231,0.030431713976819225
41885,1216,H1_15,0,0.004537617322057486,0.04692845791578293,0.006073980126529932,0.0016027319943532348,0.010123551823198795,0.0040572211146354675,0.3924199640750885,0.002340728184208274,0.0013449863519545756,0.08435542667061388,0.05783473765542496,0.0012352181246841685,0.0422510562693372
41886,1216,H1_15,0,0.015007134526968002,0.006704666186124086,0.018483901396393776,0.012307845056056976,0.013635354116559029,0.0017281093169003725,0.3924199640750885,0.009543168358504772,0.8087583123731087,0.08323046941013554,0.07630060303052737,0.0015356598810167478,0.03378328374088207
41887,1216,H1_15,0,0.002197559457272291,0.010288962163031101,0.003124021226540208,0.0029342067427933216,0.007114032283425331,0.001021001604385674,0.3924199640750885,0.0018477478297427297,0.0030410071989624677,0.041534690840077194,0.0316906647579635,0.00027701593255633985,0.035642075507320285
41888,1216,H1_15,0,0.0457034669816494,0.03757010027766228,0.03544572368264198,0.08006046712398529,0.0381360799074173,0.0715022161602974,0.3924199640750885,0.04418003931641579,0.391782215835798,0.1982277554747602,0.1992443002665018,0.021429663231693208,0.07357148249290316
41889,1216,H1_15,0,0.005427316762506962,0.1389617621898651,0.018588833510875702,0.004282447975128889,0.010813653469085693,0.0010966010158881545,0.3924199640750885,0.01806250773370266,0.17164397868032819,0.1339661672414321,0.09507582674380452,0.013404226202319161,0.04927622191615083
41890,1216,H1_15,0,0.04772481694817543,0.027770688757300377,0.02727668546140194,0.02858908660709858,0.0217745378613472,0.018074294552206993,0.3924199640750885,0.008425083011388779,0.48544247764661574,0.14335688328488522,0.06547831228400423,0.0015006257256045014,0.04066543941516341
41891,1216,H1_15,1,0.06635933369398117,0.031830232590436935,0.1639394909143448,0.045222457498311996,0.03017438016831875,0.1952679604291916,0.3924199640750885,0.0997522622346878,0.31873567944544606,0.12731648802752052,0.0927794258171543,0.044390671872129764,0.04450929456277546
41892,1216,H1_15,0,0.47364291548728943,0.04650377109646797,0.4995236098766327,0.3216598927974701,0.13927775621414185,0.23423855006694794,0.3924199640750885,0.23575447499752045,0.9512469804394392,0.32628510612646394,0.2972554462728611,0.3060532782511052,0.10413273932655236
41893,1216,H1_15,0,0.31087830662727356,0.5511797666549683,0.3070638179779053,0.29434338212013245,0.0432860404253006,0.1027417704463005,0.3924199640750885,0.06754425168037415,0.6818141786767996,0.2731178773045227,0.20976918496848296,0.05578874061967296,0.07812735833832331
41894,1216,H1_15,1,0.09640742093324661,0.09349539130926132,0.1828281730413437,0.09354566782712936,0.16255095601081848,0.03251070901751518,0.3924199640750885,0.1551971286535263,0.9669542736116197,0.23386699359880622,0.21687703523964783,0.04073174222574532,0.06264704720799237
41907,1216,H1_15,0,0.001504953601397574,0.0013170300517231226,0.001168704591691494,0.0013747422490268946,0.0006899790605530143,0.0022393143735826015,0.3648122549057007,0.0004061365034431219,3.705486411152372e-05,0.0,0.0,9.896405359084033e-05,0.030017079312100747
41908,1216,H1_15,1,0.0009820996783673763,0.019820798188447952,0.0007732482044957578,0.0007130179437808692,0.006704389583319426,0.0016703964211046696,0.3648122549057007,0.0014751448761671782,0.05681080011362247,0.070624418567539,0.07217465154993125,0.0004211064838231626,0.04205112267249595
41909,1216,H1_15,0,0.01936178281903267,0.02055223658680916,0.010758303105831146,0.015127700753509998,0.06991326063871384,0.008990415371954441,0.3648122549057007,0.020038124173879623,0.13961401079862268,0.07639664650925423,0.10600176353205096,0.006253319893111066,0.04572285390136599
41910,1216,H1_15,0,0.008088934235274792,0.005571864079684019,0.0032515765633434057,0.0064668008126318455,0.024698805063962936,0.002395505551248789,0.3648122549057007,0.0033843053970485926,0.018283290243900564,0.03341068087384498,0.025313697790824142,0.0016964112826863534,0.034219519925814644
41911,1216,H1_15,0,0.024531755596399307,0.0034930806141346693,0.01821828819811344,0.020312882959842682,0.13532641530036926,0.05518137291073799,0.3648122549057007,0.02969142608344555,0.2134605980521632,0.06677583700628698,0.16495297167174122,0.005546232102498266,0.05290565373778084
41912,1216,H1_15,0,0.607105016708374,0.6839228272438049,0.7225924730300903,0.7045361399650574,0.5480082035064697,0.9030808806419373,0.3648122549057007,0.611432671546936,0.8240300095502023,0.36229419966801274,0.32488213641606045,0.539237268747997,0.12102502237928829
41913,1216,H1_15,0,0.004506638273596764,0.1894005686044693,0.011379086412489414,0.0059065259993076324,0.008625878021121025,0.004310173448175192,0.3648122549057007,0.01037974376231432,0.29607069623635945,0.07143699504937029,0.05490957602984571,0.011429491769894497,0.03657798429341053
41914,1216,H1_15,1,0.1190379336476326,0.1281110644340515,0.17133517563343048,0.16940729320049286,0.101600281894207,0.12417427450418472,0.3648122549057007,0.1325005441904068,0.3662830954350651,0.13013054425502257,0.13834142680167918,0.055144835759304796,0.0504223816987541
41915,1216,H1_15,0,0.357403039932251,0.6048473715782166,0.297907292842865,0.2662546932697296,0.2557424008846283,0.19686560332775116,0.3648122549057007,0.18459144234657288,0.47120361039345393,0.3252538602239027,0.2711390861828454,0.03498528065867762,0.1185870922144676
41916,1216,H1_15,1,0.05021306872367859,0.0137766283005476,0.04324689880013466,0.03362850099802017,0.07397343963384628,0.011873462237417698,0.3648122549057007,0.027418043464422226,0.02956943191770926,0.18946091115586894,0.21859938640053556,0.028606908817927885,0.0951359380740987
41917,1216,H1_15,0,0.14416608214378357,0.20255304872989655,0.09901179373264313,0.11594370752573013,0.22144004702568054,0.1214032918214798,0.3648122549057007,0.18508996069431305,0.39366576505386125,0.36841875063355106,0.2223439202586271,0.11893802316777002,0.11335962233272984
41884,1216,H1_30,0,0.0024989494122564793,0.002265946241095662,0.0019130383152514696,0.00255808187648654,0.0007609204039908946,0.0026684007607400417,0.38307857513427734,0.0007233041687868536,0.0009714089338057391,0.0009023117076808351,0.0,0.00016222982238850076,0.030058042701219586
41885,1216,H1_30,0,0.009246998466551304,0.07188975065946579,0.004666595254093409,0.004275457002222538,0.008368055336177349,0.015922343358397484,0.38307857513427734,0.004023146815598011,0.14072864593096507,0.06659627924594881,0.03946627664521074,0.0013407020960356148,0.036510351412608506
41886,1216,H1_30,0,0.0007105444092303514,0.005035810172557831,0.0016153899487107992,0.002180960727855563,0.008154944516718388,0.00020809666602872312,0.38307857513427734,0.0035341493785381317,0.1255469119734278,0.13354210217922582,0.07627287696645213,0.001238247638639417,0.04727910324118867
41887,1216,H1_30,0,0.0013913169968873262,0.16868658363819122,0.0015830142656341195,0.0019006215734407306,0.007091776467859745,0.002291572280228138,0.38307857513427734,0.0006604528171010315,0.008343504683032502,0.07023611727315057,0.019572661561441534,0.00021360695595813608,0.036366267255762176
41888,1216,H1_30,0,0.009633602574467659,0.0017237953143194318,0.011751165613532066,0.01128218974918127,0.010494288988411427,0.016444791108369827,0.38307857513427734,0.0073294746689498425,0.166774854914912,0.05665619520054429,0.09150104997973305,0.002416082915401909,0.04152656339684228
41889,1216,H1_30,0,0.03848249092698097,0.03610453009605408,0.04197228327393532,0.05333787575364113,0.11072788387537003,0.0015997018199414015,0.38307857513427734,0.08081215620040894,0.5609600160312564,0.12282298828469031,0.1321100253346124,0.018815428878203082,0.04546527904094418
41890,1216,H1_30,0,0.0102249626070261,0.007668174337595701,0.00516545632854104,0.004315792117267847,0.0025755222886800766,0.0111426105722785,0.38307857513427734,0.002517051761969924,0.06459084584786563,0.0794633972199956,0.0360580478004534,0.0008910614921084649,0.03812988000945709
41891,1216,H1_30,1,0.11700765043497086,0.4811865985393524,0.13365335762500763,0.16098763048648834,0.21021462976932526,0.14936983585357666,0.38307857513427734,0.10370994359254837,0.6897922156029944,0.20682228072090933,0.17486513221292005,0.04126675566013057,0.058862908386403984
41892,1216,H1_30,0,0.0130135677754879,0.02208852954208851,0.010930211283266544,0.03628864511847496,0.011523883789777756,0.029169227927923203,0.38307857513427734,0.008346178568899632,0.4146655093541092,0.15903487199081415,0.10770597507460206,0.005250960755090175,0.049063244023163144
41893,1216,H1_30,0,0.15572430193424225,0.7687767744064331,0.13942208886146545,0.1137244924902916,0.44747596979141235,0.06654789298772812,0.38307857513427734,0.08147263526916504,0.739967886162791,0.25060974547816756,0.16883849158312195,0.02768285572326313,0.06224984801418626
41894,1216,H1_30,0,0.1593070924282074,0.022459272295236588,0.07722186297178268,0.14845407009124756,0.09942366927862167,0.11582823842763901,0.38307857513427734,0.018193626776337624,0.9947409596237676,0.20855256339812808,0.19728691247359706,0.0074151171300304,0.057352183004358216
41907,1216,H1_30,0,0.0006321332766674459,0.0013170300517231226,0.0007651165360584855,0.0005403333925642073,0.0004625458095688373,0.0018901510629802942,0.3256324827671051,0.00028189236763864756,5.485532395859394e-05,0.0,0.0,0.00010885927369959041,0.030018257113943975
41908,1216,H1_30,1,0.002261531539261341,0.003682817332446575,0.0016873658169060946,0.0013595866039395332,0.01345895230770111,0.0034226945135742426,0.3256324827671051,0.0008325683884322643,0.019701757371788847,0.035666406515531185,0.060682574833273564,0.0003653541976293808,0.03826388598030076
41909,1216,H1_30,0,0.0514703094959259,0.05822095274925232,0.048417314887046814,0.11043795198202133,0.13434801995754242,0.0521981418132782,0.3256324827671051,0.1209898293018341,0.038636615154287485,0.07286524956533903,0.11254332776151252,0.08909349757430547,0.04757737111290561
41910,1216,H1_30,0,0.004986502230167389,0.038415372371673584,0.002124579856172204,0.0025406023487448692,0.0032501639798283577,0.009598390199244022,0.3256324827671051,0.0023356368765234947,0.16653198666779978,0.10833524120004505,0.07631583968225138,0.001346079921842404,0.04412466472134056
41911,1216,H1_30,0,0.005116330459713936,0.009355681948363781,0.010646120645105839,0.020957689732313156,0.17063555121421814,0.009991306811571121,0.3256324827671051,0.03955336660146713,0.7775603263629062,0.07216396470220178,0.10808395735559267,0.01055997022605703,0.03606202327724128
41912,1216,H1_30,0,0.11461876332759857,0.12204226106405258,0.3094783127307892,0.14725901186466217,0.20125314593315125,0.45943501591682434,0.3256324827671051,0.26575058698654175,0.02543849405510554,0.1712238678137391,0.15833414490476924,0.1250773573420364,0.06690048028171532
41913,1216,H1_30,0,0.030103536322712898,0.042675942182540894,0.020091531798243523,0.020620912313461304,0.10417207330465317,0.06810960173606873,0.3256324827671051,0.024076007306575775,0.4107132296184199,0.12670151504096208,0.1357273542268923,0.0021643049825230375,0.05000135496700356
41914,1216,H1_30,1,0.4154827296733856,0.19136907160282135,0.32031965255737305,0.45526790618896484,0.3657732307910919,0.5007299780845642,0.3256324827671051,0.2501363456249237,0.10749665859989183,0.1738806971290457,0.21452624834943027,0.07230050253372679,0.08001072598484979
41915,1216,H1_30,0,0.21785156428813934,0.3183153569698334,0.19879065454006195,0.12522761523723602,0.10270608216524124,0.2510116994380951,0.3256324827671051,0.22568804025650024,0.22161575582465767,0.327395305408912,0.21065727455887912,0.19906960630694498,0.10752742558768634
41916,1216,H1_30,1,0.01878785900771618,0.07802508771419525,0.019526952877640724,0.0152435302734375,0.10569076985120773,0.005353389773517847,0.3256324827671051,0.0251220241189003,0.024317484426144342,0.1407510700097774,0.162974442066949,0.007528680239335241,0.06826918990334796
41917,1216,H1_30,0,0.009415674954652786,0.17884212732315063,0.007567014545202255,0.012346905656158924,0.03612236678600311,0.01711062341928482,0.3256324827671051,0.05014519393444061,0.19776841488235578,0.1659779430925653,0.13039638018902577,0.04554724558650542,0.05862834664122815
41884,1216,H1_45,0,0.0016235001385211945,0.002265946241095662,0.0010362609755247831,0.0020707990042865276,0.0008763302466832101,0.0013449807884171605,0.28978875279426575,0.0006745452410541475,0.00018769613624823982,0.002327517832533603,0.0,0.0002695454674610258,0.03015005295681179
41885,1216,H1_45,0,0.012178112752735615,0.01035934966057539,0.029576018452644348,0.008638430386781693,0.013290624134242535,0.015965953469276428,0.28978875279426575,0.009798332117497921,0.12230870477698821,0.06747529814428352,0.05270626920882885,0.00774742088488791,0.038294048695894686
41886,1216,H1_45,0,0.0006122589693404734,0.006949914153665304,0.0005811024457216263,0.0005617415881715715,0.002044140826910734,0.00010287065379088745,0.28978875279426575,0.0001620535331312567,0.020686302833754288,0.061329142782563344,0.02839062359182517,7.186020117213209e-05,0.036516114678715135
41887,1216,H1_45,0,0.0037378466222435236,0.07331233471632004,0.0023916810750961304,0.007960067130625248,0.013501692563295364,0.003482009517028928,0.28978875279426575,0.005255716387182474,0.01225477890204412,0.08633229348028996,0.033836670588205456,0.002205675872098813,0.039135254817236474
41888,1216,H1_45,0,0.004949392285197973,0.010905839502811432,0.004743835423141718,0.009816285222768784,0.006988080218434334,0.025943266227841377,0.28978875279426575,0.0030154394917190075,0.1299113282314137,0.0468312929112483,0.056173042822647117,0.0006621979547416338,0.03702852007000863
41889,1216,H1_45,0,0.06726434081792831,0.1579325944185257,0.07155682891607285,0.10144072026014328,0.2169831097126007,0.013495544902980328,0.28978875279426575,0.0934901013970375,0.20194066573549482,0.19476784928206387,0.20207940655394513,0.03146528798898879,0.08009432738901694
41890,1216,H1_45,0,0.008869057521224022,0.06815892457962036,0.003082697046920657,0.004874936770647764,0.003066491102799773,0.004248212091624737,0.28978875279426575,0.001828518114052713,0.10917009172041543,0.07335649982893264,0.03687833960197391,0.0007519820149700554,0.037159672878566495
41891,1216,H1_45,1,0.01196376420557499,0.25531724095344543,0.006008113268762827,0.019165677949786186,0.09905035048723221,0.011169886216521263,0.28978875279426575,0.02443816512823105,0.4114031652464692,0.16149223034577936,0.1278620473839927,0.012577187382372106,0.05253486715569983
41892,1216,H1_45,0,0.040077075362205505,0.009836007840931416,0.022720953449606895,0.03796705603599548,0.007403869181871414,0.042584117501974106,0.28978875279426575,0.04141842946410179,0.023157984541371666,0.1426012201614061,0.12226562994503307,0.15617531537604953,0.06005836233940861
41893,1216,H1_45,0,0.026847850531339645,0.23101982474327087,0.027853569015860558,0.01796938292682171,0.022136496379971504,0.04313686117529869,0.28978875279426575,0.004464088473469019,0.20429443398111624,0.1776975417322923,0.12293235040321239,0.01493875430340767,0.05904634886172488
41894,1216,H1_45,0,0.016977611929178238,0.006385431159287691,0.006863274145871401,0.019016338512301445,0.0019185333512723446,0.029889700934290886,0.28978875279426575,0.0049944231286644936,0.5349538887991441,0.08867400708709754,0.06783312721655571,0.0007148112486015294,0.036240358410232314
41907,1216,H1_45,0,0.000658710312563926,0.0013170300517231226,0.001026024459861219,0.0007340837037190795,0.0006124528008513153,0.0026775761507451534,0.35420262813568115,0.0004225398588459939,4.741618352582629e-05,0.0,0.0,0.00019565601473221892,0.030017681150056406
41908,1216,H1_45,1,0.002940284088253975,0.02530580759048462,0.0025167132262140512,0.0019877618178725243,0.031042084097862244,0.0024841888807713985,0.35420262813568115,0.002275295788422227,0.0857606777653837,0.05419313981983001,0.0670501694852905,0.0007907818725626684,0.03952329789776806
41909,1216,H1_45,0,0.026887321844697,0.013073313049972057,0.04672724008560181,0.05487244948744774,0.010235666297376156,0.09507220983505249,0.35420262813568115,0.01641560159623623,0.024540176850329467,0.07348218601500069,0.08181143933213546,0.002585626542702837,0.04403016844384719
41910,1216,H1_45,0,0.001574842375703156,0.03996410593390465,0.002919202670454979,0.0010810574749484658,0.004904439672827721,0.00798129104077816,0.35420262813568115,0.0018982358742505312,0.3305639934023347,0.1175250160108372,0.0570639046031219,0.0003536092437293671,0.03984575044396358
41911,1216,H1_45,0,0.009691767394542694,0.033246949315071106,0.0049011060036718845,0.008837759494781494,0.018698986619710922,0.05251668021082878,0.35420262813568115,0.008272908627986908,0.11290333360216591,0.048942822549307596,0.08846730660113558,0.0016646625471971833,0.041322078175835004
41912,1216,H1_45,0,0.039098359644412994,0.009346242994070053,0.05570056661963463,0.04841143637895584,0.11670892685651779,0.05047151446342468,0.35420262813568115,0.03835560753941536,0.1629513513923498,0.21822187491838022,0.21097027788601913,0.017154412575330014,0.09113045213531173
41913,1216,H1_45,0,0.008887351490557194,0.03830971568822861,0.011142510920763016,0.0105690723285079,0.029050521552562714,0.06053837388753891,0.35420262813568115,0.012406579218804836,0.004260562642858737,0.1384066545314087,0.10233302620741475,0.003892444489995366,0.0549831866484947
41914,1216,H1_45,0,0.030106453225016594,0.013737333007156849,0.0375436469912529,0.06538033485412598,0.01838129200041294,0.051995500922203064,0.35420262813568115,0.06561107188463211,0.7691147252118192,0.15440634835920722,0.1266064623795559,0.03332897454808683,0.04460394711997152
41915,1216,H1_45,0,0.1861964762210846,0.08326192200183868,0.22522573173046112,0.22019682824611664,0.16848772764205933,0.20176392793655396,0.35420262813568115,0.101979099214077,0.6355953010047611,0.2454627521130222,0.20909559141758585,0.3917647296269169,0.0796768394699696
41916,1216,H1_45,1,0.007579687051475048,0.006403615232557058,0.015208462253212929,0.015053654089570045,0.010667828842997551,0.010214211419224739,0.35420262813568115,0.007241589482873678,0.00822932248617692,0.1046271303055497,0.11396673289895523,0.008970346087820989,0.05323243814762125
41917,1216,H1_45,0,0.029497750103473663,0.018246978521347046,0.05441955476999283,0.03428788483142853,0.05745843052864075,0.03449135273694992,0.35420262813568115,0.02387198992073536,0.076351551289978,0.15676807348582256,0.14224883679104583,0.026625350195816775,0.06393952380887201
41884,1216,H2_15,0,0.00214534904807806,0.0018168247770518064,0.0015298511134460568,0.0018307118443772197,0.000533959420863539,0.0016791517846286297,0.059595152735710144,0.0007757901330478489,0.00016552713029235758,0.0009023117076808351,0.0,0.00033548168432218133,0.030066718007433685
41885,1216,H2_15,0,0.0020763729698956013,0.018802840262651443,0.0026040186639875174,0.0005542780854739249,0.0007385545177385211,0.004099596291780472,0.059595152735710144,0.0004065331886522472,0.0016354288102486813,0.07080214210839939,0.03702346318399466,0.00012398493929075357,0.038482636400149414
41886,1216,H2_15,0,0.0001859074691310525,0.0012784602586179972,0.00015017682744655758,0.00012151744158472866,0.005131987389177084,0.00013499970373231918,0.059595152735710144,8.143401646520942e-05,0.0013268020458420391,0.0408856108777126,0.023048975297641904,2.7607950819112194e-05,0.03473253311822039
41887,1216,H2_15,0,0.0020085100550204515,0.008464871905744076,0.0019492778228595853,0.0011724638752639294,0.001930829486809671,0.0024155096616595984,0.059595152735710144,0.0005145663162693381,0.0011430087755766492,0.023792271852805056,0.01100785091839219,0.0001418989559541273,0.032418551849601594
41888,1216,H2_15,0,0.012424545362591743,0.0018649377161636949,0.022088240832090378,0.042128972709178925,0.006605181843042374,0.029967615380883217,0.059595152735710144,0.014435391873121262,0.25642844464026415,0.05422896735919801,0.07802123631096826,0.006463194910795126,0.03825649816578826
41889,1216,H2_15,0,0.005941872019320726,0.04371415451169014,0.0068883332423865795,0.007274406962096691,0.00875546783208847,0.006536823697388172,0.059595152735710144,0.0029654146637767553,0.01055388654421232,0.11157490186628628,0.0853212568737342,0.0005535965944279569,0.048849286258985526
41890,1216,H2_15,0,0.001146951923146844,0.014580660499632359,0.0009951129322871566,0.0016775692347437143,0.0023696923162788153,0.0008646341157145798,0.059595152735710144,0.0013643807033076882,0.04086150041977404,0.0725271073261347,0.021602958318925267,0.0003433701687303414,0.036324911420183535
41891,1216,H2_15,0,0.006585025228559971,0.014568092301487923,0.0043350341729819775,0.011001034639775753,0.0138685442507267,0.01177197229117155,0.059595152735710144,0.0036668460816144943,0.006433428326645916,0.08547741301617534,0.04113349983064825,0.00042992991869129216,0.040055113286699695
41892,1216,H2_15,0,0.11797510087490082,0.007185493130236864,0.13820207118988037,0.10997915267944336,0.033824361860752106,0.04621737077832222,0.059595152735710144,0.0473238043487072,0.9548486022870263,0.1529611023517266,0.13770993950318366,0.07562653745746814,0.044022923300135165
41893,1216,H2_15,0,0.10986616462469101,0.02412867546081543,0.10952922701835632,0.1559525579214096,0.04490024223923683,0.047779493033885956,0.059595152735710144,0.1264973133802414,0.9732477201771468,0.16971957059199172,0.21026237826008587,0.020442472329953495,0.053787576452116015
41894,1216,H2_15,0,0.05234607309103012,0.01483863964676857,0.01081448420882225,0.08564408123493195,0.14799799025058746,0.0796709731221199,0.059595152735710144,0.025657223537564278,0.9159467715946713,0.15711053421076046,0.14332668826706488,0.024067654529543035,0.04526520876780737
41907,1216,H2_15,0,0.00019716339011210948,0.001079592970199883,0.00024741419474594295,0.00021291473240125924,0.0004929887945763767,0.00045538798440247774,0.03835035860538483,0.00019213662017136812,9.619380666471345e-05,0.0,0.001193469387755102,0.00010225210987348068,0.030117794831595743
41908,1216,H2_15,1,0.004397375043481588,0.009423314593732357,0.005669652950018644,0.00301786488853395,0.004179426934570074,0.003389506135135889,0.03835035860538483,0.002333261538296938,0.003151296765938539,0.08028614008507973,0.05612417382051608,0.0011999060135981178,0.04163254648737309
41909,1216,H2_15,0,0.0065494985319674015,0.005532171111553907,0.00745846563950181,0.003424610709771514,0.001978085609152913,0.08276209980249405,0.03835035860538483,0.0035960450768470764,5.530186508362938e-05,0.0333351962256918,0.060012940252526396,0.0004363312581866666,0.03825259129109256
41910,1216,H2_15,0,0.002729614032432437,0.021663250401616096,0.0038054920732975006,0.003504920518025756,0.011260258965194225,0.004567550960928202,0.03835035860538483,0.0029818478506058455,0.3563204885025981,0.14039203583514773,0.0798220378272312,0.0004161476387754832,0.0442638818680797
41911,1216,H2_15,0,0.003564981045201421,0.01218434888869524,0.006827238947153091,0.002851232187822461,0.00981408916413784,0.016709763556718826,0.03835035860538483,0.008389163762331009,0.19243608667832168,0.0685016332842544,0.05783772377659739,0.0016805297788554873,0.03795035729439058
41912,1216,H2_15,0,0.08656896650791168,0.013326877728104591,0.05342596769332886,0.11099453270435333,0.009620649740099907,0.09991518408060074,0.03835035860538483,0.04341115057468414,0.2493447391114862,0.13821755287824197,0.1673422908991403,0.017554215538151428,0.06129489685152798
41913,1216,H2_15,0,0.0068899900652468204,0.049869194626808167,0.008753936737775803,0.004595194011926651,0.009174766950309277,0.012608708813786507,0.03835035860538483,0.010897557251155376,0.006659523731198371,0.12156749536970307,0.06809461425951614,0.010914338856462867,0.0471304645009105
41914,1216,H2_15,0,0.02663320116698742,0.05436858907341957,0.03653601557016373,0.025250254198908806,0.0027148406952619553,0.0382465161383152,0.03835035860538483,0.028752624988555908,0.4052097112627139,0.1876247270683478,0.09384414502622265,0.043368428737391745,0.050094111072172244
41915,1216,H2_15,0,0.03835461288690567,0.04817384108901024,0.032114628702402115,0.06660906970500946,0.13329903781414032,0.032521914690732956,0.03835035860538483,0.04882139712572098,0.3848656831917853,0.14448088804370396,0.141765259010712,0.01153182794536785,0.05321940340190562
41916,1216,H2_15,1,0.03494289517402649,0.029580408707261086,0.04316885396838188,0.03960958123207092,0.20585083961486816,0.031226838007569313,0.03835035860538483,0.01226270105689764,0.01320993449722759,0.18489275179383696,0.18649112785743957,0.008627078470860736,0.08384033507626243
41917,1216,H2_15,0,0.011273980140686035,0.07496893405914307,0.014836353249847889,0.0062947263941168785,0.01824192889034748,0.030173953622579575,0.03835035860538483,0.008513676933944225,0.023408028039412082,0.08810153623212141,0.09260959345367875,0.002673180213346009,0.047262829045206324
41884,1216,H2_30,0,0.001850378466770053,0.0003461098822299391,0.0019424324855208397,0.0009603982325643301,0.001263609272427857,0.0005668433150276542,0.05115274712443352,0.0013675530208274722,0.0013922752874629797,0.005845461754656031,0.00340271956469269,0.0004796754644412608,0.030627381762558054
41885,1216,H2_30,0,0.002037077210843563,0.03355821594595909,0.0022395935375243425,0.0008898460073396564,0.007183792535215616,0.002162777818739414,0.05115274712443352,0.0012218370102345943,0.3467842010315755,0.0423441976252091,0.04432232498550105,0.0004393956639044386,0.03299763319504947
41886,1216,H2_30,0,0.0007129173027351499,0.004352026619017124,0.001356726628728211,0.0007060471689328551,0.03853549435734749,0.0002858150692190975,0.05115274712443352,0.0008334995363838971,0.19512882401359385,0.11551357295892534,0.047737176954122454,0.0006133806762543071,0.04053304145489887
41887,1216,H2_30,0,0.0013453004648908973,0.011753464117646217,0.0014063376002013683,0.0021006313618272543,0.0021770272869616747,0.002020964166149497,0.05115274712443352,0.002087160712108016,0.04353232981728431,0.04460592809888636,0.02600205362474409,0.0004827037771243937,0.03476044109605637
41888,1216,H2_30,0,0.004920214880257845,0.019163737073540688,0.008597088977694511,0.005521139595657587,0.005767500959336758,0.010335599072277546,0.05115274712443352,0.004863035399466753,0.07240075668817891,0.03597921362390425,0.03132520672586556,0.00628110580056413,0.03438204956239866
41889,1216,H2_30,0,0.004237581510096788,0.11795955896377563,0.004050511866807938,0.0025044362992048264,0.012784210965037346,0.005440923385322094,0.05115274712443352,0.005892420187592506,0.43685229178586715,0.12321860771981558,0.08819252477996965,0.0009850491794384834,0.04253045539289377
41890,1216,H2_30,0,0.0024656362365931273,0.006232688203454018,0.004294306039810181,0.001562954275868833,0.015719814226031303,0.0013527263654395938,0.05115274712443352,0.0011172587983310223,0.029114555405971704,0.028738669473342877,0.019949502657234677,0.0003485720906680959,0.0332681640818058
41891,1216,H2_30,0,0.003431698540225625,0.008767493069171906,0.004644982051104307,0.0021656546741724014,0.009850014932453632,0.016527347266674042,0.05115274712443352,0.006627298891544342,0.016689195086880156,0.038838886615908084,0.02323619142827705,0.0019842517985076704,0.03436576433133635
41896,1216,H2_30,0,0.06290936470031738,0.009005709551274776,0.040196992456912994,0.054428830742836,0.016683382913470268,0.028414133936166763,0.6663023233413696,0.035738393664360046,0.1726797373048818,0.15358286384099423,0.15698304485292672,0.0087999398537889,0.06349060071812324
41898,1216,H2_30,0,0.034640125930309296,0.014764306135475636,0.023878734558820724,0.039810676127672195,0.015918033197522163,0.04273766651749611,0.15956832468509674,0.022462019696831703,0.3373387082319844,0.12079783904433825,0.12414670361897537,0.007513233966452946,0.04908773696503465
41903,1216,H2_30,0,0.012713552452623844,0.07849391549825668,0.02210630290210247,0.01080325711518526,0.13880212604999542,0.00927018467336893,0.15956832468509674,0.010897649452090263,0.8382601754987212,0.12251849383911695,0.10624490275052496,0.002678288351282069,0.039042176613262376
41907,1216,H2_30,0,0.00015119164891075343,0.000525664770975709,0.000175561843207106,0.0001797844161046669,0.0005264875944703817,0.00044060079380869865,0.06426678597927094,0.00018431067292112857,9.671061506546646e-06,0.0,0.0,5.926323301258498e-05,0.03001922916103275
41908,1216,H2_30,1,0.003813312854617834,0.018962742760777473,0.0030382857657969,0.0062210336327552795,0.021786527708172798,0.0022680815309286118,0.06426678597927094,0.0017865932313725352,0.0010698753555546548,0.04465015894184058,0.03866082841398018,0.0003201781651474395,0.036658044729700766
41909,1216,H2_30,0,0.002385710831731558,0.004573801066726446,0.005641285330057144,0.0026199265848845243,0.0017563742585480213,0.05852062627673149,0.06426678597927094,0.0027012352366000414,0.000520119684457049,0.023842768575653865,0.05246648967394964,0.0007752587778930448,0.036650858176041426
41910,1216,H2_30,0,0.0004968330613337457,0.0047416226007044315,0.0006000732537358999,0.0003796817909460515,0.0027950452640652657,0.00044508412247523665,0.06426678597927094,0.0006400037091225386,0.6675047800842526,0.1108405175844522,0.032248824056894033,0.00018707807305441267,0.033119161488109485
41911,1216,H2_30,0,0.0008935234509408474,0.005406997166574001,0.001980161527171731,0.0018375908257439733,0.011351198889315128,0.007200792897492647,0.06426678597927094,0.004685721360146999,0.11478226717858826,0.03398120602470566,0.04202058554232945,0.0003844407874483599,0.03476408492731264
41912,1216,H2_30,0,0.052259016782045364,0.016558922827243805,0.07477682083845139,0.0442720465362072,0.03838465362787247,0.07105623185634613,0.06426678597927094,0.039545461535453796,0.3537604917193206,0.21055170989700606,0.17488436326100099,0.00865194893181368,0.07039798472629923
41913,1216,H2_30,0,0.015570376068353653,0.03425270691514015,0.018420692533254623,0.015480243600904942,0.027217818424105644,0.08251186460256577,0.06426678597927094,0.0074766348116099834,0.005822169076005268,0.14380399666571853,0.07268067871338758,0.0019154112646489277,0.05019652964201952
41914,1216,H2_30,0,0.011258252896368504,0.19352349638938904,0.019313236698508263,0.01947886124253273,0.07136712968349457,0.03589407727122307,0.06426678597927094,0.0335012786090374,0.6774696470709535,0.22697843832828032,0.11162587224170809,0.015831868922889944,0.051270683681992855
41915,1216,H2_30,0,0.05195636674761772,0.03169829025864601,0.06606359034776688,0.0499422550201416,0.21336491405963898,0.029037222266197205,0.06426678597927094,0.02296837978065014,0.03131497078519662,0.1410248993945162,0.17556881501579982,0.010257887229474238,0.07153792393312303
41916,1216,H2_30,1,0.019534721970558167,0.4547707736492157,0.021328071132302284,0.03417959436774254,0.22057706117630005,0.019826427102088928,0.06426678597927094,0.09096001833677292,0.019189945214403852,0.19401725463586805,0.17287939906393116,0.06087199672608187,0.07897504103131597
41920,1216,H2_30,0,0.03280787542462349,0.2401437759399414,0.025313517078757286,0.03980078175663948,0.03909735754132271,0.06020132079720497,0.022164680063724518,0.08257902413606644,0.12576031584201106,0.16593386891343131,0.15728420206963456,0.0179704078365898,0.06587494348331979
42195,1219,H1_15,0,0.002829531906172633,0.0023207124322652817,0.001645436859689653,0.0016949443379417062,0.0037220409139990807,0.001035697408951819,0.4679825007915497,0.0010122287785634398,0.0003890841771615705,0.005435039241831768,0.018546425169990617,0.0002971902911213947,0.036426023946036244
42196,1219,H1_15,0,0.026485349982976913,0.08804892003536224,0.04516750946640968,0.020269524306058884,0.010309196077287197,0.03639819100499153,0.4679825007915497,0.02507481724023819,0.44763020627784317,0.12556925629231622,0.13337239124112996,0.008575454586288713,0.056690527087185194
42197,1219,H1_15,0,0.023922748863697052,0.05061039328575134,0.029207739979028702,0.022538380697369576,0.16186611354351044,0.02253824844956398,0.4679825007915497,0.10800336301326752,0.4033877626306207,0.09688905187996122,0.15395186521266932,0.03214053390000282,0.058064496460667935
42198,1219,H1_15,0,0.12168243527412415,0.08144599199295044,0.12141071259975433,0.12097351253032684,0.10232125967741013,0.0744265764951706,0.4679825007915497,0.5941938161849976,0.6576219305636117,0.2273264684382994,0.1838349169767717,0.49993639269264245,0.14009427600725702
42200,1219,H1_15,0,0.002734011271968484,0.01010891143232584,0.003343572374433279,0.0035899742506444454,0.005565434228628874,0.004352063871920109,0.4679825007915497,0.0024756346829235554,0.7374513616250039,0.13377325553757158,0.0916363989543711,0.000754636342575671,0.047575977352810515
42201,1219,H1_15,0,0.3786109983921051,0.1540440320968628,0.34810447692871094,0.4191238582134247,0.26989123225212097,0.23529934883117676,0.4679825007915497,0.3425348699092865,0.6718869003045479,0.39981260018524994,0.31333441900177367,0.10460877367189524,0.1615476106889191
42203,1219,H1_15,0,0.8531859517097473,0.5401634573936462,0.7864824533462524,0.6651763319969177,0.3914632499217987,0.6490269899368286,0.4679825007915497,0.74764084815979,0.8448870311361459,0.4143054966008348,0.3785138961360136,0.49448853612209165,0.2768570220395072
42204,1219,H1_15,0,0.015372542664408684,0.4444476366043091,0.015065217390656471,0.009026546962559223,0.1795906126499176,0.055385131388902664,0.4213837683200836,0.0158663522452116,0.10994852756605264,0.09121838805381423,0.15067875890827503,0.004175770141043769,0.06013749929953383
42206,1219,H1_15,0,0.005108063109219074,0.03125922754406929,0.0036732680164277554,0.003672637976706028,0.011799396015703678,0.004847133997827768,0.4679825007915497,0.002413948532193899,0.7222690270933907,0.10460912708510485,0.06507033227707273,0.0016976822921686656,0.0418458216296948
42207,1219,H1_15,0,0.8007777333259583,0.3798697888851166,0.7829918265342712,0.7088987231254578,0.7649222016334534,0.5043119788169861,0.4679825007915497,0.9273245930671692,0.9662438459438517,0.5266569413919783,0.4367004845919303,0.8423731468322897,0.4577811776491516
42208,1219,H1_15,0,0.02239949256181717,0.03903457149863243,0.04349256306886673,0.03812260553240776,0.11826371401548386,0.09767241775989532,0.4679825007915497,0.04669354483485222,0.7005854471177902,0.2633226419765885,0.22244396354309776,0.0108672122874221,0.08940267331329121
42210,1219,H1_15,0,0.03242938965559006,0.0793951228260994,0.03184133023023605,0.07002251595258713,0.02693171054124832,0.03725574165582657,0.4236195683479309,0.05654233321547508,0.22891773880105648,0.055957921648874975,0.06723569240188272,0.033522766459231114,0.0448859237284172
42211,1219,H1_15,0,0.05149175226688385,0.09565955400466919,0.028703518211841583,0.027996566146612167,0.019732831045985222,0.02694130316376686,0.4236195683479309,0.03309028223156929,0.08654433414049942,0.1025542347260556,0.0963466308250545,0.01576331498652601,0.05477424573071702
42212,1219,H1_15,0,0.04946991428732872,0.024096086621284485,0.04779984429478645,0.0366949662566185,0.09224428236484528,0.05013689398765564,0.4236195683479309,0.043081846088171005,0.16533742148206254,0.10453249447498549,0.1440775523197276,0.021014249923229145,0.06104348560908226
42214,1219,H1_15,0,0.1054287850856781,0.06067238003015518,0.12487301975488663,0.04809248447418213,0.11237682402133942,0.1517874002456665,0.4236195683479309,0.049023792147636414,0.8657111816826644,0.22432895286635243,0.26266547584023797,0.012563006739884629,0.08724552591048712
42215,1219,H1_15,0,0.01942627690732479,0.2654077708721161,0.01255589909851551,0.014421030879020691,0.10005771368741989,0.017793036997318268,0.4236195683479309,0.017929524183273315,0.44172293426350306,0.17215403794388498,0.09757046456567571,0.003462365883979278,0.05712982879591641
42216,1219,H1_15,0,0.03545953333377838,0.5018052458763123,0.033731859177351,0.03900023549795151,0.0432388111948967,0.04364001378417015,0.4236195683479309,0.01972069963812828,0.8281475503345279,0.1293715362088408,0.12699583261276384,0.008759375981022171,0.05080481336512771
42217,1219,H1_15,0,0.758429765701294,0.6456362009048462,0.7423772811889648,0.7750256061553955,0.5902054905891418,0.7292304039001465,0.4236195683479309,0.83814537525177,0.9761165358097672,0.5905748103220332,0.5086867535501454,0.7264828803231913,0.5008286254250031
42219,1219,H1_15,0,0.00180376460775733,0.007957186549901962,0.0010111738229170442,0.0012476840056478977,0.00734918937087059,0.0016621201066300273,0.4236195683479309,0.0009009134955704212,0.0057075704903878964,0.06052878851573374,0.03895189890050579,0.0006590981757140921,0.0434054064741721
42220,1219,H1_15,0,0.005998942069709301,0.11377450823783875,0.00523375952616334,0.01463815663009882,0.017622698098421097,0.00419227872043848,0.4236195683479309,0.015438910573720932,0.1993418453470985,0.08698957941368379,0.11237461687009932,0.007600666524128229,0.05289474629029393
42221,1219,H1_15,0,0.0654311329126358,0.7639315128326416,0.039434291422367096,0.028980877250432968,0.20418843626976013,0.03630715236067772,0.4236195683479309,0.018797025084495544,0.7295151336749816,0.16231027557688685,0.17227285308350593,0.005761907438738267,0.06268045775739887
42222,1219,H1_15,0,0.2745024859905243,0.6708090305328369,0.3435964286327362,0.3143309950828552,0.2019152194261551,0.40349334478378296,0.4236195683479309,0.16430340707302094,0.8429418986337673,0.32168080555586853,0.2775216501164476,0.09995948296725961,0.12320424599696884
42195,1219,H1_30,0,0.0016866526566445827,0.0023207124322652817,0.0011685141362249851,0.0008337124600075185,0.00332801416516304,0.0011881844839081168,0.46599438786506653,0.0004781618481501937,0.0003794937061813075,0.004335739842016147,0.007217064895880402,0.0002648741874566655,0.03528335523535233
42196,1219,H1_30,0,0.060464899986982346,0.06154607608914375,0.06924401968717575,0.045545969158411026,0.4732683002948761,0.03353356570005417,0.46599438786506653,0.10012533515691757,0.4690532644330022,0.09699222224919633,0.14043309894469636,0.07309254725935421,0.058107353904005316
42197,1219,H1_30,0,0.03223197162151337,0.07310087233781815,0.028767501935362816,0.01706044003367424,0.06840502470731735,0.05014476180076599,0.46599438786506653,0.06881997734308243,0.7312069436754648,0.10299758865310006,0.1432666774257473,0.04227057841798189,0.05329022448602769
42198,1219,H1_30,0,0.2698962092399597,0.035693950951099396,0.2046370506286621,0.16357463598251343,0.15999795496463776,0.14908543229103088,0.46599438786506653,0.1973799169063568,0.8592247738578166,0.15109912908663709,0.15227836262340028,0.14272278073473219,0.06638064395383474
42200,1219,H1_30,0,0.03342834487557411,0.3169686794281006,0.023518361151218414,0.035960931330919266,0.05552385374903679,0.015076883137226105,0.46599438786506653,0.03732087090611458,0.6084415471037818,0.11105019492371895,0.10352726431218566,0.00694978544697771,0.04851695196224543
42201,1219,H1_30,0,0.30157482624053955,0.22152826189994812,0.3362516760826111,0.2217402458190918,0.1773369461297989,0.5104634761810303,0.46599438786506653,0.33233842253685,0.0495949354508558,0.27004303023518683,0.23941209007207123,0.08477967028166904,0.1200426607552939
42203,1219,H1_30,0,0.07056109607219696,0.7313915491104126,0.0685126855969429,0.04796035587787628,0.02631291002035141,0.020581552758812904,0.46599438786506653,0.2583126425743103,0.3873181385237309,0.2833224040630535,0.20429476399984833,0.24338597960508424,0.1273898279384417
42204,1219,H1_30,0,0.03372771665453911,0.26084935665130615,0.038059692829847336,0.03585498780012131,0.13588854670524597,0.05240100249648094,0.3726551830768585,0.05356307700276375,0.1625741811422002,0.04802684427577122,0.07469398412361017,0.04997406888456197,0.046778112949391264
42206,1219,H1_30,0,0.013943719677627087,0.1323087215423584,0.012374218553304672,0.008815374225378036,0.01926010102033615,0.0029808925464749336,0.46599438786506653,0.004647145513445139,0.2070587686189012,0.08275243157923325,0.03454550669938339,0.000725978432958636,0.04249338327472237
42207,1219,H1_30,0,0.059185780584812164,0.37728041410446167,0.055891286581754684,0.0685223862528801,0.017483556643128395,0.09044557809829712,0.46599438786506653,0.08438457548618317,0.9553084528326405,0.4010105924724739,0.2706172867328906,0.10998047930980245,0.14166926962405438
42208,1219,H1_30,0,0.07636822015047073,0.2900456190109253,0.06867573410272598,0.03368781879544258,0.05295705050230026,0.03231583163142204,0.46599438786506653,0.05650519207119942,0.4270407289493432,0.12576853545649794,0.08247526883010463,0.02412018004431543,0.05096354956159297
42210,1219,H1_30,0,0.025726335123181343,0.015644419938325882,0.018595827743411064,0.03471565991640091,0.019986126571893692,0.0410558357834816,0.4503873288631439,0.023103605955839157,0.06564463318136529,0.043459933221827604,0.08161565991727648,0.047323425937249815,0.04841448229983166
42211,1219,H1_30,0,0.009784258902072906,0.12504813075065613,0.011933296918869019,0.015907444059848785,0.18679817020893097,0.007320670876652002,0.4503873288631439,0.007758810184895992,0.016929276299812133,0.1223940114565851,0.11048569530021451,0.002226064848148827,0.0596575841495707
42212,1219,H1_30,0,0.013081744313240051,0.051377587020397186,0.006150210741907358,0.004394259303808212,0.01069802138954401,0.021209271624684334,0.4503873288631439,0.0027668154798448086,0.18470724780918585,0.11547409811461312,0.1137913841234403,0.001182386521163582,0.05638513296062816
42214,1219,H1_30,0,0.039477717131376266,0.22717121243476868,0.06533624976873398,0.06507576256990433,0.10290181636810303,0.06872640550136566,0.4503873288631439,0.074253149330616,0.6517092153023953,0.24965433074601612,0.18315136684118297,0.14829696561247732,0.0951330932861791
42215,1219,H1_30,0,0.005331784952431917,0.0637357085943222,0.003081242088228464,0.004025740548968315,0.05495152994990349,0.019464503973722458,0.4503873288631439,0.004110469948500395,0.16502304778341848,0.14071724888306825,0.11372798351148469,0.000435081098430444,0.059878122273340356
42216,1219,H1_30,0,0.08133301138877869,0.2899058163166046,0.05573658272624016,0.07294353097677231,0.10732636600732803,0.09864601492881775,0.4503873288631439,0.022018974646925926,0.9200934490180037,0.22910390979698023,0.19532332158757162,0.008713728992946061,0.07340204201865648
42217,1219,H1_30,0,0.026335688307881355,0.36952507495880127,0.027798378840088844,0.02282625064253807,0.032642874866724014,0.016285181045532227,0.4503873288631439,0.03181955963373184,0.9146324187717627,0.2611673380720157,0.15124805615207332,0.004626765252280106,0.07014883986237125
42219,1219,H1_30,0,0.0033032980281859636,0.001428993884474039,0.003207328962162137,0.0028478058520704508,0.0010341346496716142,0.0008096706587821245,0.4503873288631439,0.0012601796770468354,0.0022986273753018067,0.0015165043290043289,0.010402497503568432,0.00046830364212225266,0.035337068354319386
42220,1219,H1_30,0,0.07019098103046417,0.018551738932728767,0.07213626801967621,0.05095851421356201,0.10739241540431976,0.10395538061857224,0.4503873288631439,0.05946369469165802,0.32017439220685157,0.08424292993125389,0.12080129314691684,0.02642352109985961,0.052943483586795424
42221,1219,H1_30,0,0.010329282842576504,0.07613856345415115,0.007647973019629717,0.005489987786859274,0.027641605585813522,0.011668018065392971,0.4503873288631439,0.0029647729825228453,0.023965298929025766,0.10273113434545628,0.10122389971291751,0.0030604521769725334,0.05575945411500673
42222,1219,H1_30,0,0.007138404529541731,0.03554381802678108,0.006791906431317329,0.012373710982501507,0.004085112363100052,0.032222624868154526,0.4503873288631439,0.0077724638395011425,0.6090381519396478,0.08222262031106553,0.10150287613730818,0.007676967931326392,0.04541346865248272
42195,1219,H1_45,0,0.004046337679028511,0.0023207124322652817,0.0027203771751374006,0.0037744934670627117,0.006569431629031897,0.003273578127846122,0.46673715114593506,0.0016417024889960885,4.668378084849666e-05,0.005456912288633002,0.028571319591489563,0.0017073344155399788,0.03745289083363337
42196,1219,H1_45,0,0.10803741216659546,0.016607485711574554,0.07632185518741608,0.0275572519749403,0.07798423618078232,0.026611512526869774,0.46673715114593506,0.07154158502817154,0.47326773953843865,0.09897492105544488,0.0792372320234089,0.018741212945980634,0.04662377768577547
42197,1219,H1_45,0,0.00956835225224495,0.02108106203377247,0.01143358089029789,0.013406976126134396,0.017413537949323654,0.022915365174412727,0.46673715114593506,0.01718822307884693,0.46903614549575007,0.05288028074394609,0.053986061468888236,0.008390326869998372,0.03910144245420052
42198,1219,H1_45,0,0.019271019846200943,0.015444928780198097,0.020185913890600204,0.010139892809092999,0.06667923927307129,0.0339006707072258,0.46673715114593506,0.03754458948969841,0.5067611757961681,0.0852709419285876,0.09775980247056856,0.01338851172776462,0.046795983606002366
42200,1219,H1_45,0,0.013729497790336609,0.022571289911866188,0.012827473692595959,0.01351784635335207,0.006704996805638075,0.0030350491870194674,0.46673715114593506,0.015932612121105194,0.5145404657310947,0.04126799323967606,0.058407567836799554,0.004140260563055996,0.03784119916956145
42201,1219,H1_45,0,0.1762346476316452,0.24700680375099182,0.1583099663257599,0.2561034560203552,0.12850679457187653,0.1655218005180359,0.46673715114593506,0.2711992561817169,0.2764752260580619,0.25219861307437225,0.2078849410012472,0.19210808620730957,0.11573847901076036
42203,1219,H1_45,0,0.11526399105787277,0.49659299850463867,0.1735331118106842,0.11857225745916367,0.2130340188741684,0.04344967007637024,0.46673715114593506,0.23637062311172485,0.33223338864096835,0.3466331409327093,0.23545835638970866,0.10555024801276641,0.13334007825732982
42204,1219,H1_45,0,0.19873575866222382,0.03774874284863472,0.07745377719402313,0.12847493588924408,0.05151960253715515,0.19542458653450012,0.5292429327964783,0.11783867329359055,0.12599572271917972,0.06031372257901648,0.05860864932963943,0.1652326306792032,0.053872562035518164
42206,1219,H1_45,0,0.007257574703544378,0.3090239465236664,0.009257848374545574,0.004480182658880949,0.017466379329562187,0.0021191411651670933,0.46673715114593506,0.0058407774195075035,0.6129231170642726,0.05682509225499018,0.054703252124622924,0.0008550781618855805,0.03764242430952735
42207,1219,H1_45,0,0.08068156987428665,0.07638988643884659,0.05829836055636406,0.11814235150814056,0.041038624942302704,0.04055481776595116,0.46673715114593506,0.13089367747306824,0.9511575415949959,0.41664661344079934,0.22433768950567307,0.051585725803383706,0.12163422819609233
42208,1219,H1_45,0,0.07419969141483307,0.15216344594955444,0.08270493894815445,0.06349818408489227,0.053857140243053436,0.08966454118490219,0.46673715114593506,0.06301362812519073,0.29777145249638853,0.18295255891828602,0.12409260751545202,0.03186992672007065,0.0672097379923654
42210,1219,H1_45,0,0.0028636448550969362,0.013311387039721012,0.0044914791360497475,0.003029012819752097,0.009971244260668755,0.016963714733719826,0.4302942156791687,0.0027469689957797527,0.023982899587908495,0.037686122521152096,0.040706084929057064,0.0013169531577072481,0.04122842002146546
42211,1219,H1_45,0,0.02043069154024124,0.0036383699625730515,0.01529967226088047,0.012566102668642998,0.08011757582426071,0.08722002804279327,0.4302942156791687,0.006942437496036291,0.00235246959707103,0.1450024555139065,0.10662117993026538,0.0032884818181216414,0.06243353731351195
42212,1219,H1_45,0,0.016247717663645744,0.19307556748390198,0.010869493708014488,0.014147425070405006,0.055655743926763535,0.020070865750312805,0.4302942156791687,0.010998508892953396,0.018054375333209468,0.15932172326528746,0.18260418939487466,0.0025623084310028186,0.07746543908246538
42214,1219,H1_45,0,0.08562427014112473,0.2750817835330963,0.11696278303861618,0.12499162554740906,0.5321593284606934,0.10974367707967758,0.4302942156791687,0.16053815186023712,0.43096271809301756,0.38953057919623657,0.3462944322370986,0.10723879777214439,0.18338409526668079
42215,1219,H1_45,0,0.02331732027232647,0.06877343356609344,0.02343800663948059,0.009262112900614738,0.18474435806274414,0.007568106055259705,0.4302942156791687,0.004253072198480368,0.23518162829467984,0.15072982876798083,0.12380314289779631,0.00032961413808773823,0.06153794043797833
42216,1219,H1_45,0,0.08232393115758896,0.45645055174827576,0.17252449691295624,0.10056806355714798,0.37381693720817566,0.059098321944475174,0.4302942156791687,0.09436829388141632,0.9121838946411547,0.2851947912877442,0.22833701347513052,0.028617111597114917,0.09171403319298838
42217,1219,H1_45,0,0.07680962234735489,0.2356492429971695,0.13535965979099274,0.032632291316986084,0.08623983711004257,0.03495214879512787,0.4302942156791687,0.0626443475484848,0.8165057030205087,0.3129950340279963,0.21276296022774188,0.010912604092419403,0.09408884027449411
42219,1219,H1_45,0,0.002716170623898506,0.007567938417196274,0.004279112443327904,0.002104375045746565,0.00364094995893538,0.0010303244926035404,0.4302942156791687,0.005267861299216747,0.0022960805240075815,0.007175272785503922,0.026982837834785,0.0019687147222266694,0.037421200240770426
42220,1219,H1_45,0,0.02536400780081749,0.007477364037185907,0.03896418586373329,0.01359392236918211,0.06411311775445938,0.05649382993578911,0.4302942156791687,0.014120852574706078,0.15409005296312753,0.09248040122958245,0.08993794136350362,0.004120416907129964,0.051014301739785294
42221,1219,H1_45,0,0.029764264822006226,0.04165997356176376,0.016605623066425323,0.01180251594632864,0.15337637066841125,0.032770585268735886,0.4302942156791687,0.016073904931545258,0.20305734039089937,0.1523271044679683,0.17020055031779202,0.004159797591548558,0.07029951233003888
42222,1219,H1_45,0,0.03040953166782856,0.036569394171237946,0.04359247907996178,0.03554859757423401,0.04655081778764725,0.01910325512290001,0.4302942156791687,0.017955521121621132,0.6304728006905402,0.1180844762287173,0.12539587581011782,0.008066713204861974,0.05197296291218085
42195,1219,H2_15,0,0.0016535351751372218,0.0022864127531647682,0.0010084722889587283,0.0015533003024756908,0.0009475991246290505,0.004542535170912743,0.44110608100891113,0.0012072110548615456,0.00018928581303076028,0.013613167674370033,0.02669878118545866,0.0009637463479444917,0.037927438352713984
42196,1219,H2_15,0,0.08265502750873566,0.01385368313640356,0.07188162207603455,0.05262206494808197,0.08494102209806442,0.01867096498608589,0.44110608100891113,0.05247516185045242,0.3016127279933149,0.023896153390831457,0.06113896438738263,0.038350885249757105,0.040533067581302255
42197,1219,H2_15,0,0.021456601098179817,0.032662998884916306,0.012771093286573887,0.005686839576810598,0.01207845937460661,0.005911802873015404,0.44110608100891113,0.004409071058034897,0.655919478019431,0.05137463864029756,0.029687113455205413,0.000799631074491702,0.034433392602555936
42198,1219,H2_15,0,0.04317718744277954,0.004839581903070211,0.032225508242845535,0.019554561004042625,0.04381658136844635,0.06386488676071167,0.44110608100891113,0.03365378826856613,0.3476913433135851,0.10885683830122855,0.09134096901182254,0.014418175579030757,0.05080204595562376
42200,1219,H2_15,0,0.004561562556773424,0.012676110491156578,0.0044215405359864235,0.0022052095737308264,0.017909148707985878,0.0006843842566013336,0.44110608100891113,0.0025023119524121284,0.25119081439639157,0.02635985681605644,0.010898054860260777,0.0019394020313112195,0.03481325205691235
42201,1219,H2_15,0,0.10266725718975067,0.016078807413578033,0.0758693739771843,0.07730279117822647,0.06376229971647263,0.1203031837940216,0.44110608100891113,0.11860175430774689,0.1120308949117774,0.2488684495187047,0.18624935957042826,0.028902796590888707,0.09441276772633388
42203,1219,H2_15,0,0.08001313358545303,0.4441620409488678,0.044035691767930984,0.059633247554302216,0.20341025292873383,0.029185811057686806,0.44110608100891113,0.05254548788070679,0.4909827425019796,0.26445233430326825,0.18523172997819362,0.09762893558716737,0.09628177496388284
42204,1219,H2_15,0,0.11616204679012299,0.029849892482161522,0.12743939459323883,0.07581041008234024,0.036565545946359634,0.14793702960014343,0.4313027858734131,0.06995012611150742,0.05696561010022547,0.06940616473476935,0.058459374928533286,0.08310216583941585,0.05053038995436898
42206,1219,H2_15,0,0.0060640969313681126,0.01725628413259983,0.003586594946682453,0.005079612601548433,0.038746949285268784,0.001237488235346973,0.44110608100891113,0.0037509938701987267,0.15784098223108453,0.03333012835873415,0.02348642587578043,0.002534350164227768,0.0375789112620504
42207,1219,H2_15,0,0.06213771924376488,0.02426212467253208,0.08060092478990555,0.057713769376277924,0.08801789581775665,0.0233715008944273,0.44110608100891113,0.051209352910518646,0.9238089836728656,0.22148312041949314,0.1456186975838154,0.032860623657481214,0.06554565044017646
42208,1219,H2_15,0,0.03538136184215546,0.08357138186693192,0.029173685237765312,0.023010116070508957,0.004610464908182621,0.024414468556642532,0.44110608100891113,0.01409962773323059,0.14545487310396096,0.09240289499369267,0.04316452464906086,0.014836836875892682,0.04596405581955115
42210,1219,H2_15,0,0.0070587266236543655,0.01951674371957779,0.0035969505552202463,0.0031731969211250544,0.0030846567824482918,0.005339248105883598,0.2997945249080658,0.0011703545460477471,0.06818941629234487,0.027709743296246613,0.021183184930031018,0.0005365337576053727,0.037795064839611904
42211,1219,H2_15,0,0.0030313017778098583,0.0007137490902096033,0.0022895161528140306,0.0034275869838893414,0.011894593946635723,0.007073577959090471,0.2997945249080658,0.0036350174341350794,0.001015694825740167,0.08767691598876813,0.056714117947623155,0.0028457323500617627,0.048454802988761474
42212,1219,H2_15,0,0.005409641657024622,0.006704469211399555,0.0067601739428937435,0.00597355654463172,0.024062974378466606,0.010016006417572498,0.2997945249080658,0.0067354184575378895,0.0029149344981454855,0.12810815997439956,0.140696274819518,0.0014704168581621008,0.06540810809171743
42214,1219,H2_15,0,0.2625007927417755,0.14798632264137268,0.21042175590991974,0.25220540165901184,0.3030412793159485,0.11126440763473511,0.2997945249080658,0.17764818668365479,0.3876067520659301,0.2556736570970044,0.2956473540027252,0.07005898262945184,0.12092904232847534
42215,1219,H2_15,0,0.004936874844133854,0.010699070990085602,0.006865803152322769,0.0028455292340368032,0.04285666346549988,0.0030212898273020983,0.2997945249080658,0.0026018002536147833,0.1523514826330146,0.07966167920206225,0.05886372769682212,0.00011868604579863837,0.045621302930366224
42217,1219,H2_15,0,0.02367033250629902,0.1321672797203064,0.03400769457221031,0.028494220227003098,0.10792351514101028,0.019952377304434776,0.2997945249080658,0.014756297692656517,0.7368316919235125,0.10056552676464596,0.16668788838100404,0.009448424685596455,0.05411347690324034
42219,1219,H2_15,0,0.002872541779652238,0.001791559741832316,0.003006048733368516,0.0029019280336797237,0.0027866805903613567,0.0008828384452499449,0.2997945249080658,0.0030908994376659393,0.00453441209070673,0.0,0.011751156753094493,0.0010807446458864832,0.03533797474292255
42220,1219,H2_15,0,0.0010516790207475424,0.00047632199130021036,0.0024025514721870422,0.0009733805782161653,0.0019121415680274367,0.006642106920480728,0.2997945249080658,0.0022990021388977766,0.009826546558160934,0.06753263360970561,0.055434140568644964,0.0005221790361698366,0.04592951076655133
42221,1219,H2_15,0,0.008369183167815208,0.03401917219161987,0.005455614998936653,0.0036276543978601694,0.006463299971073866,0.01550174131989479,0.2997945249080658,0.0014686412177979946,0.009377959787980152,0.11729784019516337,0.0932018789635615,0.0007590020032617732,0.05651294343477307
42222,1219,H2_15,0,0.0072415550239384174,0.012869907543063164,0.0101896021515131,0.00788790825754404,0.006537795998156071,0.017547767609357834,0.2997945249080658,0.006882718298584223,0.25183488972223705,0.0782817144469323,0.05164230830994486,0.0020239836846499375,0.04345890918794606
42225,1219,H2_15,0,0.010892207734286785,0.0673293024301529,0.014529453590512276,0.012672435492277145,0.01643318682909012,0.02872534655034542,0.41176190972328186,0.013224905356764793,0.0025655467129630056,0.16757589875005963,0.13705454460144254,0.00198267040587503,0.07065477423452583
42195,1219,H2_30,0,0.00262233754619956,0.0022864127531647682,0.0019215216161683202,0.0026479114312678576,0.0019595723133534193,0.006136254407465458,0.09919291734695435,0.0013490899000316858,9.930955911186262e-05,0.003004577992627715,0.014331365155959104,0.0010948516398544999,0.035870066393589174
42196,1219,H2_30,0,0.04590613394975662,0.03587876632809639,0.03334461525082588,0.018312061205506325,0.031065376475453377,0.03905484825372696,0.09919291734695435,0.022449851036071777,0.32948618472819463,0.021800805241797214,0.03951763166300966,0.020969117403579686,0.037107389070349744
42197,1219,H2_30,0,0.00150972546543926,0.008975234813988209,0.000897085526958108,0.0009502826724201441,0.010171459056437016,0.0022306679747998714,0.09919291734695435,0.0017148349434137344,0.4483616336181965,0.02960573555783018,0.022012748642541723,0.00038305510000845474,0.03404002265013046
42198,1219,H2_30,0,0.09187033772468567,0.0073859733529388905,0.05094674229621887,0.05486636981368065,0.0027997512370347977,0.2654358744621277,0.09919291734695435,0.025606833398342133,0.007993329799520308,0.039350746511507384,0.05580804895762186,0.03023410172716711,0.0447071382876619
42200,1219,H2_30,0,0.005060658324509859,0.022808879613876343,0.0037516423035413027,0.0026407043915241957,0.02834470197558403,0.0006554320571012795,0.09919291734695435,0.003928211983293295,0.07844301743730145,0.03465556828260804,0.023962689744763486,0.004239041131672249,0.03871705096364686
42202,1219,H2_30,0,0.014250182546675205,0.32263854146003723,0.014695338904857635,0.02343779429793358,0.02977222576737404,0.03826757147908211,0.651348888874054,0.11572332680225372,0.6198692291238891,0.25228732727692593,0.20827883004244196,0.03318053383043924,0.08801956603375034
42203,1219,H2_30,0,0.049656666815280914,0.4166460335254669,0.04058832675218582,0.03561409190297127,0.10023344308137894,0.011009774170815945,0.09919291734695435,0.039245013147592545,0.11744905565506997,0.2149509612598319,0.16556732642708555,0.038176095800006,0.08474443097731599
42204,1219,H2_30,0,0.02706848457455635,0.00824408233165741,0.01502649299800396,0.013994524255394936,0.0007418571622110903,0.08271431177854538,0.09126134216785431,0.008043141104280949,0.0018035434046551376,0.028966803139453448,0.022038667124782387,0.00888686992783675,0.039127730724501784
42205,1219,H2_30,1,0.03804910555481911,0.04880424961447716,0.04246477410197258,0.06426674872636795,0.1167515218257904,0.04344789683818817,0.47153809666633606,0.06008452549576759,0.9059112148435454,0.23177404041773358,0.22962698714465377,0.034298022166098244,0.08307808111955596
42206,1219,H2_30,0,0.0021684563253074884,0.054491788148880005,0.0019172782776877284,0.001998094841837883,0.009502295404672623,0.0006595617742277682,0.09919291734695435,0.002287063281983137,0.44248741610657416,0.057021605614467535,0.043535514643753756,0.0008089175912870797,0.03837682626091362
42208,1219,H2_30,0,0.01079615205526352,0.024012813344597816,0.017668860033154488,0.015661759302020073,0.028820058330893517,0.01875026896595955,0.09919291734695435,0.016590766608715057,0.03358070088582012,0.13615996215553983,0.05540037354314186,0.009099128585422313,0.053629893446723205
42210,1219,H2_30,0,0.00033170494134537876,0.004448522813618183,0.00027747484273277223,0.00042023175046779215,0.0008218790753744543,0.0018043889431282878,0.30602264404296875,0.00020436441991478205,0.008865193916603707,0.012902522163109094,0.013207535866433012,0.00011252024329175672,0.036435273873615816
42211,1219,H2_30,0,0.0017203014576807618,0.0013790479861199856,0.0011171719525009394,0.0012571231927722692,0.0026130937039852142,0.01565302163362503,0.30602264404296875,0.0024902531877160072,9.271445665644528e-05,0.06939569672396179,0.05957357353058464,0.0019518701993439778,0.04682856402425384
42212,1219,H2_30,0,0.0027529788203537464,0.03124971315264702,0.001820588717237115,0.0012224918464198709,0.01103227399289608,0.004898927640169859,0.30602264404296875,0.001086877891793847,0.001538877928959154,0.12203973595799394,0.10042008713477969,0.00015962907276312164,0.05825597028700503
42214,1219,H2_30,0,0.08462847769260406,0.027846727520227432,0.1176934614777565,0.11197386682033539,0.34962794184684753,0.2641196846961975,0.30602264404296875,0.12961941957473755,0.12736959487650584,0.1637299309062783,0.23667340287601332,0.11600170328342956,0.0983734056140728
42218,1219,H2_30,0,0.27674177289009094,0.20680247247219086,0.26366230845451355,0.45272019505500793,0.17160530388355255,0.28726381063461304,0.07156699150800705,0.3343423008918762,0.591322809144434,0.19665744759702836,0.22464890850741231,0.07844162637714405,0.08513683806462695
42219,1219,H2_30,0,0.005634174682199955,0.0020478961523622274,0.0064320932142436504,0.005442237015813589,0.013082224875688553,0.0008815226028673351,0.30602264404296875,0.00855348538607359,0.00484137270566236,0.008775698333481517,0.023754882271697888,0.004102723008677648,0.03730317624236454
42220,1219,H2_30,0,0.0050678374245762825,0.005401036236435175,0.005429798271507025,0.0030788073781877756,0.01652776636183262,0.005383826792240143,0.30602264404296875,0.0035696085542440414,0.017179407913568135,0.03104817858716985,0.039137043281259394,0.0009950324622026029,0.04051951146647557
42221,1219,H2_30,0,0.006749910302460194,0.015304995700716972,0.003027311060577631,0.002752683125436306,0.0007423373754136264,0.007965585216879845,0.30602264404296875,0.001754851546138525,0.001281308973224145,0.0953334152382878,0.046331907294126506,0.001132291717976109,0.04789931354387895
42223,1219,H2_30,0,0.45830193161964417,0.1467960774898529,0.4652217626571655,0.3644448518753052,0.24646738171577454,0.7932493686676025,0.15365074574947357,0.21524761617183685,0.9818412066592868,0.22159901027289597,0.2704424905058245,0.09580955026339946,0.09406984502727801
42224,1219,H2_30,0,0.4514375925064087,0.16525399684906006,0.4442945420742035,0.3263764977455139,0.2911454141139984,0.367085337638855,0.07156699150800705,0.23733069002628326,0.6832798291519874,0.14812891850224488,0.21893943023917234,0.16095420534536006,0.08291267780011484
42225,1219,H2_30,0,0.09029531478881836,0.022536514326930046,0.10931862890720367,0.06083758920431137,0.004291935358196497,0.07730162888765335,0.343791663646698,0.02385195903480053,0.048437351521630694,0.23450521862865134,0.1915645070458547,0.007094494641534638,0.09263139204702141
42153,1220,H1_15,0,0.0007211214397102594,0.002714791800826788,0.0007507902919314802,0.0005161212757229805,0.009925663471221924,0.000462706753751263,0.4420195519924164,0.0010923580266535282,0.0011563149812991403,0.02831479925227581,0.022397069239366952,0.00031617737933793265,0.037563845650886635
42154,1220,H1_15,0,0.009925602935254574,0.07018525898456573,0.006354061886668205,0.007985100150108337,0.0013608691515401006,0.02452850714325905,0.4420195519924164,0.0026221952866762877,0.11801981932799958,0.05338009176935124,0.049477469680177646,0.002653351063361422,0.041091744679146336
42155,1220,H1_15,0,0.0030113926623016596,0.2728966176509857,0.006013771519064903,0.002122848993167281,0.033854857087135315,0.006339380983263254,0.4420195519924164,0.015498691238462925,0.30670441317135516,0.14340671536809096,0.12350715102943316,0.011703719480379708,0.058015699823734314
42156,1220,H1_15,0,0.0027120960876345634,0.10163139551877975,0.003177981823682785,0.0037151603028178215,0.006449309643357992,0.001361090107820928,0.4420195519924164,0.006009488832205534,0.023082410825319977,0.08966426694169138,0.09619298350932765,0.00022525731955669784,0.05118382285850259
42158,1220,H1_15,0,0.056433193385601044,0.022194966673851013,0.03141618147492409,0.13857974112033844,0.04730578139424324,0.03841901570558548,0.4420195519924164,0.04350786656141281,0.07381131347497788,0.1527507456894066,0.16607986432671862,0.02866065019358483,0.07015086549486814
42160,1220,H1_15,0,0.00824807584285736,0.0916113406419754,0.006794548127800226,0.008492941036820412,0.03358568251132965,0.010615712031722069,0.4420195519924164,0.008856474421918392,0.7219988983560257,0.22105145113958932,0.14790219044382846,0.001056000533970095,0.06757122430692922
42161,1220,H1_15,0,0.014419404789805412,0.11460445821285248,0.01606500893831253,0.009906155988574028,0.03172387555241585,0.03571639582514763,0.4420195519924164,0.006868980824947357,0.5505840871800339,0.16499175323292448,0.17857543225371045,0.0035579744513333745,0.06480041222280206
42164,1220,H1_15,0,0.05675703287124634,0.32182013988494873,0.12545566260814667,0.0707780122756958,0.10178976505994797,0.14133377373218536,0.4420195519924164,0.12712937593460083,0.6682449088530237,0.175847648622691,0.1376370253419867,0.11875521921575097,0.06333076545205675
42165,1220,H1_15,0,0.046755384653806686,0.10844125598669052,0.04878782853484154,0.03506579250097275,0.05090750381350517,0.07015427201986313,0.4420195519924164,0.0739847868680954,0.8196691597869457,0.2573804913921665,0.2657377930298412,0.04909256567921666,0.09611654128434394
42166,1220,H1_15,1,0.029338717460632324,0.038668304681777954,0.033120255917310715,0.012886570766568184,0.04561106488108635,0.03292407467961311,0.4420195519924164,0.01864173263311386,0.0687593788448766,0.15318699722744264,0.19364132809293327,0.01302207641921336,0.07361688933572778
42167,1220,H1_15,0,0.0658283531665802,0.07514612376689911,0.05241220444440842,0.03583963215351105,0.013218759559094906,0.12184563279151917,0.4420195519924164,0.02853834629058838,0.08211759724903993,0.18255425848995854,0.10299606956199388,0.01304675576151055,0.06514227996652644
42169,1220,H1_15,0,0.0913606658577919,0.31792378425598145,0.06022283434867859,0.17833466827869415,0.11702723801136017,0.2558988630771637,0.3927875757217407,0.03912091255187988,0.5348356001567873,0.10795885347296097,0.1764414407661714,0.04051656056606232,0.05708285086018788
42170,1220,H1_15,0,0.0014356428291648626,0.05081642046570778,0.001480876817367971,0.0010798454750329256,0.01020483486354351,0.0027316121850162745,0.3927875757217407,0.002563783433288336,0.11350742544468814,0.04454567187139656,0.027427226112696483,0.0008801666331049908,0.038316732930607535
42171,1220,H1_15,0,0.007487069815397263,0.021115323528647423,0.012089156545698643,0.009253527969121933,0.026830065995454788,0.024765213951468468,0.3927875757217407,0.00452203257009387,0.16112546751705484,0.096708033532343,0.07073754361634713,0.0009236631577223067,0.04741168213901085
42173,1220,H1_15,0,0.49615395069122314,0.43743637204170227,0.5274859070777893,0.3764227330684662,0.25756165385246277,0.7077333331108093,0.3927875757217407,0.5130486488342285,0.8237420470355596,0.25881882733267925,0.2666122319381435,0.4161488044764194,0.12090114050975294
42175,1220,H1_15,0,0.07750764489173889,0.1355818808078766,0.07854798436164856,0.08931954950094223,0.13258372247219086,0.1130664050579071,0.3927875757217407,0.0718650221824646,0.35790066606401416,0.2401567239850768,0.20406561876906112,0.2129401407531415,0.09084050779659913
42176,1220,H1_15,0,0.011918586678802967,0.27989473938941956,0.020796874538064003,0.017430223524570465,0.06494340300559998,0.023046506568789482,0.3927875757217407,0.04091668501496315,0.7457455475143157,0.17110119790215605,0.14185404354079906,0.011502371992155409,0.059074427464037384
42179,1220,H1_15,0,0.0060208928771317005,0.0346682034432888,0.005516986362636089,0.0037080259062349796,0.022974763065576553,0.0014154001837596297,0.3927875757217407,0.0017356302123516798,0.00027220581761459254,0.05623916679652541,0.03615114111161162,0.001636013272700148,0.04147906562018675
42180,1220,H1_15,0,0.051248565316200256,0.26262202858924866,0.06404750049114227,0.060616977512836456,0.027097759768366814,0.04679393768310547,0.3927875757217407,0.027944112196564674,0.538948555549663,0.2262359625548819,0.1542762824188308,0.01390863146241004,0.07294743377580905
42181,1220,H1_15,0,0.06489695608615875,0.29312339425086975,0.06690476834774017,0.07639269530773163,0.035115525126457214,0.07483642548322678,0.3927875757217407,0.019681569188833237,0.22629654188979922,0.27894853287889193,0.19723206101195695,0.002195067673360432,0.09744770433892935
42182,1220,H1_15,0,0.021009044721722603,0.07446503639221191,0.018859924748539925,0.013382607139647007,0.13583742082118988,0.06279859691858292,0.3927875757217407,0.03602912649512291,0.501720191312295,0.1901358184518316,0.1360716451506548,0.032345351643669515,0.06478565280276945
42184,1220,H1_15,0,0.015224508941173553,0.1557663083076477,0.01783851906657219,0.016070246696472168,0.10830860584974289,0.013480083085596561,0.3927875757217407,0.015953393653035164,0.32071232119475435,0.0972030452007797,0.1107404685588092,0.0063884464048160495,0.05004438021857324
42153,1220,H1_30,0,0.0008209030493162572,0.00030208792304620147,0.0006594310980290174,0.0006059925653971732,0.002201029332354665,0.00018126056238543242,0.3580212891101837,0.0006962625193409622,2.0531326105320347e-05,0.023048856006392806,0.03656340422098947,0.0002878829666127554,0.038292843691209645
42154,1220,H1_30,0,0.024045979604125023,0.05265777185559273,0.01792801171541214,0.018205951899290085,0.07802324742078781,0.019309183582663536,0.3580212891101837,0.020167607814073563,0.37304839356638564,0.07519504539706054,0.06438189266181348,0.007597201009629693,0.04225472209051165
42155,1220,H1_30,0,0.0015718506183475256,0.006510626059025526,0.0037975769955664873,0.0010311631485819817,0.0516168512403965,0.003095188643783331,0.3580212891101837,0.0017604370368644595,0.6668988585993525,0.06561288140775977,0.043228076369609604,0.0009395170816547544,0.03611245515926928
42156,1220,H1_30,0,0.0030620263423770666,0.0122759398072958,0.004477318841964006,0.005839413031935692,0.0034001830499619246,0.0020357186440378428,0.3580212891101837,0.004884615540504456,0.024512022810875746,0.045149082814010665,0.03908538140662147,0.0007392592648012612,0.04042540922217923
42158,1220,H1_30,0,0.0005675929132848978,0.005898252595216036,0.0010457758326083422,0.000878388003911823,0.001976621337234974,0.00679909298196435,0.3580212891101837,0.0010051712160930037,0.8307586531634322,0.04451298672723443,0.04640724890723116,0.0005099726589571733,0.03301970093608937
42160,1220,H1_30,0,0.1980530023574829,0.12101323157548904,0.10290375351905823,0.22964051365852356,0.23198117315769196,0.19574114680290222,0.3580212891101837,0.23640723526477814,0.9109091941596634,0.24815469034480975,0.26589544412506155,0.12727861419876949,0.0992549820655464
42161,1220,H1_30,0,0.003683093935251236,0.09907247126102448,0.0036902206484228373,0.002165380632504821,0.11170244961977005,0.002553425030782819,0.3580212891101837,0.003668965073302388,0.6640932067786882,0.12055714131573413,0.118128897484973,0.0009770702610134847,0.04921635718759652
42164,1220,H1_30,0,0.0013553228927776217,0.0713743045926094,0.0017743363277986646,0.0015858791302889585,0.004760330077260733,0.007150604855269194,0.3580212891101837,0.002824437338858843,0.2270623146029799,0.048452954290446826,0.05845508780271906,0.0017433581206563191,0.04019338752214594
42165,1220,H1_30,0,0.09710931777954102,0.09993205964565277,0.09583020955324173,0.08776427060365677,0.10917165875434875,0.14630332589149475,0.3580212891101837,0.14207038283348083,0.2657331194138385,0.23633628151858715,0.25918119049959,0.1982038541913298,0.10635846021311512
42166,1220,H1_30,1,0.14351265132427216,0.17847177386283875,0.18960878252983093,0.30542805790901184,0.23822225630283356,0.07449663430452347,0.3580212891101837,0.1051093265414238,0.3871245481671333,0.16619210216994545,0.2118347791689915,0.041272062984180374,0.07628543435696264
42167,1220,H1_30,0,0.006719605065882206,0.08044696599245071,0.014729693531990051,0.006549017503857613,0.01243567280471325,0.0048259710893034935,0.3580212891101837,0.025135019794106483,0.6842400538761333,0.06284510066835934,0.08565309603059484,0.004088994729780964,0.03969117309220289
42169,1220,H1_30,0,0.0063246977515518665,0.02247961238026619,0.01852792501449585,0.0065754312090575695,0.0597626157104969,0.012710818089544773,0.3117590844631195,0.011344709433615208,0.6695312907941787,0.0888005227495858,0.10246644556985501,0.001697930969444991,0.04390225597347497
42170,1220,H1_30,0,0.0025464841164648533,0.020665965974330902,0.0016145079862326384,0.0017947870073840022,0.002522506285458803,0.005004814825952053,0.3117590844631195,0.0030684408266097307,0.01935846526254254,0.027182461190769516,0.02253839875803577,0.0004719159588923559,0.037317211605564546
42171,1220,H1_30,0,0.024304213002324104,0.02429710328578949,0.010685235261917114,0.01693066768348217,0.10926639288663864,0.039480458945035934,0.3117590844631195,0.012128794565796852,0.06423024806833041,0.05971851637012602,0.07338745726105826,0.0055320271165304954,0.04490899398626804
42173,1220,H1_30,0,0.11495665460824966,0.43108367919921875,0.08500891178846359,0.09141861647367477,0.14765726029872894,0.09973950684070587,0.3117590844631195,0.1151428148150444,0.032441477136637455,0.27065397717331136,0.1825623384994889,0.04815716432610883,0.10131607831616012
42175,1220,H1_30,0,0.06152892857789993,0.06064227595925331,0.07114586234092712,0.07724220305681229,0.04045932739973068,0.19623102247714996,0.3117590844631195,0.0584939569234848,0.5029179060398127,0.23258670559614647,0.19734777736044334,0.053217888758798425,0.08321997485697574
42176,1220,H1_30,0,0.015262581408023834,0.03288432955741882,0.009659317322075367,0.01650441437959671,0.03836803138256073,0.07548078894615173,0.3117590844631195,0.01224130392074585,0.03275568390609189,0.07848063523936867,0.1005844610723407,0.0026494550309459626,0.05034052116764733
42179,1220,H1_30,0,0.001185634988360107,0.0005813913303427398,0.0011071665212512016,0.0013167747529223561,0.0018312224419787526,0.007323516998440027,0.3117590844631195,0.000594221637584269,8.61172036429782e-07,0.007672909526680301,0.012196668495568233,0.0003594752481149749,0.034938377050065084
42180,1220,H1_30,0,0.036010585725307465,0.12340801954269409,0.021238405257463455,0.02535123936831951,0.07130398601293564,0.06627999991178513,0.3117590844631195,0.013070532120764256,0.6246317025683094,0.26738482587593443,0.18040222390952662,0.00113049190715647,0.08360432160166735
42181,1220,H1_30,0,0.14820072054862976,0.13445784151554108,0.1073518767952919,0.09511115401983261,0.042574476450681686,0.12548400461673737,0.3117590844631195,0.09140566736459732,0.24265082125192336,0.2592260672550139,0.19213103466578693,0.08085416125917615,0.09495923407013196
42182,1220,H1_30,0,0.03325343504548073,0.029177624732255936,0.03422453999519348,0.028079023584723473,0.03149953857064247,0.13288454711437225,0.3117590844631195,0.010094654746353626,0.07897027013508146,0.06657345472980838,0.09741639170508262,0.003901484047850444,0.047911947384535136
42184,1220,H1_30,0,0.04124004393815994,0.1877375841140747,0.03167998790740967,0.05292914807796478,0.08071108907461166,0.4070678651332855,0.3117590844631195,0.044919490814208984,0.01362693677309665,0.07455250939328953,0.13106364485026056,0.013623559231313562,0.05460227182981941
42153,1220,H1_45,0,0.00011673886183416471,0.00029614788945764303,9.176460298476741e-05,0.00014789740089327097,0.0004408463428262621,0.00023486738791689277,0.28887438774108887,0.0001550216693431139,1.8387854308868053e-06,0.008400218643304378,0.0035111881612792358,2.0771015067505957e-05,0.03431205419900074
42154,1220,H1_45,0,0.0017301776679232717,0.011936384253203869,0.0017016821075230837,0.0015837611863389611,0.0033207086380571127,0.0008636148413643241,0.28887438774108887,0.0005311524146236479,0.1052820959772105,0.053988371613769306,0.024311335847880748,0.00033191694443605966,0.03898860866953773
42155,1220,H1_45,0,0.00281743286177516,0.017721958458423615,0.0034691239707171917,0.0017646972555667162,0.007035490125417709,0.0008277493179775774,0.28887438774108887,0.0009937183931469917,0.5758090991660401,0.0843775486312475,0.03965588393275328,0.0006464480311237849,0.03846947457788558
42156,1220,H1_45,0,0.009350601583719254,0.0092202452942729,0.01700318418443203,0.01619272120296955,0.006367165595293045,0.014900007285177708,0.28887438774108887,0.011420604772865772,0.3124730329343306,0.13129875205308789,0.0934726753451859,0.0019578371665208566,0.0524603522608883
42158,1220,H1_45,0,0.00041665692697279155,0.05488789826631546,0.00223177089355886,0.0012285951524972916,0.002688078675419092,0.0009574531577527523,0.28887438774108887,0.0010324902832508087,0.4001860084509041,0.07399425544821008,0.055809412585433024,8.614824630672777e-05,0.04061683866887777
42160,1220,H1_45,0,0.050319965928792953,0.09886178374290466,0.039229921996593475,0.07807658612728119,0.023113861680030823,0.0640566423535347,0.28887438774108887,0.01688828319311142,0.15913117412437208,0.15931680696986553,0.10758946375980648,0.0032013622574251534,0.060499791445542205
42161,1220,H1_45,0,0.005936435889452696,0.003292559878900647,0.006917179562151432,0.01189733948558569,0.003371079219505191,0.01445862464606762,0.28887438774108887,0.002594573888927698,0.15227457831540014,0.10016782044055293,0.07363957233312396,0.00118068064249684,0.04819708032874742
42164,1220,H1_45,0,0.00391915300861001,0.02302337996661663,0.008038329891860485,0.004999211989343166,0.001685991184785962,0.007730434183031321,0.28887438774108887,0.002006187802180648,0.20417349333347315,0.0897289831898675,0.04139377861736987,0.0005036214084728391,0.04311503531708164
42165,1220,H1_45,0,0.12419307231903076,0.09858369082212448,0.1456001102924347,0.06805414706468582,0.08948897570371628,0.15744704008102417,0.28887438774108887,0.10589291155338287,0.18294337444575276,0.1802826755448361,0.14575187202734524,0.095559898329588,0.07253839144683456
42166,1220,H1_45,1,0.07685311883687973,0.03236198425292969,0.06716369837522507,0.04536842927336693,0.06245265156030655,0.09673082828521729,0.28887438774108887,0.018561912700533867,0.038360269876668206,0.11631085326563614,0.1422108281906722,0.003626112555669803,0.06058798323448845
42167,1220,H1_45,0,0.003102485788986087,0.18056167662143707,0.004915233235806227,0.004512278363108635,0.009383703581988811,0.0009503886103630066,0.28887438774108887,0.0033365199342370033,0.47097005240927825,0.11252428359149766,0.04044037973450227,0.00043711205564450666,0.042594069755753534
42169,1220,H1_45,0,0.0028038532473146915,0.014733395539224148,0.003992640413343906,0.00348377856425941,0.050596822053194046,0.010222665965557098,0.3013432025909424,0.003466563066467643,0.4041026394168476,0.04365480764898492,0.06134194699397369,0.002616044508288128,0.03811827266023629
42170,1220,H1_45,0,0.006763719487935305,0.015327823348343372,0.01264694333076477,0.006857127882540226,0.014538113959133625,0.002755800262093544,0.3013432025909424,0.007276252843439579,0.042894530417728956,0.04308260763395492,0.0425712052461896,0.0012058789398217537,0.04038071100287661
42171,1220,H1_45,0,0.007288345601409674,0.008350434713065624,0.01080995611846447,0.006199199706315994,0.11849807947874069,0.005615137983113527,0.3013432025909424,0.0035539036616683006,0.03983469816078475,0.05366511262072932,0.053622781645750225,0.0006039637462608676,0.042418528572249016
42173,1220,H1_45,0,0.13557933270931244,0.4050905704498291,0.08493806421756744,0.1271766573190689,0.03482751175761223,0.4237756133079529,0.3013432025909424,0.05077844858169556,0.23989673813200524,0.3325318998908765,0.2524256887875156,0.006703593406579973,0.1259248804752334
42175,1220,H1_45,0,0.04389512911438942,0.09317359328269958,0.0470217764377594,0.0783463791012764,0.22050955891609192,0.05384882166981697,0.3013432025909424,0.03979494050145149,0.6347663036386046,0.17186690910190305,0.1236444754695825,0.03159392416626054,0.058420937230554394
42176,1220,H1_45,0,0.02491769753396511,0.005917505826801062,0.017826007679104805,0.020922409370541573,0.035186100751161575,0.021125275641679764,0.3013432025909424,0.02043508179485798,0.09421079676270513,0.08119284265637364,0.08775432372733256,0.005757834735723003,0.048656193203241715
42179,1220,H1_45,0,0.004508525598794222,0.007011164911091328,0.005378378089517355,0.00464174197986722,0.004296098370105028,0.0036150652449578047,0.3013432025909424,0.0011594357201829553,0.0011410473259730648,0.03424367642393446,0.025363586121989017,0.002096500310633928,0.03837316555282951
42180,1220,H1_45,0,0.028740547597408295,0.06396843492984772,0.032076552510261536,0.037511277943849564,0.12583965063095093,0.06061353161931038,0.3013432025909424,0.054247137159109116,0.9095685012761537,0.27255307940040296,0.1676888694108995,0.07620238373950036,0.07931635692036974
42181,1220,H1_45,0,0.012616529129445553,0.2641545832157135,0.014970925636589527,0.013030537404119968,0.24643494188785553,0.05322103202342987,0.3013432025909424,0.023950820788741112,0.20716376198360725,0.1627335328144904,0.14681063561782115,0.03024822696196936,0.06605677621731676
42182,1220,H1_45,0,0.010682675056159496,0.026637425646185875,0.008217955008149147,0.011128702200949192,0.08632071316242218,0.010345089249312878,0.3013432025909424,0.005481278523802757,0.2344688327793504,0.135209621850334,0.10299701171743861,0.00671135882343251,0.05504360539440878
42184,1220,H1_45,0,0.03493478149175644,0.01343570463359356,0.061009831726551056,0.06086151674389839,0.1326690912246704,0.13228972256183624,0.3013432025909424,0.018477436155080795,0.01343737498734257,0.0963565464639821,0.10456403523554739,0.012234225832682096,0.05355524138655124
42153,1220,H2_15,0,0.000306550384266302,0.0025104722008109093,0.00042795846820808947,0.00026647152844816446,0.010934310965240002,0.00038194950320757926,0.26368072628974915,0.00036698451731354,2.664318061176616e-06,0.02348148961205425,0.022055660232878162,8.425783693095878e-05,0.03709751012416095
42154,1220,H2_15,0,0.0011216780403628945,0.008344702422618866,0.0007289345376193523,0.0005228790687397122,0.022296017035841942,0.0005009285523556173,0.26368072628974915,0.0010197180090472102,0.0065566124607713315,0.043530817270089416,0.033533660452134295,7.055714829015391e-05,0.03989008947419129
42155,1220,H2_15,0,0.0016872782725840807,0.028110012412071228,0.0024488824419677258,0.0017829183489084244,0.031369034200906754,0.0023320873733609915,0.26368072628974915,0.002403568709269166,0.09595765672057993,0.06659087903052013,0.02599376693934112,0.0006616016644196605,0.040511469168985646
42156,1220,H2_15,0,0.004402584861963987,0.006782161071896553,0.0031235686037689447,0.0033860253170132637,0.005891632754355669,0.006993770599365234,0.26368072628974915,0.006921911612153053,0.08502010305566415,0.07439177037905839,0.07609373975248183,0.0025828920286428488,0.04641474079040494
42158,1220,H2_15,0,0.0009375280351378024,0.034400779753923416,0.0013274367665871978,0.0007970663718879223,0.006176211405545473,0.0005850273300893605,0.26368072628974915,0.001441973727196455,0.027621604566197795,0.058653728895651,0.021709144427849568,0.00029156052773371486,0.04007999904302582
42160,1220,H2_15,0,0.04638275131583214,0.0023760623298585415,0.08987226337194443,0.05213706195354462,0.0233084037899971,0.05514412000775337,0.26368072628974915,0.0890793651342392,0.585069147756442,0.1248319829229254,0.10150802994510749,0.09410789369029106,0.051437349410982575
42161,1220,H2_15,0,0.0027494702953845263,0.00395536795258522,0.002404916100203991,0.004053088370710611,0.013700362294912338,0.00414162315428257,0.26368072628974915,0.0038428944535553455,0.04208306218827009,0.05629739665348983,0.07014093115016413,0.0006866831430359793,0.04427082200715284
42164,1220,H2_15,0,0.0006847397889941931,0.009527632035315037,0.0006711438181810081,0.0005854004994034767,0.008563186973333359,0.0012331593316048384,0.26368072628974915,0.0008881797548383474,0.02255511756411382,0.04479103218436464,0.036295829894406315,0.00041173304886639835,0.04007843570935301
42165,1220,H2_15,0,0.05767304450273514,0.01212016399949789,0.06986057013273239,0.03567845746874809,0.031771112233400345,0.1203489676117897,0.26368072628974915,0.05383135378360748,0.21792185408029055,0.09012657705752718,0.11704575285086105,0.14113410872573365,0.053291159576303225
42166,1220,H2_15,1,0.0005984451272524893,0.005360341165214777,0.0019308606861159205,0.0013389488449320197,0.0033383043482899666,0.0024336676578968763,0.26368072628974915,0.001581193646416068,0.0028441149603917527,0.08656889665506427,0.09462040430405572,8.303564928160493e-05,0.050790047577680575
42167,1220,H2_15,0,0.005028964951634407,0.004556137602776289,0.01040633488446474,0.004360278602689505,0.005673403851687908,0.001845926628448069,0.26368072628974915,0.007311767432838678,0.672350362992503,0.13064686191374605,0.07311246725285457,0.002780603800740263,0.04577104219468053
42169,1220,H2_15,0,0.0013217100640758872,0.04664994403719902,0.0009867821354418993,0.0007779221050441265,0.0067147184163331985,0.0009416165412403643,0.1381942331790924,0.0016713986406102777,0.06181603550630741,0.06233081512547077,0.04976365466634111,0.0010481596367777051,0.04265407351436556
42170,1220,H2_15,0,0.0008626895723864436,0.014288070611655712,0.0022789097856730223,0.0007350370869971812,0.008857550099492073,0.001288917032070458,0.1381942331790924,0.0008213701657950878,0.002765563839632604,0.045541371892001144,0.022119290656103113,0.00014244088977897934,0.03911378558967473
42171,1220,H2_15,0,0.00027154007693752646,0.0015515906270593405,0.0004961759550496936,0.0005198719445616007,0.0038599681574851274,0.0006816221284680068,0.1381942331790924,0.0005298503092490137,0.006262601877868463,0.08451716017145423,0.04132139162868104,0.00010438618579056913,0.044844217807515914
42173,1220,H2_15,0,0.159263014793396,0.5628644227981567,0.06387463212013245,0.1433379054069519,0.027017278596758842,0.5066113471984863,0.1381942331790924,0.12250106036663055,0.0010507758713964705,0.11372410738063925,0.11759297380826685,0.09145012754747225,0.06144650139809058
42176,1220,H2_15,0,0.004099621903151274,0.038927268236875534,0.011774158105254173,0.003920940216630697,0.0020695016719400883,0.008396902121603489,0.1381942331790924,0.005639063194394112,0.0730471945302407,0.09015732548307515,0.05122202893515806,0.0019209759238778363,0.0457733861207053
42177,1220,H2_15,0,0.005222639534622431,0.03979549556970596,0.006199937779456377,0.007310050539672375,0.01873008720576763,0.02545488439500332,0.0847250372171402,0.012150089256465435,0.023718802446960768,0.11422232330421656,0.12090493888398163,0.01074699949522315,0.05762624693931487
42179,1220,H2_15,0,0.001799971330910921,0.0009350993786938488,0.0019044408109039068,0.001864715712144971,0.0012860457645729184,0.0036906797904521227,0.1381942331790924,0.0011588322231546044,7.728111575672544e-06,0.007231241461130568,0.021497828851007997,0.00141799513820777,0.03565715633635301
42180,1220,H2_15,0,0.0034984678495675325,0.04438214749097824,0.00448310561478138,0.002242241520434618,0.012061583809554577,0.006831647362560034,0.1381942331790924,0.006827057804912329,0.5313947821531475,0.0799289025857996,0.06865481112272767,0.0013582305305642258,0.04113559566310752
42181,1220,H2_15,0,0.026075540110468864,0.17576050758361816,0.03358975425362587,0.013395003974437714,0.07063006609678268,0.09454560279846191,0.1381942331790924,0.02043011784553528,0.2216802308284901,0.07642724667618543,0.12564206287167418,0.047476865051723736,0.050836103189444
42182,1220,H2_15,0,0.003661053255200386,0.005547515116631985,0.010462616570293903,0.004583663772791624,0.05820399150252342,0.0018071213271468878,0.1381942331790924,0.00625277403742075,0.0016374528306789039,0.04199683644843904,0.050535194197633505,0.0015229316726783834,0.041459212755796275
42184,1220,H2_15,0,0.0029821228235960007,0.003999309614300728,0.0072535318322479725,0.006432879716157913,0.001778990961611271,0.0808592215180397,0.1381942331790924,0.004483346361666918,0.023748298893588957,0.038852095048240484,0.05420394843401649,0.0029001385298201405,0.04119920219033704
42153,1220,H2_30,0,0.00039846618892624974,0.0013536562910303473,0.0003382679133210331,0.0005927432794123888,0.033030521124601364,0.0004645080480258912,0.21264931559562683,0.0003619007475208491,4.278586774658155e-06,0.01819444485377504,0.016806477488885672,6.853146714283643e-05,0.03619923210274981
42154,1220,H2_30,0,0.00023296786821447313,0.004592226352542639,0.0002368853602092713,0.00033498331322334707,0.00761813810095191,0.0003243220562580973,0.21264931559562683,0.0002525878662709147,0.000717995492311172,0.03877970924263551,0.01551320265064879,4.134881950588852e-05,0.03792371501227493
42155,1220,H2_30,0,0.0013409063685685396,0.013583888299763203,0.0007566101849079132,0.0010378950973972678,0.006444273050874472,0.002495646243914962,0.21264931559562683,0.0011391525622457266,0.030113477789799174,0.027572365925880173,0.01785664027416308,0.0002542245071349807,0.03681160517877045
42156,1220,H2_30,0,0.0027056396938860416,0.005657820962369442,0.002081809565424919,0.0030053488444536924,0.0056144134141504765,0.007283627986907959,0.21264931559562683,0.002824777038767934,0.27314778397351497,0.04226822991541884,0.03262871617526007,0.004601236609625833,0.03691332842777508
42158,1220,H2_30,0,0.0035865353420376778,0.007738239131867886,0.004954812582582235,0.0017296448349952698,0.016008799895644188,0.00036710311542265117,0.21264931559562683,0.0020313148852437735,0.03872551813023258,0.0596994002874023,0.034088219083841735,0.0014703078534623111,0.04119948019391838
42160,1220,H2_30,0,0.04260152205824852,0.03461213782429695,0.11378353089094162,0.052868422120809555,0.04581906646490097,0.055840980261564255,0.21264931559562683,0.034525081515312195,0.06301361518131422,0.08037262436759071,0.09910368056174121,0.013190857711776586,0.05062879318661972
42161,1220,H2_30,0,0.03097805753350258,0.0027279683854430914,0.020397184416651726,0.04624645784497261,0.05768764764070511,0.005779396742582321,0.21264931559562683,0.014023768715560436,0.5153590950469892,0.07017956345197573,0.07808450003233387,0.00271834439005205,0.041295084421705534
42164,1220,H2_30,0,0.0025162906385958195,0.00469709699973464,0.002829713514074683,0.002892908873036504,0.008555122651159763,0.001641579787246883,0.21264931559562683,0.0018510707886889577,0.05866093690979163,0.03628364782033902,0.015098158876318057,0.0005932267573557451,0.037080895001452494
42165,1220,H2_30,0,0.12250497937202454,0.004494008608162403,0.1274266242980957,0.0943356305360794,0.030067171901464462,0.41702932119369507,0.21264931559562683,0.047062743455171585,0.15342668511111593,0.07419820780881718,0.1348363489607122,0.04700275602656141,0.05326526931702417
42166,1220,H2_30,1,0.0019327686168253422,0.022345304489135742,0.0024149592500180006,0.0022043692879378796,0.08137641847133636,0.0013845289358869195,0.21264931559562683,0.0010417104931548238,0.0013069525325249505,0.15450456184608694,0.05558792544556495,0.00012621155018097333,0.05511030498030816
42167,1220,H2_30,0,0.011426695622503757,0.00924193300306797,0.02118046022951603,0.007386105600744486,0.035339973866939545,0.001835776842199266,0.21264931559562683,0.004751322325319052,0.08588613284130496,0.04943085740705817,0.04077336900109544,0.0007302901598135162,0.04030190261427107
42169,1220,H2_30,0,0.00048108442570082843,0.06750540435314178,0.000517498585395515,0.0002669839595910162,0.007531602866947651,0.0007454376900568604,0.17252643406391144,0.0004148065345361829,0.06827191990193882,0.03304996321388965,0.018786611210979215,0.00010841275383011547,0.036964790112411244
42170,1220,H2_30,0,0.0006790224579162896,0.004019881132990122,0.0004655923694372177,0.000714183843228966,0.0012178446631878614,0.0010879733599722385,0.17252643406391144,0.00048051890917122364,0.008579924198858963,0.06027124222007592,0.02915329656694283,9.843555450877072e-05,0.04110778916995965
42171,1220,H2_30,0,0.0019332865485921502,0.01854025013744831,0.0012965179048478603,0.0025046600494533777,0.0046055433340370655,0.00038206129102036357,0.17252643406391144,0.0018509641522541642,0.02142916791660606,0.028111637849673143,0.019727477982769654,0.0005417171843642986,0.03712169119884685
42173,1220,H2_30,0,0.006093082018196583,0.001782188774086535,0.010944814421236515,0.006773714441806078,0.0020891092717647552,0.02770966663956642,0.17252643406391144,0.008261903189122677,0.006602005974070794,0.05333587739249944,0.04650631621474864,0.005627111837787975,0.04224239387631637
42174,1220,H2_30,0,0.16285961866378784,0.17138004302978516,0.1881086528301239,0.0947779044508934,0.07214488089084625,0.12036106735467911,0.09030205011367798,0.08113601058721542,0.47539011053194963,0.3202935037229443,0.26583849765431267,0.25085223666287965,0.12278264290729947
42176,1220,H2_30,0,0.0033192667178809643,0.004517842549830675,0.003473601071164012,0.004332639742642641,0.004238464403897524,0.0006381478160619736,0.17252643406391144,0.004612454678863287,0.06393686311909019,0.08891588405109502,0.06646208602312509,0.001645267998695287,0.04728964188045501
42177,1220,H2_30,0,0.011967817321419716,0.07234416902065277,0.019548572599887848,0.010031895712018013,0.030328882858157158,0.015457471832633018,0.12720708549022675,0.026250820606946945,0.20373778442803928,0.07467782251260625,0.10591568386804381,0.011034589398009963,0.04857540150336964
42179,1220,H2_30,0,0.003281645942479372,0.0009350993786938488,0.00362520944327116,0.0037776220124214888,0.0014749033143743873,0.004994507879018784,0.17252643406391144,0.0016567868879064918,2.895885554592707e-05,0.009117523604409601,0.021899690821132325,0.003653346569092481,0.03587513216323716
42180,1220,H2_30,0,0.07183720916509628,0.06112651526927948,0.07285569608211517,0.03382778540253639,0.015410075895488262,0.04891257360577583,0.17252643406391144,0.030625250190496445,0.06049751642190349,0.0791314553694556,0.10610139436352273,0.015777008262006734,0.05122087325420143
42181,1220,H2_30,0,0.014633302576839924,0.023392433300614357,0.009445225819945335,0.004513092804700136,0.016500521451234818,0.05981353297829628,0.17252643406391144,0.00622931681573391,0.016402264549644316,0.0471857379159955,0.056793138683490806,0.004293897514798676,0.04241506064323578
42184,1220,H2_30,0,0.002181414281949401,0.0035073061008006334,0.003539744298905134,0.010905162431299686,0.007764700800180435,0.007002833765000105,0.17252643406391144,0.0065893749706447124,0.01123362813793278,0.018189191952965714,0.042426325699111984,0.004783531403960121,0.03837371993215204
42287,1221,H1_15,0,0.0013571376912295818,0.0013170300517231226,0.001011332729831338,0.001375496620312333,0.000571096024941653,0.0010709745110943913,0.35748186707496643,0.0005934351938776672,2.823115357274973e-05,0.0,0.0,0.00011774767849433844,0.03001543499954845
42288,1221,H1_15,0,0.011248039081692696,0.030721791088581085,0.006957052741199732,0.017327331006526947,0.07534638047218323,0.0195680633187294,0.35748186707496643,0.011783027090132236,0.8801304911870049,0.12579155115303076,0.10586274630718123,0.0067529255434497625,0.038783885042972956
42289,1221,H1_15,0,0.05599084869027138,0.24226996302604675,0.04593200981616974,0.06500814855098724,0.0946185365319252,0.028847012668848038,0.35748186707496643,0.03238312900066376,0.6474590907769495,0.10737690271572965,0.14543835680900413,0.014385955934166897,0.04514018559562255
42290,1221,H1_15,0,0.004134557209908962,0.06982196122407913,0.004120587836951017,0.002598176011815667,0.0034383079037070274,0.0020876384805887938,0.35748186707496643,0.0026371690910309553,0.023815827135528923,0.029146547540361716,0.019092332911767904,0.00097828674044134,0.03326117826095889
42291,1221,H1_15,0,0.01327960379421711,0.08982521295547485,0.00528588704764843,0.0068922811187803745,0.03696250542998314,0.002543512498959899,0.35748186707496643,0.011352050118148327,0.03898728145790496,0.05916997813058206,0.019752476947966807,0.0030792625146327437,0.035104744845879554
42292,1221,H1_15,0,0.06857634335756302,0.26641175150871277,0.025880172848701477,0.050443101674318314,0.055415078997612,0.042854778468608856,0.35748186707496643,0.05184679478406906,0.3773033647940828,0.2502551730606515,0.21385536250675297,0.019931405856027543,0.08793590882957024
42295,1221,H1_15,0,0.22514936327934265,0.05846676975488663,0.26351600885391235,0.33541953563690186,0.437068372964859,0.2512943148612976,0.35748186707496643,0.23866057395935059,0.8335652413128932,0.36280205891831363,0.3204649908920102,0.19606518344615123,0.1277431588711729
42296,1221,H1_15,1,0.28112611174583435,0.36152881383895874,0.3683336675167084,0.3771703243255615,0.680169403553009,0.2756170332431793,0.35748186707496643,0.6665101051330566,0.9568053813897808,0.34311267089969194,0.2980477408493529,0.702297283624026,0.10295762875841163
42298,1221,H1_15,0,0.3186919093132019,0.7298910021781921,0.33950918912887573,0.4580777883529663,0.5625429749488831,0.11656268686056137,0.35748186707496643,0.5344860553741455,0.9780471317539109,0.44153184560010467,0.4244987521502552,0.3980487440792661,0.1901482686738285
42299,1221,H1_15,0,0.15051588416099548,0.37329867482185364,0.08787884563207626,0.1801881641149521,0.029094083234667778,0.10529574751853943,0.35748186707496643,0.0556894987821579,0.840875451336678,0.20523084157249322,0.17841594366242888,0.021956527309165835,0.05646444731551461
42301,1221,H1_15,0,0.49352729320526123,0.10497161746025085,0.422126829624176,0.43232154846191406,0.35641616582870483,0.22351883351802826,0.35748186707496643,0.5246313810348511,0.5628269781603702,0.3755860234130942,0.4003005223015514,0.2584394557920916,0.18632250062413291
42304,1221,H1_15,0,0.0019367204513400793,0.0013170300517231226,0.00121088488958776,0.002454261528328061,0.0018998825689777732,0.003816386219114065,0.04963430389761925,0.0007238276302814484,0.0002143771011656463,0.005845834825924199,0.010372297786652808,0.00010730102539193453,0.031246762820771167
42305,1221,H1_15,0,0.02352246828377247,0.0693030059337616,0.03500744700431824,0.08940098434686661,0.47487950325012207,0.06218062341213226,0.04963430389761925,0.10610023885965347,0.9761101997522285,0.19684344094518855,0.19703045752358153,0.015149371457664205,0.05477847578412434
42306,1221,H1_15,0,0.005981565918773413,0.7799216508865356,0.010830937884747982,0.0019033362623304129,0.026861609891057014,0.012511154636740685,0.04963430389761925,0.010268320329487324,0.44061451353714765,0.09463466170959257,0.06947877042812607,0.005637869209520968,0.037968479132353405
42307,1221,H1_15,0,0.038803305476903915,0.2705143988132477,0.026315083727240562,0.03546386584639549,0.12517119944095612,0.013601342216134071,0.04963430389761925,0.02467268705368042,0.34248563461302634,0.18884834677587334,0.14215871243002962,0.014387753809751486,0.06031964384731192
42308,1221,H1_15,0,0.007155846804380417,0.01872027851641178,0.015893371775746346,0.0059728315100073814,0.008730940520763397,0.013718782924115658,0.04963430389761925,0.03447728604078293,0.08350124560293169,0.05097104794084943,0.026729090115250688,0.012116666684309222,0.03452455219655262
42309,1221,H1_15,0,0.051781900227069855,0.01800750195980072,0.012507320381700993,0.03847454488277435,0.04007299244403839,0.13994669914245605,0.04963430389761925,0.014706267043948174,0.1463282754217364,0.10658053376636112,0.0655696901654029,0.0022347141108432066,0.042651908185759146
42310,1221,H1_15,0,0.0015821034321561456,0.33225733041763306,0.001975087681785226,0.0011443491093814373,0.011668716557323933,0.0009812167845666409,0.04963430389761925,0.0012115591671317816,0.22628623420612146,0.10305415624246136,0.05549976661215164,0.0010673428589428743,0.040005037480106836
42313,1221,H1_15,0,0.1108308956027031,0.49596258997917175,0.2693746089935303,0.09803853929042816,0.2193499207496643,0.17132596671581268,0.04963430389761925,0.22256073355674744,0.9555617483521065,0.31276921454406775,0.30843214723872464,0.2016688493377521,0.10365212804671725
42315,1221,H1_15,0,0.2808763384819031,0.7582063674926758,0.23783837258815765,0.4346078634262085,0.17618364095687866,0.2401084154844284,0.04963430389761925,0.2369300276041031,0.4134244351825882,0.36727874199730065,0.300452980906588,0.18194508932105743,0.14910366002511985
42316,1221,H1_15,0,0.002456827787682414,0.1270700991153717,0.004484093748033047,0.0037028188817203045,0.020939378067851067,0.0018796249059960246,0.04963430389761925,0.008215021342039108,0.023500718238399214,0.09067660714112263,0.05268973591487003,0.008127406982783787,0.04172369976623069
42318,1221,H1_15,1,0.005585746839642525,0.1801382601261139,0.005323469638824463,0.016902055591344833,0.023613352328538895,0.003133130259811878,0.04963430389761925,0.009164593182504177,0.7226307981599399,0.14961572852125465,0.13241263842124784,0.0060986666569513934,0.04622228377105631
42287,1221,H1_30,0,0.003202267223969102,0.0034640077501535416,0.001978436717763543,0.0011893195332959294,0.0026143554132431746,0.0022679336834698915,0.23302854597568512,0.0008282495546154678,0.001221090330831298,0.00278475668665052,0.00366930384250065,0.0006059912763949968,0.030476627863685823
42288,1221,H1_30,0,0.0018169025424867868,0.007736818864941597,0.001745955552905798,0.0011173870880156755,0.0038852794095873833,0.0014751539565622807,0.23302854597568512,0.0019205010030418634,0.1664796993126537,0.03830293948943011,0.021548473557136242,0.00038087802850989455,0.03253707507073327
42289,1221,H1_30,0,0.02568625658750534,0.08678469806909561,0.024414626881480217,0.01514326874166727,0.07414472848176956,0.03227292746305466,0.23302854597568512,0.028789127245545387,0.19069795277820412,0.09297129833301615,0.09838064093990417,0.007418205863973834,0.04508578168812601
42290,1221,H1_30,0,0.001079831039533019,0.031087415292859077,0.001672357670031488,0.0007797750295139849,0.0016544610261917114,0.0006099063321016729,0.23302854597568512,0.001310613821260631,0.010655570136852558,0.018305286423550535,0.022913910951059185,0.0005388244413165108,0.03307460235586585
42291,1221,H1_30,0,0.004539439920336008,0.08168507367372513,0.003638800233602524,0.0056097968481481075,0.006873440928757191,0.0012475692201405764,0.23302854597568512,0.00420819828286767,0.11112442563334417,0.06054207363687038,0.05412113831440951,0.001980465144355412,0.0380939276301789
42292,1221,H1_30,0,0.01850840263068676,0.34813737869262695,0.02279501035809517,0.017357639968395233,0.05150305852293968,0.025539034977555275,0.23302854597568512,0.03083990514278412,0.4465493069328143,0.12045396877677914,0.10181819799042087,0.029835200388684906,0.043886901852064654
42295,1221,H1_30,0,0.6081075072288513,0.13523055613040924,0.643238365650177,0.6864638924598694,0.15368790924549103,0.5102373361587524,0.23302854597568512,0.5456532835960388,0.3364150786913988,0.3020943447277615,0.3026562537362917,0.24513927365444574,0.12265142363902633
42296,1221,H1_30,1,0.5712376832962036,0.013584941625595093,0.4287055432796478,0.4210103750228882,0.2040010690689087,0.3050635755062103,0.23302854597568512,0.2615322172641754,0.3599608649705599,0.3721553956951968,0.29442084529634427,0.18361317249858664,0.15033067850210202
42298,1221,H1_30,0,0.0979093536734581,0.1672375649213791,0.07165279984474182,0.09680337458848953,0.5549483895301819,0.046442557126283646,0.23302854597568512,0.2091304361820221,0.9093177698429589,0.1484674113117947,0.11189579008074745,0.12014378211887598,0.03968759911543795
42299,1221,H1_30,0,0.014249499887228012,0.07460682094097137,0.008497587405145168,0.007352056913077831,0.006943907123059034,0.0083626639097929,0.23302854597568512,0.01654232107102871,0.5032361706851742,0.18118147908290047,0.09683158990776673,0.004095537711342615,0.04778879910495126
42301,1221,H1_30,0,0.79572594165802,0.31118160486221313,0.6772367358207703,0.6261417865753174,0.3589147925376892,0.56513512134552,0.23302854597568512,0.4412539005279541,0.4754415627589679,0.38897961814439297,0.45313127895256927,0.20827277995883015,0.24429011689172267
42304,1221,H1_30,0,0.0007703272858634591,0.0026071835309267044,0.0007904145168140531,0.0009504266199655831,0.0033743539825081825,0.004471705295145512,0.04279837757349014,0.0007166812429204583,0.0038337628049672306,0.0042099628115032876,0.0011653290529695024,0.00012028934400349762,0.030321063196283766
42305,1221,H1_30,0,0.07532572001218796,0.17864640057086945,0.17898699641227722,0.14383044838905334,0.3099081218242645,0.16003531217575073,0.04279837757349014,0.1840970665216446,0.9833967073142877,0.21685336315334416,0.2411518928290705,0.10713738734203114,0.06543914306376632
42306,1221,H1_30,0,0.01560402475297451,0.26418522000312805,0.0120622543618083,0.011555000208318233,0.04839867725968361,0.01611352153122425,0.04279837757349014,0.032152771949768066,0.21061262891997,0.0758338182944287,0.06664072529176161,0.004723071972194179,0.03900540240047604
42307,1221,H1_30,0,0.05620110407471657,0.11525275558233261,0.15117447078227997,0.06798951327800751,0.0850977972149849,0.0978284701704979,0.04279837757349014,0.13729216158390045,0.6260289666594145,0.23362580638671615,0.2376829537105207,0.04952166433879701,0.07940952732116473
42308,1221,H1_30,0,0.010827464051544666,0.004831589758396149,0.00574142299592495,0.008617852814495564,0.08296938985586166,0.00450772512704134,0.04279837757349014,0.0027459319680929184,0.08163701442660759,0.06862209271025799,0.04139951096110087,0.00041818115171228363,0.03766613133721664
42309,1221,H1_30,0,0.009464200586080551,0.01943240873515606,0.006445509381592274,0.006891363766044378,0.05421838536858559,0.01301848515868187,0.04279837757349014,0.004064628388732672,0.019854163916342704,0.05387990615527052,0.0721528078507453,0.0011653867507151227,0.04117560521450172
42310,1221,H1_30,0,0.014858135022222996,0.13980846107006073,0.047189828008413315,0.02161121927201748,0.06540550291538239,0.01216531079262495,0.04279837757349014,0.07653729617595673,0.9541377970244909,0.1437673488120273,0.12001009032101657,0.058165307565585495,0.040583520401363433
42313,1221,H1_30,0,0.01787261851131916,0.2817002534866333,0.03744513913989067,0.024021700024604797,0.02746663987636566,0.008850608952343464,0.04279837757349014,0.03957411274313927,0.9891029643225216,0.22881913127461279,0.15225293283006713,0.029873263543263757,0.052032192722934405
42315,1221,H1_30,0,0.014127202332019806,0.2559531629085541,0.01707323081791401,0.020231127738952637,0.18741931021213531,0.01780187152326107,0.04279837757349014,0.07531624287366867,0.5499095581575169,0.21721576698769662,0.18466425250343357,0.04312205328702256,0.06690778023490074
42316,1221,H1_30,0,0.004516500048339367,0.021734721958637238,0.0033441130071878433,0.004935408476740122,0.08052310347557068,0.005909609142690897,0.04279837757349014,0.003897511400282383,0.030739576861165213,0.049213129899428276,0.08207391416272626,0.005200332343565248,0.041962472860555246
42318,1221,H1_30,1,0.16352829337120056,0.2701169550418854,0.054802704602479935,0.0687326043844223,0.03499357029795647,0.13211151957511902,0.04279837757349014,0.0567520447075367,0.5159134229062627,0.15638818803756224,0.155391835655622,0.03411681232331835,0.054147934831805015
42287,1221,H1_45,0,0.0024197520688176155,0.0024728334974497557,0.0013944103848189116,0.0014927454758435488,0.0017577768303453922,0.0018123853951692581,0.19737942516803741,0.0008433065959252417,3.2015237647639724e-05,0.0,0.0,0.000267651739338877,0.030014212339006658
42288,1221,H1_45,0,0.0011172518134117126,0.014054630883038044,0.0013357060961425304,0.0033263983204960823,0.000902837491594255,0.00040247946162708104,0.19737942516803741,0.002716024871915579,0.0187428652976266,0.01624894656028354,0.010125771486563812,0.0006108990633279664,0.03165800108406469
42289,1221,H1_45,0,0.06355040520429611,0.2059229165315628,0.02346457913517952,0.06782449781894684,0.06801339238882065,0.25066542625427246,0.19737942516803741,0.02205520309507847,0.9744615001615379,0.2344808746411602,0.11676465069551763,0.014198075084496102,0.04774545990290522
42290,1221,H1_45,0,0.0005295948358252645,0.011975932866334915,0.00052797538228333,0.0005504428991116583,0.0009206929826177657,0.00047108903527259827,0.19737942516803741,0.0005640335148200393,0.0052623509031036984,0.013137187350607508,0.006756868916479727,0.0001789867900587172,0.03132523059109519
42291,1221,H1_45,0,0.0004345687630120665,0.003695596009492874,0.0005525097949430346,0.00024174786813091487,0.0004932348383590579,0.00170255231205374,0.19737942516803741,0.00025028601521626115,0.0006405437861007855,0.0069415097667667,0.005110893312482224,5.5353976393831736e-05,0.03085466911245067
42292,1221,H1_45,0,0.022764431312680244,0.18340915441513062,0.030877716839313507,0.019020723178982735,0.2168096899986267,0.010183202102780342,0.19737942516803741,0.06576807051897049,0.8817343793891943,0.23757209072238292,0.1938649718584911,0.02201143387278569,0.06226690809131907
42295,1221,H1_45,0,0.07056348770856857,0.19385437667369843,0.09431397914886475,0.08492723107337952,0.4674931764602661,0.08753332495689392,0.19737942516803741,0.13143140077590942,0.9914824422220131,0.380653112562698,0.29497438932857567,0.06593006442424182,0.11391601163197525
42296,1221,H1_45,1,0.34845399856567383,0.05954179912805557,0.2623317241668701,0.1340874880552292,0.08094140887260437,0.21080288290977478,0.19737942516803741,0.09623650461435318,0.7849832626496609,0.40220879841525475,0.3236357383075072,0.12199556545090397,0.1506054309633916
42298,1221,H1_45,0,0.05534018576145172,0.07148022204637527,0.029049281030893326,0.05395258963108063,0.07631627470254898,0.007815585471689701,0.19737942516803741,0.03787477687001228,0.9967868792743102,0.1864514978920659,0.14539889202709877,0.013442449456555403,0.04659058038931387
42299,1221,H1_45,0,0.0051800222136080265,0.15046507120132446,0.005943928379565477,0.010865659452974796,0.004150431603193283,0.00439644418656826,0.19737942516803741,0.008036277256906033,0.33276618919141904,0.08579511922104112,0.018302243353153638,0.0021752926125463293,0.03349734451764116
42301,1221,H1_45,0,0.23578765988349915,0.056552257388830185,0.3427850306034088,0.3875158727169037,0.12667028605937958,0.15842305123806,0.19737942516803741,0.3143686354160309,0.28938050380803054,0.23171227116088963,0.2622927636174205,0.13232058023265222,0.0982818443387431
42304,1221,H1_45,0,0.0014893962070345879,0.002265946241095662,0.0016848945524543524,0.0021092118695378304,0.001195570221170783,0.006346106994897127,0.053008731454610825,0.001016515656374395,4.9073252198037386e-05,0.0013595505617977528,0.0013731794968791374,0.000495340746501007,0.0302078650535097
42305,1221,H1_45,0,0.0427514873445034,0.08755087107419968,0.04239584505558014,0.053266845643520355,0.0937410369515419,0.02185286395251751,0.053008731454610825,0.09733229875564575,0.9775841678990563,0.1256251946025316,0.19129639763224657,0.014286031459240092,0.04667980848095638
42306,1221,H1_45,0,0.004740798845887184,0.3548254072666168,0.0038546475116163492,0.003959796391427517,0.022736884653568268,0.007588978856801987,0.053008731454610825,0.004720860160887241,0.020249983247084102,0.0854112142604721,0.04552027216364857,0.0015412904446286335,0.04038405972655621
42307,1221,H1_45,0,0.1496177762746811,0.05812080204486847,0.2051142454147339,0.21530333161354065,0.0620303750038147,0.054655179381370544,0.053008731454610825,0.14926308393478394,0.28524057926094365,0.14252126301784,0.1751473652056989,0.0619404285379282,0.06070444729598847
42308,1221,H1_45,0,0.002388285007327795,0.03878450021147728,0.0014523710124194622,0.001120775006711483,0.006075494922697544,0.0049851262010633945,0.053008731454610825,0.0021032628137618303,0.008456465978735155,0.028830132738257176,0.05464219089496187,0.00024062450109545798,0.037168412286070034
42309,1221,H1_45,0,0.0034028664231300354,0.005003186408430338,0.004809243604540825,0.004532353952527046,0.029915720224380493,0.004790015518665314,0.053008731454610825,0.0026719432789832354,0.09369692037306836,0.04942056972308549,0.03958047200770975,0.0013493976965249547,0.03589429669250834
42310,1221,H1_45,0,0.007942335680127144,0.15673033893108368,0.009898718446493149,0.013957654125988483,0.007209699135273695,0.00754733057692647,0.053008731454610825,0.014243761077523232,0.018165304750763483,0.08080069552670441,0.09083384683544232,0.008070370399501243,0.046308384093713344
42313,1221,H1_45,0,0.052330274134874344,0.4253200590610504,0.04932435601949692,0.04340441897511482,0.28564774990081787,0.01093920599669218,0.053008731454610825,0.027415979653596878,0.9959272641249188,0.17954993447279297,0.18507435090664384,0.016377300055685714,0.05196286400133893
42315,1221,H1_45,0,0.01273281592875719,0.048383504152297974,0.012243593111634254,0.020896494388580322,0.07409970462322235,0.017663003876805305,0.053008731454610825,0.009806104004383087,0.414316479653174,0.19532731495034467,0.17059374696112697,0.006226851995253485,0.06572231265220797
42316,1221,H1_45,0,0.0001127172727137804,0.08285379409790039,0.00023491868341807276,0.00015705676923971623,0.0034819385036826134,0.0004019691259600222,0.053008731454610825,0.000518500863108784,0.008284639183507967,0.041316479323374684,0.04493982961760059,0.00010195117443550945,0.03702972773253888
42318,1221,H1_45,1,0.20046456158161163,0.10499155521392822,0.1505349725484848,0.15949411690235138,0.12816061079502106,0.03903014957904816,0.053008731454610825,0.046321120113134384,0.3662613255349652,0.17197201749928298,0.14620988030540474,0.044521473493237346,0.058232634476035834
42287,1221,H2_15,0,0.0010108486749231815,0.0019827866926789284,0.0007297442061826587,0.0007219221442937851,0.0009019587887451053,0.0015829667681828141,0.2285529524087906,0.0006742094992659986,5.075690300453757e-06,0.0,0.0,0.0001432013901389326,0.030015064716636897
42288,1221,H2_15,0,0.0002908180467784405,0.057297319173812866,0.00019730106578208506,0.00020206335466355085,0.0019332083174958825,0.0001792363473214209,0.2285529524087906,0.00018043338786810637,0.0020076356429844264,0.014691620754705455,0.0061898536466505555,6.428649772201315e-05,0.03140679273772206
42289,1221,H2_15,0,0.028807444497942924,0.04370446130633354,0.012278351932764053,0.10011698305606842,0.013458957895636559,0.184955433011055,0.2285529524087906,0.028560033068060875,0.7614635526126546,0.07655457407763522,0.05550958550602376,0.00962174132959799,0.03195627221050909
42290,1221,H2_15,0,0.0005358553607948124,0.007893186993896961,0.0010759466094896197,0.0008552244398742914,0.003675472689792514,0.0011297049932181835,0.2285529524087906,0.0020427063573151827,0.016079866983790096,0.01240210746265652,0.016313071459385375,0.0018293727948893736,0.03202237545062658
42291,1221,H2_15,0,0.0008779369527474046,0.04831308871507645,0.0010320697911083698,0.0005773967714048922,0.001616008928976953,0.0011822719825431705,0.2285529524087906,0.0007919219206087291,0.0015492379808304973,0.008486992522214194,0.011485566691537245,0.00022235616779208,0.031494338568777785
42292,1221,H2_15,0,0.004811005666851997,0.3311563730239868,0.004356303717941046,0.003656434826552868,0.020687134936451912,0.0034252959303557873,0.2285529524087906,0.005430823192000389,0.1286335147533064,0.12603555152997475,0.04722079385768619,0.002847837612554005,0.042345298843022565
42295,1221,H2_15,0,0.1084090918302536,0.04147167131304741,0.04729292914271355,0.03033032827079296,0.028771204873919487,0.10633939504623413,0.2285529524087906,0.011222300119698048,0.900732425711702,0.18974496450931538,0.16174650461592516,0.00305588410580931,0.05125318260318842
42296,1221,H2_15,1,0.09164033085107803,0.027332117781043053,0.05638158321380615,0.1359015703201294,0.010389309376478195,0.10052806884050369,0.2285529524087906,0.05793238803744316,0.9214300165740839,0.16608111159834188,0.2184005981171111,0.09396512900975777,0.05836018496886999
42298,1221,H2_15,0,0.020894382148981094,0.2128412425518036,0.010305158793926239,0.011977140791714191,0.018113533034920692,0.005440046079456806,0.2285529524087906,0.016514619812369347,0.808893847127903,0.13442891612972455,0.10533893845100353,0.008136058428081547,0.04020617592745884
42299,1221,H2_15,0,0.004391033668071032,0.04979196563363075,0.0017177679110318422,0.0038384811487048864,0.005083436146378517,0.004058988764882088,0.2285529524087906,0.0029242434538900852,0.18408981262424665,0.05517357918799988,0.023263864825202454,0.0005435693695898835,0.033582610163453645
42301,1221,H2_15,0,0.331392377614975,0.058241523802280426,0.3405950665473938,0.2856171727180481,0.18119339644908905,0.20709861814975739,0.2285529524087906,0.2550128996372223,0.5557921879510169,0.1812135654196746,0.22708221798522385,0.08858285373727992,0.06788891267832314
42304,1221,H2_15,0,0.003035249887034297,0.0018168247770518064,0.004217710345983505,0.0033230737317353487,0.006998385302722454,0.006487052422016859,0.018284261226654053,0.002176885725930333,0.002381661090314323,0.014327986932781549,0.025281557670840584,0.000932474126647652,0.033128404831011544
42305,1221,H2_15,0,0.0025393229443579912,0.08863085508346558,0.0033578467555344105,0.004938929807394743,0.0008343608351424336,0.005807777401059866,0.018284261226654053,0.004778978880494833,0.9450688807559036,0.08815073670973148,0.09660801146467567,0.003141081223971436,0.03465644236696034
42306,1221,H2_15,0,0.012799312360584736,0.16088363528251648,0.015189733356237411,0.013172856532037258,0.0044471886940300465,0.02417762205004692,0.018284261226654053,0.006039448082447052,0.003918371217782801,0.04173583532205061,0.036798684824690155,0.002236958962186951,0.036163750623487964
42307,1221,H2_15,0,0.0063901254907250404,0.0215696282684803,0.016678165644407272,0.026368943974375725,0.03442420810461044,0.015253288671374321,0.018284261226654053,0.054920509457588196,0.6060217693706788,0.08530374441646571,0.12263822354912374,0.0058312502673914975,0.0405056731335677
42308,1221,H2_15,0,0.003143622074276209,0.002451203763484955,0.0033888716716319323,0.002593285869807005,0.003060374641790986,0.010765989311039448,0.018284261226654053,0.003236140124499798,0.010646330010915129,0.03516048921487487,0.05529549238206447,0.0012466531381371759,0.03769449845827696
42309,1221,H2_15,0,0.000712234468664974,0.002235549036413431,0.0010746788466349244,0.0006713034235872328,0.007243080530315638,0.0013218600070104003,0.018284261226654053,0.0004448109830264002,0.005689826520073532,0.057340836225252406,0.06125091643469542,0.00015976383994513463,0.04031782067805153
42310,1221,H2_15,0,0.0011520616244524717,0.07063441723585129,0.0015846240567043424,0.001620647730305791,0.009760454297065735,0.002167155733332038,0.018284261226654053,0.002994121052324772,0.10549276779360785,0.07307504609952066,0.052198217205387164,0.0007254478743220913,0.03893431967731752
42313,1221,H2_15,0,0.02207355387508869,0.030181022360920906,0.025408266112208366,0.03497771546244621,0.046069566160440445,0.02535845898091793,0.018284261226654053,0.02793717011809349,8.375540259988946e-05,0.09276313481026306,0.12733320971386022,0.04398005079487227,0.05452300061017049
42315,1221,H2_15,0,0.01133632194250822,0.019132442772388458,0.0077618868090212345,0.014935632236301899,0.004541429225355387,0.023345673456788063,0.018284261226654053,0.004046410787850618,0.017127908002517452,0.07259116016466018,0.10927113794291382,0.0020753635203868653,0.04859999081478472
42316,1221,H2_15,0,0.0007516837795265019,0.015561936423182487,0.00084558135131374,0.0006581305060535669,0.005612686276435852,0.002272556535899639,0.018284261226654053,0.003318411996588111,0.024827703654712086,0.031038019007552407,0.06769877089147831,0.001964981275492796,0.03864893150668269
42318,1221,H2_15,0,0.10410080850124359,0.014524544589221478,0.05384329706430435,0.10804921388626099,0.3188457190990448,0.10713914781808853,0.018284261226654053,0.06129484251141548,0.015638877246220477,0.13845658980325987,0.15709779560048975,0.0780097788822278,0.06642866135379176
42287,1221,H2_30,0,0.001079302397556603,0.0011249738745391369,0.0013384961057454348,0.0010302469599992037,0.0028422879986464977,0.0004675307427532971,0.2526964247226715,0.0008776630857028067,8.37838385722258e-05,0.011676322087927571,0.005878711878444854,0.00011878944767914052,0.031207657192550583
42288,1221,H2_30,0,0.0005017354851588607,0.04456425458192825,0.0004858275060541928,0.0012187800602987409,0.015881860628724098,0.00033751799492165446,0.2526964247226715,0.000599466438870877,0.024347585634413825,0.02206225629999514,0.0034448464049508833,0.00010352934181651322,0.03138535041995776
42289,1221,H2_30,0,0.22373291850090027,0.008341152220964432,0.033234015107154846,0.1436164826154709,0.09564231336116791,0.11377197504043579,0.2526964247226715,0.04556698724627495,0.9053528787109519,0.057072465768519175,0.10009389577991026,0.014782189367575572,0.03306857100298294
42290,1221,H2_30,0,0.0015685211401432753,0.0034593886230140924,0.0009015536634251475,0.00198312452994287,0.02015720121562481,0.0017810252029448748,0.2526964247226715,0.0013321266742423177,0.011036897561676227,0.03891526702911903,0.03690236858946855,0.0003505553641274759,0.03591658522552851
42291,1221,H2_30,0,0.00147909892257303,0.004789453931152821,0.0029815868474543095,0.0008625970804132521,0.003661597613245249,0.0011864111293107271,0.2526964247226715,0.0013579786755144596,9.00855334082947e-05,0.005843306164939446,0.0032417432749373997,0.0004683973008652859,0.03062630819385803
42292,1221,H2_30,0,0.00030099862487986684,0.17543475329875946,0.0005859137163497508,0.0003200766514055431,0.007291831541806459,0.006328640040010214,0.2526964247226715,0.0009585611987859011,0.14561205345145567,0.08814123668876421,0.03088341414326667,0.0002506346957109009,0.03712856695278321
42293,1221,H2_30,0,0.02481054700911045,0.11022010445594788,0.022160740569233894,0.0275135338306427,0.02632606215775013,0.008005273528397083,0.19749058783054352,0.03956395760178566,0.8555234231119178,0.17307212045916046,0.14642874708350156,0.014432546390244152,0.04778510784982052
42294,1221,H2_30,1,0.08478519320487976,0.002108301967382431,0.1529562622308731,0.06915831565856934,0.01965671218931675,0.033016566187143326,0.19749058783054352,0.0518253818154335,0.6272143410375954,0.13063154169570612,0.12429013669220614,0.008851345486451096,0.04432347426138163
42296,1221,H2_30,0,0.08821337670087814,0.052331916987895966,0.06384071707725525,0.12232399731874466,0.1742461621761322,0.06964363157749176,0.2526964247226715,0.06607971340417862,0.9422370523858624,0.30745577343597263,0.1629325584149961,0.13903347211839623,0.0653802801261235
42299,1221,H2_30,0,0.0018021994037553668,0.15654194355010986,0.0015320238890126348,0.0015995412832126021,0.004206174518913031,0.0057754553854465485,0.2526964247226715,0.0022891054395586252,0.022657763750266898,0.11141711710700089,0.017196296827370765,0.0005327451574722411,0.0390182574874906
42300,1221,H2_30,1,0.18126998841762543,0.12920190393924713,0.11799152940511703,0.23590712249279022,0.13225270807743073,0.12371495366096497,0.19749058783054352,0.3316028416156769,0.3131148694531665,0.3099223569154208,0.34214230619009756,0.24406296264947278,0.1583452393972333
42304,1221,H2_30,0,0.001013864646665752,0.0018168247770518064,0.0016042847419157624,0.0008570362697355449,0.0006776784430257976,0.005211784970015287,0.01033021043986082,0.0011226801434531808,0.00022952761400159852,0.0056358073439941965,0.002276078908666768,0.00038427160086887234,0.03053214601337398
42305,1221,H2_30,0,0.004318440333008766,0.09606169164180756,0.005195074714720249,0.018653443083167076,0.012850016355514526,0.012207385152578354,0.01033021043986082,0.024818439036607742,0.9007910442299423,0.09262512896868015,0.08833818244007852,0.02651248828579658,0.034686207712745165
42306,1221,H2_30,0,0.008852076716721058,0.24337811768054962,0.009457006119191647,0.008064249530434608,0.023255281150341034,0.009405851364135742,0.01033021043986082,0.014241170138120651,0.0009273405882196033,0.08695233939975629,0.059911512552581474,0.007733268747566653,0.04266010388472227
42307,1221,H2_30,0,0.004215694032609463,0.11006538569927216,0.006643897388130426,0.006853177212178707,0.01960601471364498,0.012992270290851593,0.01033021043986082,0.013801081106066704,0.0026769872877207045,0.1402847769514796,0.14403260034546486,0.005789316983421476,0.06440397577875119
42308,1221,H2_30,0,0.0021441946737468243,0.009636527858674526,0.0019960589706897736,0.0018898904090747237,0.0007263671141117811,0.009117698296904564,0.01033021043986082,0.0029892311431467533,0.0005669881925812527,0.018531064810494123,0.03633169308384289,0.0004875593393852416,0.03452161246856488
42309,1221,H2_30,0,0.0010442142374813557,0.0011397104244679213,0.0007859871839173138,0.0013754344545304775,0.011315647512674332,0.0038549734745174646,0.01033021043986082,0.0013328786008059978,0.003749412566210018,0.03547871427540126,0.03151609086572821,0.0004955626467913874,0.03519058330720331
42310,1221,H2_30,0,0.001264676102437079,0.05128691717982292,0.001917860470712185,0.0010760670993477106,0.0009002258302643895,0.0005414359038695693,0.01033021043986082,0.0008155941031873226,0.021230721927769376,0.051095591607473276,0.030696250890546232,0.00016250414790780262,0.03600367654343802
42311,1221,H2_30,0,0.07193569839000702,0.1821482926607132,0.07345381379127502,0.10118614882230759,0.033449865877628326,0.20172663033008575,0.0034668187145143747,0.08546161651611328,0.13594184574095317,0.1331628425526995,0.1476825909456472,0.036298595067403155,0.05887462261244947
42313,1221,H2_30,0,0.18908075988292694,0.10805592685937881,0.17543624341487885,0.11711588501930237,0.03297993168234825,0.18305861949920654,0.01033021043986082,0.12842042744159698,0.023756920534925778,0.16148508268810383,0.19113688870097986,0.28188727386385526,0.07968983266536121
42315,1221,H2_30,0,0.002574423560872674,0.008618940599262714,0.0020397312473505735,0.004315554164350033,0.004639368038624525,0.011455046944320202,0.01033021043986082,0.001107016229070723,0.027391238596515974,0.06653837472371207,0.08199146641237402,0.0004708551996564888,0.04357379727035047
42316,1221,H2_30,0,0.000986832077614963,0.020554793998599052,0.0015201038913801312,0.0034747151657938957,0.0029160340782254934,0.0014916181098669767,0.01033021043986082,0.004432335961610079,0.004235500175452799,0.0415740438294092,0.06466160408592327,0.0027413484274021378,0.03943343033828917
42287,1221,H2_45,0,0.0005431765457615256,0.001137292361818254,0.0004961555823683739,0.00036450198967941105,0.0016501278150826693,0.0007467811810784042,0.2157701849937439,0.0003838241973426193,1.2544962532151848e-06,0.0,0.0035541070525558047,0.00010417686609607199,0.030314347936925407
42288,1221,H2_45,0,0.00040389661444351077,0.02552122250199318,0.0003235367184970528,0.00031906907679513097,0.001516201300546527,0.00010958661005133763,0.2157701849937439,0.0002529698540456593,0.0037185113754449116,0.009006898403634753,0.007184012601331925,0.00010436846463890214,0.031129048837071117
42289,1221,H2_45,0,0.06846944242715836,0.1675635576248169,0.027684003114700317,0.1413828432559967,0.1323038786649704,0.05668046325445175,0.2157701849937439,0.06180538237094879,0.40792977349538706,0.06839249310629701,0.10972849886242203,0.0576733226562989,0.04092289513250594
42290,1221,H2_45,0,0.0009083581971935928,0.0008893674239516258,0.0011479672975838184,0.0019026832887902856,0.002390817739069462,0.0012460313737392426,0.2157701849937439,0.0010904278606176376,0.022768050397023273,0.034269507842238776,0.020091691076962785,0.00021233451489265925,0.03372049261922857
42291,1221,H2_45,0,0.0006073472904972732,0.008863488212227821,0.000995938084088266,0.00039013128844089806,0.0006918776780366898,0.0008647461654618382,0.2157701849937439,0.000298323982860893,0.0007607301636630053,0.010270224859310173,0.00752935448372188,0.0001481940968294687,0.031266270532941676
42292,1221,H2_45,0,0.0017263602931052446,0.13046076893806458,0.002827252261340618,0.002472246764227748,0.04499027505517006,0.008688622154295444,0.2157701849937439,0.006070869509130716,0.10741829348989271,0.11430295525119277,0.08312497986494047,0.0014695946727062788,0.0467419637181374
42293,1221,H2_45,0,0.009194627404212952,0.13482607901096344,0.006034485995769501,0.01439268235117197,0.015000973828136921,0.006833663210272789,0.22016164660453796,0.009689227677881718,0.43410205751472064,0.12484090968012299,0.11930865099219147,0.0031632662779123924,0.0470174478443229
42294,1221,H2_45,1,0.015534792095422745,0.0287614855915308,0.009763703681528568,0.017070718109607697,0.03756869211792946,0.008766350336372852,0.22016164660453796,0.010961933992803097,0.13283906727767522,0.20775582234644557,0.12157632642316693,0.013664202869177338,0.06479610270599985
42296,1221,H2_45,0,0.13612447679042816,0.04561053588986397,0.2501346468925476,0.18991313874721527,0.15658487379550934,0.04688495025038719,0.2157701849937439,0.12268564105033875,0.97779572347907,0.39257659944866086,0.2490187161203491,0.23612198660375477,0.10252925233694328
42299,1221,H2_45,0,0.008087312802672386,0.034222561866045,0.0060114203952252865,0.006833948194980621,0.07333796471357346,0.006841435097157955,0.2157701849937439,0.005460434127599001,0.04693594327666712,0.027573483508377836,0.022038684270766558,0.0004996199099370587,0.0331437070777914
42300,1221,H2_45,0,0.11907248198986053,0.1504869908094406,0.1294277161359787,0.11132415384054184,0.08463447540998459,0.05430588871240616,0.22016164660453796,0.0438002310693264,0.10185323046802201,0.22210393552318233,0.2365293505858948,0.024754249366704083,0.10530723897459215
42304,1221,H2_45,0,0.0024164277128875256,0.0018168247770518064,0.002145452192053199,0.002003645058721304,0.0008028880693018436,0.011757437139749527,0.0168578140437603,0.0017563834553584456,1.8463433092415733e-05,0.001425206124852768,0.0,0.0007174079383361304,0.030092049728578697
42305,1221,H2_45,0,0.004823244642466307,0.03383909910917282,0.006698600482195616,0.0055474331602454185,0.0102741913869977,0.007479486986994743,0.0168578140437603,0.007831468246877193,0.7604718616054676,0.08230172231675333,0.06967730156422723,0.002985023594801832,0.033640945400377445
42307,1221,H2_45,0,0.010511524975299835,0.04846842214465141,0.008074775338172913,0.008609388023614883,0.020077237859368324,0.008446931838989258,0.0168578140437603,0.006651838310062885,0.026957527065554102,0.2288701535404896,0.1506977216804153,0.002323015590303882,0.08013961175692036
42308,1221,H2_45,0,0.0021467325277626514,0.01149688195437193,0.0024856405798345804,0.0010090263094753027,0.001851576496846974,0.0011512921191751957,0.0168578140437603,0.0014344326918944716,0.0016303031061613825,0.017309861510642035,0.013793541884917488,0.00010965509809974906,0.03224730097308124
42309,1221,H2_45,0,0.001336974324658513,0.0022361830342561007,0.0021421543788164854,0.0018546280916780233,0.004776266869157553,0.007414213847368956,0.0168578140437603,0.002602943917736411,0.0018369313357573564,0.031111670179747003,0.055813398663119226,0.0006316842201065252,0.03757020688843323
42311,1221,H2_45,0,0.03199189528822899,0.0329439602792263,0.008427768014371395,0.010462552309036255,0.013782992959022522,0.022207995876669884,0.0031806521583348513,0.0025796524714678526,0.0016294799509372997,0.0899273950710903,0.12008127900154764,0.00161643271341864,0.05285145153602061
42312,1221,H2_45,1,0.006907562259584665,0.15324170887470245,0.00887321587651968,0.011621815152466297,0.010595553554594517,0.02123144268989563,0.010044584982097149,0.032223302870988846,0.03902335011147398,0.13130604931027048,0.08288688733708259,0.005226610479625576,0.04945721800662615
42315,1221,H2_45,0,0.0031408078502863646,0.04096226394176483,0.002391722984611988,0.007505131419748068,0.019483670592308044,0.005446316208690405,0.0168578140437603,0.0035061349626630545,0.0012342855158748753,0.09824736251218612,0.0879430712755029,0.002823231333334878,0.04809739507623498
42316,1221,H2_45,0,0.0007876445888541639,0.010675013065338135,0.0007769645890221,0.001934346742928028,0.007486382499337196,0.001996417297050357,0.0168578140437603,0.0017309625400230289,0.0028945516844478625,0.02332829549107019,0.04177620011623346,0.005363570964366762,0.03546251157595727
42319,1221,H2_45,0,0.0032414509914815426,0.13995324075222015,0.0058870259672403336,0.004311737138777971,0.017001966014504433,0.0036655154544860125,0.010044584982097149,0.009376175701618195,0.044009588863230434,0.09984957591191078,0.1146353493481016,0.0009519265461061565,0.05182008733087224
42287,1221,ET1_15,0,0.0009373167995363474,0.0011101913405582309,0.0007473332807421684,0.0004173396446276456,0.0003556721785571426,0.0006876384723000228,0.2321745604276657,0.00022684514988213778,9.587138296314909e-06,0.0027847566866505205,0.006592092418667262,0.00012070296224714351,0.030739810741849106
42289,1221,ET1_15,0,0.013741751201450825,0.0023102511186152697,0.0042107924818992615,0.02139308676123619,0.0013301793951541185,0.01174410805106163,0.2321745604276657,0.0026938398368656635,0.044472485113489155,0.08273079300391042,0.07046560261821089,0.004520909907910432,0.04313148063077891
42290,1221,ET1_15,0,0.0005811346345581114,0.004100902937352657,0.0007644467405043542,0.0004175201174803078,0.004300369881093502,0.0005722430068999529,0.2321745604276657,0.00047060882207006216,0.01849011089265687,0.01318105585362668,0.019207920733224384,8.350996922558873e-05,0.03231284158374018
42292,1221,ET1_15,0,0.007727698422968388,0.06928475201129913,0.012652279809117317,0.022922566160559654,0.08853913098573685,0.011923860758543015,0.2321745604276657,0.04584835097193718,0.012425950496840771,0.17182094916691223,0.11880551882333822,0.05559956446212526,0.062374411900242725
42293,1221,ET1_15,0,0.09592759609222412,0.10592012852430344,0.0626382902264595,0.08182329684495926,0.15755979716777802,0.038331564515829086,0.16331236064434052,0.05235658958554268,0.7260894700679492,0.2504859054462399,0.1737837886496716,0.046813680211333676,0.06456149364479186
42294,1221,ET1_15,1,0.03886045515537262,0.11454763263463974,0.03135256841778755,0.02172188088297844,0.024983879178762436,0.010373853147029877,0.16331236064434052,0.009638548828661442,0.010443212338406381,0.131881882457366,0.0825086502393401,0.010838736693780786,0.05053738348245059
42296,1221,ET1_15,0,0.5564427971839905,0.018045416101813316,0.5480341911315918,0.43700945377349854,0.041641928255558014,0.19865360856056213,0.2321745604276657,0.5809525847434998,0.34125782170177743,0.21862765036563103,0.2016284230742964,0.6861829127521697,0.07672262808339368
42297,1221,ET1_15,0,0.04211165010929108,0.003815437899902463,0.04277549684047699,0.02566377818584442,0.003478175960481167,0.020741447806358337,0.42850711941719055,0.013552871532738209,0.14098435209864935,0.10078980494376616,0.12758044412359532,0.015252445372440646,0.052049403577593724
42299,1221,ET1_15,0,0.005943466443568468,0.00444516446441412,0.0032092733308672905,0.0028001468162983656,0.002873831195756793,0.003019138937816024,0.2321745604276657,0.0014459413941949606,0.015491294897497163,0.06190797013202006,0.047133048733181276,0.001289729873344992,0.038781113987434425
42300,1221,ET1_15,0,0.040966033935546875,0.015285547822713852,0.03794576972723007,0.04158454388380051,0.013009954243898392,0.007925423793494701,0.16331236064434052,0.02242535725235939,7.12559926095552e-05,0.1668097184894045,0.1392352186480209,0.011675151181406355,0.06711872390286389
42302,1221,ET1_15,0,0.3735485076904297,0.014411856420338154,0.35013842582702637,0.4483456313610077,0.48256438970565796,0.441384881734848,0.3973311483860016,0.4938964545726776,0.5978209219642902,0.23899354896709749,0.2420836560772043,0.4344308344174608,0.0788267509404179
42304,1221,ET1_15,0,0.00234601111151278,0.0018168247770518064,0.0019942065700888634,0.002130459528416395,0.0011467263102531433,0.004122527316212654,0.01123801525682211,0.001391298370435834,1.9037683111759888e-05,0.007589732045717287,0.009964606367027357,0.0008010285781225187,0.03131879547517221
42309,1221,ET1_15,0,0.0037052722182124853,0.014154422096908092,0.0027791508473455906,0.007621787488460541,0.010432200506329536,0.009490436874330044,0.01123801525682211,0.0031862601172178984,0.002953940129662426,0.052199514810498886,0.06110125110156933,0.0011437862379400008,0.03988360125524881
42311,1221,ET1_15,0,0.021441273391246796,0.006801041774451733,0.02542485110461712,0.04141026362776756,0.004108957480639219,0.08790325373411179,0.0037939995527267456,0.00840814970433712,0.0030354169237181133,0.10485777903346345,0.09295333226844872,0.006464958591136927,0.04954829737979243
42312,1221,ET1_15,0,0.002602291526272893,0.004718745592981577,0.0018873384688049555,0.002344369888305664,0.0047438801266252995,0.00236401311121881,0.002036676974967122,0.0009020133875310421,0.001415743438590821,0.08407755893857126,0.06260157423500064,0.0001442405700982895,0.04289320065625557
42314,1221,ET1_15,0,0.009886897169053555,0.0035945759154856205,0.01173180527985096,0.015347490087151527,0.08423417806625366,0.06821444630622864,0.0021977205760776997,0.010573307052254677,0.008454575943622237,0.10695499785779129,0.1423794306031625,0.0013621697315679706,0.05919880873728495
42316,1221,ET1_15,0,0.0003417552507016808,0.0033518485724925995,0.000509589328430593,0.0004965345724485815,0.0023148474283516407,0.00035888474667444825,0.01123801525682211,0.0013364434707909822,0.002394571747291908,0.01991196670080953,0.020491687675641645,0.00011794066534190241,0.03303698578313622
42317,1221,ET1_15,0,0.0039596776477992535,0.007036849390715361,0.004321227315813303,0.0058853463269770145,0.007341266609728336,0.020731216296553612,0.006485620513558388,0.010001731105148792,0.0028386572058808263,0.025753193667447643,0.029122028343455595,0.0009227828190743524,0.03417898133330192
42319,1221,ET1_15,0,0.004643238615244627,0.015387476421892643,0.007615550421178341,0.0032736235298216343,0.008266596123576164,0.004422155674546957,0.002036676974967122,0.003138406667858362,0.0009009951953043675,0.15169929985769473,0.11790271368739516,0.0011403183343564546,0.060196289978814606
42320,1221,ET1_15,0,0.004674502182751894,0.06027795374393463,0.006325567606836557,0.0075826216489076614,0.012614455074071884,0.020793087780475616,0.006485620513558388,0.013192947953939438,0.012139461819793883,0.058315436997988794,0.04569048022858894,0.0021282268629019612,0.038225224663968334
42682,1225,H1_15,0,0.0013052772264927626,0.0013170300517231226,0.0011331522837281227,0.0014042517868801951,0.0005960469716228545,0.004685314372181892,0.41067034006118774,0.0003204274398740381,0.0007995675463682716,0.0,0.0,5.540096929386869e-05,0.030010331628630888
42683,1225,H1_15,0,0.12951424717903137,0.024752100929617882,0.02844986878335476,0.08370142430067062,0.023532429710030556,0.11726271361112595,0.41067034006118774,0.030026601627469063,0.8512021373635053,0.09233971432170647,0.14226817254520224,0.0146377003039648,0.04045776927621306
42684,1225,H1_15,0,0.0017083178972825408,0.03761402145028114,0.0016432866686955094,0.0029978228267282248,0.004412161651998758,0.002351021859794855,0.41067034006118774,0.002910757903009653,0.6578837752453589,0.04532722349432729,0.03780647722619299,0.0018118115716772411,0.029853259375163557
42685,1225,H1_15,0,0.0008242958574555814,0.07984240353107452,0.0009778640232980251,0.0016966121038421988,0.005786250811070204,0.0006077097496017814,0.41067034006118774,0.0011405450059100986,0.4779629111214302,0.04170498982988147,0.02170285995805144,0.00024259311664918962,0.029886944114425548
42687,1225,H1_15,0,0.01308471243828535,0.48103126883506775,0.009305519051849842,0.007960262708365917,0.012683907523751259,0.013141081668436527,0.41067034006118774,0.008586342446506023,0.06745674362791475,0.14638184269095805,0.05637695155163725,0.00573490291195254,0.04658036486728732
42689,1225,H1_15,0,0.0025968675035983324,0.05490632727742195,0.0022435467690229416,0.010485464707016945,0.0072447266429662704,0.004636297468096018,0.41067034006118774,0.005785282701253891,0.07340062416256743,0.14018103447855693,0.10311687998382277,0.0018485495955089884,0.05371650950244226
42690,1225,H1_15,0,0.05840948224067688,0.21350951492786407,0.051875125616788864,0.06195424124598503,0.16813306510448456,0.007429469842463732,0.41067034006118774,0.04220885410904884,0.574363544869003,0.21403157944522178,0.24098708643973293,0.007351529590382831,0.08123527793061595
42693,1225,H1_15,0,0.000748167687561363,0.022561686113476753,0.0009813279611989856,0.0022493330761790276,0.006150654051452875,0.0004945131950080395,0.41067034006118774,0.002153168199583888,0.342776868926904,0.030756542425058278,0.028273434675192728,0.0016912162640171228,0.030950978041545587
42694,1225,H1_15,0,0.30262139439582825,0.17420336604118347,0.22064389288425446,0.19984158873558044,0.1254664957523346,0.13200385868549347,0.41067034006118774,0.153122216463089,0.9342147110005201,0.25480407723958093,0.18939966744219106,0.08169468425347962,0.06126614008101757
42695,1225,H1_15,0,0.28892767429351807,0.11280559003353119,0.34860554337501526,0.2543639838695526,0.09875872731208801,0.26113465428352356,0.41067034006118774,0.3448503017425537,0.8341258965525729,0.2042506486897951,0.2331550052320936,0.15170869356167643,0.06314639981292398
42696,1225,H1_15,0,0.013225117698311806,0.09917531162500381,0.02210332453250885,0.063566654920578,0.10471415519714355,0.008271331898868084,0.41067034006118774,0.046638112515211105,0.8846847276718861,0.13567153112337868,0.12725260752657325,0.00807204063932951,0.04140139795894912
42704,1225,H1_15,0,0.0025320672430098057,0.0013170300517231226,0.0012215152382850647,0.0019968971610069275,0.0012429914204403758,0.0009692803723737597,0.6333592534065247,0.00042745741666294634,0.00024873169439837515,0.0,0.002470086873899507,0.000115845205816738,0.030220634202425087
42705,1225,H1_15,0,0.003786417655646801,0.03556898981332779,0.0038924317341297865,0.0030917769763618708,0.011328553780913353,0.002441670745611191,0.6333592534065247,0.004774336237460375,0.07402239478008861,0.05716374015597018,0.02293343488137732,0.0007867143402403168,0.034922861561346656
42706,1225,H1_15,0,0.23220022022724152,0.029936637729406357,0.49663716554641724,0.22378481924533844,0.09840850532054901,0.4382469654083252,0.6333592534065247,0.3001441955566406,0.6310508228499067,0.10554179659362932,0.14758955937605603,0.07294086340182164,0.04222966654661372
42707,1225,H1_15,0,0.009689762257039547,0.03895942121744156,0.014583579264581203,0.00649085221812129,0.004113623406738043,0.002449961146339774,0.6333592534065247,0.007202848792076111,0.05274213763177244,0.021698209459119964,0.013081266178960277,0.001956379920533224,0.031872528948042766
42709,1225,H1_15,0,0.009211680851876736,0.35933858156204224,0.006348513066768646,0.005224976222962141,0.04012610390782356,0.020101342350244522,0.6333592534065247,0.005529440473765135,0.5774381509098089,0.14648990910920553,0.14146989956649433,0.001243512221841353,0.049924001323645155
42712,1225,H1_15,0,0.5732792019844055,0.5519638061523438,0.4606488049030304,0.6368964910507202,0.48639142513275146,0.7024011015892029,0.6333592534065247,0.5951265692710876,0.9759172879570556,0.43163759262480816,0.39960760383224625,0.6166526576419928,0.17234736018952138
42713,1225,H1_15,0,0.0025062391068786383,0.06609417498111725,0.00393830006942153,0.0029598905239254236,0.0015707412967458367,0.0010717865079641342,0.6333592534065247,0.0028696816880255938,0.005082315083607806,0.02181866670309386,0.01365602686162995,0.0007831674306198064,0.03247517150023317
42714,1225,H1_15,0,0.46822360157966614,0.04965474456548691,0.47906187176704407,0.30060145258903503,0.12126387655735016,0.2639361023902893,0.6333592534065247,0.28020599484443665,0.6200398528810352,0.27244181125798056,0.24568706905713464,0.14828663621496369,0.08628917473698718
42715,1225,H1_15,0,0.023814700543880463,0.1569882482290268,0.02838963270187378,0.0314481295645237,0.06976895779371262,0.020917121320962906,0.6333592534065247,0.025364786386489868,0.9297884156123631,0.2595305419041479,0.17499181490725677,0.002074985540437684,0.06065053932255909
42716,1225,H1_15,1,0.13338740170001984,0.15414902567863464,0.2625401020050049,0.26294100284576416,0.17335855960845947,0.11203166097402573,0.6333592534065247,0.6325582265853882,0.9010245594416135,0.4001276019853931,0.33886356624833497,0.7573672750550848,0.13814209351998408
42717,1225,H1_15,1,0.5128280520439148,0.40555959939956665,0.5779634118080139,0.4102126657962799,0.12976601719856262,0.2389172911643982,0.6333592534065247,0.29779860377311707,0.8233958443933329,0.36292416197652205,0.2751307163945997,0.16600254867734926,0.10585136868164502
42682,1225,H1_30,0,0.0012906233314424753,0.0013170300517231226,0.0010084031382575631,0.0013325707986950874,0.0006787778693251312,0.0031002582982182503,0.3747262954711914,0.0004557055945042521,0.00011334858483922346,0.0,0.001193147278253661,0.00011122942368362161,0.03011500623576414
42683,1225,H1_30,0,0.028094720095396042,0.07115191221237183,0.0677618682384491,0.03400123864412308,0.018295666202902794,0.07886853069067001,0.3747262954711914,0.022035321220755577,0.36630076653368576,0.09269276502299832,0.08577609510690762,0.021386144562031115,0.04072964161497741
42684,1225,H1_30,0,0.0010429576504975557,0.004028222523629665,0.000953979673795402,0.0012645303504541516,0.0012296043569222093,0.0005947474273853004,0.3747262954711914,0.0005083740688860416,0.01370197282100316,0.016508002903879913,0.00849211269710176,0.00013434406927433128,0.031599796157084
42685,1225,H1_30,0,0.0005652395775541663,0.03417051210999489,0.0005221434403210878,0.0005865439889021218,0.001732150441966951,0.0008432965259999037,0.3747262954711914,0.0005874494672752917,0.004378062975380565,0.014628049038515289,0.007357601088604923,7.141090778660166e-05,0.03147765568222605
42687,1225,H1_30,0,0.0015211767749860883,0.03025110810995102,0.0015668501146137714,0.001486855442635715,0.00022018754680175334,0.0025307501200586557,0.3747262954711914,0.0019847815856337547,0.013674727928480311,0.04451308299208383,0.01359739455935846,0.000348397464616739,0.03386717732323515
42689,1225,H1_30,0,0.0008590708603151143,0.11283211410045624,0.0006146479863673449,0.0014542117714881897,0.0027688597328960896,0.004577666986733675,0.3747262954711914,0.001003323239274323,0.01218476789652964,0.13600720032385727,0.06507253106784014,0.0003485236727345937,0.04806888377320509
42690,1225,H1_30,0,0.0028748642653226852,0.028307365253567696,0.00644270982593298,0.009606394916772842,0.04483114555478096,0.0012587413657456636,0.3747262954711914,0.02073095180094242,0.23837826834499157,0.13350145370362765,0.12398503703951416,0.005737535563481795,0.05261108424754626
42693,1225,H1_30,0,0.00019659983809106052,0.014733008109033108,0.0004152088949922472,0.0004026523674838245,0.003175661200657487,0.00045818378566764295,0.3747262954711914,0.000409095489885658,0.0936500029832065,0.03484829457064169,0.026925331337607463,0.00017652972611244237,0.033621006941917664
42694,1225,H1_30,0,0.3349522054195404,0.05380838364362717,0.23443886637687683,0.4206838607788086,0.30551421642303467,0.3375994563102722,0.3747262954711914,0.21402773261070251,0.6943821411371446,0.35004302515541086,0.27161469289203444,0.09490404455541884,0.11074006399170377
42695,1225,H1_30,0,0.13211460411548615,0.1282857060432434,0.13342706859111786,0.13027532398700714,0.04787251353263855,0.12066357582807541,0.3747262954711914,0.14881327748298645,0.5662030188232451,0.28491951994154147,0.3012891532250164,0.049117871607588987,0.1171702932633738
42696,1225,H1_30,0,0.0021319473162293434,0.006293887738138437,0.0014958924148231745,0.00357073824852705,0.0005951058119535446,0.00391998328268528,0.3747262954711914,0.0017987594474107027,0.06310460256311082,0.0676544787367222,0.029923810198568185,0.0003843545540103878,0.036575966427723434
42704,1225,H1_30,0,0.001196712371893227,0.0013170300517231226,0.0008882508263923228,0.0011362588265910745,0.00045700918417423964,0.0006287822034209967,0.6076735854148865,0.00038332122494466603,0.0002971370169007493,0.0,0.0,0.00012990502798673965,0.030015122587266324
42705,1225,H1_30,0,0.049504395574331284,0.0989798977971077,0.009012256748974323,0.008862429298460484,0.00905180349946022,0.01887913979589939,0.6076735854148865,0.0026408378034830093,0.05657390349667779,0.05276802474282656,0.07385427472108214,0.0005076236275754524,0.04071759964279174
42706,1225,H1_30,0,0.014333493076264858,0.00547726871445775,0.009892944246530533,0.03762732818722725,0.03935753554105759,0.022855034098029137,0.6076735854148865,0.02355382777750492,0.6673968285125439,0.09998520213969884,0.12561365950253348,0.009482866900684391,0.04166809347852995
42707,1225,H1_30,0,0.004537333268672228,0.005381951108574867,0.004348013550043106,0.005141513422131538,0.006368834525346756,0.0009145810035988688,0.6076735854148865,0.005689758341759443,0.006673448262433615,0.023365868894871793,0.021640171594394485,0.00401258511027719,0.033313117271476615
42709,1225,H1_30,0,0.017870735377073288,0.0955045148730278,0.02539632096886635,0.009927518665790558,0.026493560522794724,0.015831967815756798,0.6076735854148865,0.005532188806682825,0.3850371777966523,0.1486575606304605,0.10267558884014583,0.0026700095516237793,0.04782690176093803
42712,1225,H1_30,0,0.12097372114658356,0.2329443395137787,0.04784928634762764,0.22636018693447113,0.05643953010439873,0.060355935245752335,0.6076735854148865,0.17633987963199615,0.9872295221261232,0.33452595305686395,0.18397853226157593,0.15175361351579095,0.070108659968178
42713,1225,H1_30,0,0.0012955772690474987,0.010458797216415405,0.002162648132070899,0.0013731111539527774,0.006207010243088007,0.0003741671098396182,0.6076735854148865,0.001082330709323287,0.05814341959744778,0.03216207194325752,0.014637895935883376,0.00033077407612789196,0.0326698591632635
42714,1225,H1_30,0,0.2168310284614563,0.10131770372390747,0.1707220822572708,0.23570412397384644,0.0950646623969078,0.053409647196531296,0.6076735854148865,0.05345893278717995,0.04931650546076596,0.27867623362101546,0.2024814519716722,0.026211030283071344,0.10748863525341364
42715,1225,H1_30,0,0.03285747393965721,0.7521029710769653,0.0214803759008646,0.020226361230015755,0.00315703172236681,0.08620657026767731,0.6076735854148865,0.00849633477628231,0.018373429960252242,0.07849866018684995,0.03687184249460534,0.004392253617021457,0.03876315604212569
42716,1225,H1_30,1,0.09074246138334274,0.1653563529253006,0.09442833065986633,0.09093387424945831,0.11246299743652344,0.052118878811597824,0.6076735854148865,0.2582160532474518,0.3880091694009166,0.24623793229601149,0.2376566280655133,0.04412073356996372,0.08848942131537375
42717,1225,H1_30,1,0.07250551879405975,0.6710312962532043,0.05857054889202118,0.040334831923246384,0.04051072150468826,0.027989143505692482,0.6076735854148865,0.1413402557373047,0.8533271521836736,0.20698846001215795,0.18847741259605535,0.08819270456106267,0.0574864372478609
42682,1225,H1_45,0,0.0007076625479385257,0.0013170300517231226,0.0006775012006983161,0.000984214711934328,0.0008914039935916662,0.0018637079047039151,0.3522407114505768,0.0004251566424500197,0.00011885312606038007,0.0,0.001223126578725793,6.625103296871923e-05,0.03011735649408903
42683,1225,H1_45,0,0.0076783085241913795,0.19622457027435303,0.012524005025625229,0.0031674467027187347,0.002398940036073327,0.025569401681423187,0.3522407114505768,0.0040554143488407135,0.021321195403415278,0.020776630565397525,0.04262470494681004,0.0004350206991779531,0.03506183664142148
42684,1225,H1_45,0,0.0003024239558726549,0.01175002008676529,0.0004405780928209424,0.0002856720529962331,0.0007290251087397337,0.0012818011455237865,0.3522407114505768,0.00030544036417268217,0.007127254624074174,0.012097280795795688,0.007536541097718608,6.689055211818784e-05,0.0313129384842114
42685,1225,H1_45,0,0.0021456368267536163,0.07661458104848862,0.0010611279867589474,0.001968933269381523,0.004415048286318779,0.0021616327576339245,0.3522407114505768,0.002184172859415412,0.0010379587886829378,0.03680701176410444,0.01643577621032979,0.0004884988765941618,0.03377363590935342
42687,1225,H1_45,0,0.006351151503622532,0.08851933479309082,0.015211333520710468,0.011813883669674397,0.013018934056162834,0.005250247661024332,0.3522407114505768,0.010833215899765491,0.01993808580496483,0.07430201175210926,0.01937876738308338,0.004573136129805491,0.03640737199975256
42689,1225,H1_45,0,0.0049926056526601315,0.10066031664609909,0.0038250198122113943,0.0030621252954006195,0.13582946360111237,0.0007601814577355981,0.3522407114505768,0.005149045493453741,0.03122374907298779,0.120028147590126,0.08151770486283323,0.002311616553488281,0.04864462679236727
42690,1225,H1_45,0,0.008074500598013401,0.037031352519989014,0.009456068277359009,0.005005095154047012,0.4665481746196747,0.001163075095973909,0.3522407114505768,0.012077435851097107,0.08322118559741709,0.15967424948569645,0.14722250884880325,0.0012521687884668252,0.06539478032636233
42693,1225,H1_45,0,0.027614237740635872,0.002013042801991105,0.007863393053412437,0.017610015347599983,0.11603977531194687,0.010375341400504112,0.3522407114505768,0.0048831854946911335,0.21041587021644934,0.03612374978471699,0.07988924668313287,0.002421026463635269,0.03779903199520753
42694,1225,H1_45,0,0.03424623981118202,0.10608461499214172,0.0302082858979702,0.02236761525273323,0.11368297040462494,0.032346732914447784,0.3522407114505768,0.012116567231714725,0.027663382935539084,0.14768816757864717,0.17389258228105453,0.0053789920946260205,0.07256649274236625
42695,1225,H1_45,0,0.056088488548994064,0.015537388622760773,0.03456810116767883,0.037483733147382736,0.011514448560774326,0.03121166117489338,0.3522407114505768,0.0359736792743206,0.5927112861199165,0.14870382705149612,0.15867234609699313,0.00726279868651308,0.052226994623991906
42704,1225,H1_45,0,0.001186050591059029,0.0013170300517231226,0.0008270894177258015,0.0010712179355323315,0.0005561577854678035,0.0006234335014596581,0.468757688999176,0.00038900948129594326,0.00019814258988399582,0.0,0.0,0.0001298730688558995,0.030016002842449763
42705,1225,H1_45,0,0.025066746398806572,0.003171440213918686,0.050210826098918915,0.02046486921608448,0.003913023974746466,0.00934860110282898,0.468757688999176,0.011837480589747429,0.06039760795560068,0.06731899758314684,0.06873996503013616,0.017267303115633147,0.04126125390637698
42706,1225,H1_45,0,0.0057666427455842495,0.01169122476130724,0.0034903204068541527,0.003105258336290717,0.002377441618591547,0.004308565054088831,0.468757688999176,0.002130975481122732,0.04066661943822963,0.048170990943205844,0.051194016398138975,0.0011516277584365066,0.03780911261468953
42707,1225,H1_45,0,0.0025899100583046675,0.027225317433476448,0.002312613185495138,0.002828833879902959,0.002213087398558855,0.000539541884791106,0.468757688999176,0.004317989572882652,0.00028548038984073197,0.023248245276139962,0.021096087790855346,0.0028450102235268123,0.033330336568846965
42709,1225,H1_45,0,0.01027999259531498,0.006581501569598913,0.009225909598171711,0.006611204240471125,0.011321715079247952,0.02192862518131733,0.468757688999176,0.006013038568198681,0.0013060147882473973,0.11129670817064027,0.08761252631147078,0.0025067854175099646,0.04937217416419291
42712,1225,H1_45,0,0.03642946109175682,0.09974053502082825,0.01127720158547163,0.06781516969203949,0.02616131119430065,0.03283538669347763,0.468757688999176,0.021131759509444237,0.8403031611840636,0.21248948912407067,0.1342237489177104,0.010345156491371918,0.05037445825265499
42713,1225,H1_45,0,0.001592363347299397,0.015907704830169678,0.0020763820502907038,0.0021799588575959206,0.08877768367528915,0.00025306682800874114,0.468757688999176,0.0011203164467588067,0.016017037145385896,0.014912607828275429,0.014666042164833889,0.0007397885830093635,0.032031007858255446
42714,1225,H1_45,0,0.556258499622345,0.28848162293434143,0.4271107017993927,0.7070726156234741,0.3446238338947296,0.629377543926239,0.468757688999176,0.40045028924942017,0.6387341588254822,0.3543644977226376,0.32620098907215983,0.23153555658380298,0.13470264820303143
42715,1225,H1_45,0,0.029710670933127403,0.18814615905284882,0.05959506332874298,0.027955835685133934,0.019058238714933395,0.018623650074005127,0.468757688999176,0.021961458027362823,0.14801842623504397,0.11109027780576108,0.08041330274659135,0.01127947943163398,0.04509867627816074
42716,1225,H1_45,1,0.09923577308654785,0.019634852185845375,0.08467172831296921,0.13435761630535126,0.10005643963813782,0.06339454650878906,0.468757688999176,0.10542898625135422,0.25837410208428707,0.2570983332326069,0.21596990931283955,0.02189741764339728,0.09424012003957072
42717,1225,H1_45,1,0.24732455611228943,0.19116339087486267,0.22895899415016174,0.227723628282547,0.09069158881902695,0.09938676655292511,0.468757688999176,0.14950017631053925,0.13272004854721225,0.18078117913678318,0.2246528664587286,0.09394886533206712,0.0867198722709399
42727,1225,H1_45,0,0.07223071157932281,0.04774593934416771,0.12888643145561218,0.10351584106683731,0.07362346351146698,0.05782611668109894,0.14523790776729584,0.04050653427839279,0.9486401579352691,0.18218297464093922,0.16901023507364504,0.012627635303321371,0.05033251551293844
42682,1225,H2_15,0,0.0002533821389079094,0.001923582050949335,0.00019041949417442083,0.00031193584436550736,0.0007044311496429145,0.0010266370372846723,0.29419827461242676,0.00027270030113868415,0.00014630284812625413,0.0014975247524752473,0.0008774062816616008,5.0938422881689585e-05,0.030177197154462265
42683,1225,H2_15,0,0.0014069839380681515,0.004267287906259298,0.001147934584878385,0.0019952813163399696,0.0024517958518117666,0.002562678884714842,0.29419827461242676,0.0011513233184814453,0.0035985980225952995,0.017768697485690405,0.008721603268425356,0.00028659784596391907,0.031798101198963015
42684,1225,H2_15,0,0.0001216895179823041,0.008363818749785423,0.00014072103658691049,0.0002117823314620182,0.0012121334439143538,0.0006752460612915456,0.29419827461242676,0.0002858333464246243,0.001966399587890808,0.005654277832591427,0.0011098077217320344,5.83281352899863e-05,0.030423382266774168
42685,1225,H2_15,0,0.00046876867418177426,0.019383559003472328,0.00044773780973628163,0.00045549540664069355,0.0029245130717754364,0.0003539778117556125,0.29419827461242676,0.0009079618030227721,0.0010913155018129434,0.009645970498866008,0.024180364110619305,0.00013784024528195175,0.03273825941012907
42687,1225,H2_15,0,0.0010944391833618283,0.012957006692886353,0.0015950736124068499,0.0009629274136386812,0.00438296515494585,0.0004043332883156836,0.29419827461242676,0.0021994379349052906,0.0195081017044114,0.05050962596564483,0.025374459317785966,0.0004818714241624845,0.03540403336289408
42689,1225,H2_15,0,0.0076481434516608715,0.019415635615587234,0.004681591410189867,0.011736096814274788,0.13689112663269043,0.0013454726431518793,0.29419827461242676,0.005989458411931992,7.98285171988692e-05,0.16083435276688252,0.1105533087153988,0.0026067803258241974,0.059784182913340346
42690,1225,H2_15,0,0.0015297607751563191,0.04958228021860123,0.0027425310108810663,0.0016008568927645683,0.00214725686237216,0.0010794906411319971,0.29419827461242676,0.003290618536993861,0.0005589963582238222,0.13470378022354443,0.09608842160944743,0.0007887172725028154,0.05357748285525718
42693,1225,H2_15,0,0.0025864916387945414,0.0013912413269281387,0.0033645490184426308,0.0032192084472626448,0.006645203568041325,0.0008475132053717971,0.29419827461242676,0.002319156425073743,0.004708623286632446,0.013092401741059877,0.028389808413093662,0.00034513345966306647,0.033314267255521474
42694,1225,H2_15,0,0.10590407997369766,0.019342461600899696,0.14014293253421783,0.07554348558187485,0.12909375131130219,0.10461533069610596,0.29419827461242676,0.13828472793102264,0.004856832158795094,0.07951554776109396,0.09442923269132696,0.017149969200106217,0.04508161592243318
42695,1225,H2_15,0,0.009284052066504955,0.04855780303478241,0.008271265774965286,0.008440022356808186,0.004203375428915024,0.015555129386484623,0.29419827461242676,0.014072278514504433,0.004475061522894968,0.05702318134948198,0.10276887938192802,0.005268757714098821,0.04606591485400121
42704,1225,H2_15,0,0.0008416107739321887,0.0010557888308539987,0.0006349502946250141,0.0008470485918223858,0.0005962563445791602,0.0005519379046745598,0.309002548456192,0.000435313384514302,5.523333157749981e-05,0.0,0.0012602979842243644,0.00010652202034650707,0.03012131623912635
42705,1225,H2_15,0,0.010060975328087807,0.011861092410981655,0.006951253395527601,0.007350368890911341,0.015806904062628746,0.0033501097932457924,0.309002548456192,0.004758111666887999,0.10116044052367566,0.06693275196356696,0.04624723731052813,0.0031233058470543722,0.037821901286485986
42706,1225,H2_15,0,0.0019477264722809196,0.006978223565965891,0.0013457738095894456,0.0016746694454923272,0.00286005693487823,0.0011754999868571758,0.309002548456192,0.0005580818979069591,0.042176515548552604,0.0373221300708992,0.02885979248087801,0.0002708617061414679,0.03457964399993663
42707,1225,H2_15,0,0.0012330242898315191,0.00522222276777029,0.0010492356959730387,0.0011893297778442502,0.0013953582383692265,0.000702124903909862,0.309002548456192,0.0007826131768524647,1.722367896468359e-05,0.010338036012081773,0.009045453255803066,0.0003333873509765681,0.03140845207123494
42709,1225,H2_15,0,0.011212463490664959,0.02915811911225319,0.0034856086131185293,0.005920546595007181,0.015879208222031593,0.0019696690142154694,0.309002548456192,0.002600022591650486,0.011148321544245597,0.0878268293983876,0.05956373833285026,0.0005745711916651224,0.04261888970089465
42712,1225,H2_15,0,0.04847050830721855,0.08093854039907455,0.013519290834665298,0.05536839738488197,0.018918778747320175,0.027302240952849388,0.309002548456192,0.02661479078233242,0.9398113512936999,0.14720386420892934,0.1127584073077784,0.010688302366538048,0.04026697406585943
42713,1225,H2_15,0,0.0014998605474829674,0.03212019428610802,0.002363346517086029,0.0015652850270271301,0.005032876972109079,0.000462972791865468,0.309002548456192,0.001737619866617024,0.0027285549940613742,0.04107599637222974,0.04073603417810248,0.00024245758841019173,0.03660056438049987
42714,1225,H2_15,0,0.037979379296302795,0.04614219069480896,0.024322442710399628,0.04252032935619354,0.0526331327855587,0.10339924693107605,0.309002548456192,0.019612940028309822,0.3953369238918016,0.17125091343063478,0.09377575429053171,0.014376980602198323,0.04841962163047123
42715,1225,H2_15,0,0.017300939187407494,0.1955786794424057,0.031064052134752274,0.00899586733430624,0.004691142123192549,0.0077781653963029385,0.309002548456192,0.009591122157871723,0.02486011584388215,0.05815668507854696,0.04932691020582918,0.0013597838961296196,0.03850059260910894
42716,1225,H2_15,0,0.016029823571443558,0.12188350409269333,0.0070818448439240456,0.009930064901709557,0.042323239147663116,0.0017112315399572253,0.309002548456192,0.016945475712418556,0.018270529493632406,0.14433362325586713,0.09698137744237867,0.002353371129482521,0.05420054524581488
42717,1225,H2_15,1,0.011452978476881981,0.02068188041448593,0.010833465494215488,0.014332219026982784,0.004897180013358593,0.005845431238412857,0.309002548456192,0.006822141818702221,0.00027085188830959354,0.09115775069401032,0.06886275730335226,0.004185600692926668,0.04441003940759885
42727,1225,H2_15,0,0.0021108253858983517,0.1565098613500595,0.0034371824003756046,0.0021807970479130745,0.002618602477014065,0.00347689725458622,0.09877606481313705,0.0029641559813171625,0.18566510789664906,0.03934960363742699,0.03922034571028684,0.0008719522357398486,0.03404765202158332
42682,1225,H2_30,0,0.0004042033979203552,0.0012962494511157274,0.0003148374962620437,0.0004722233861684799,0.002232707804068923,0.0012668896233662963,0.34330713748931885,0.00042484127334319055,0.00021240490066889368,0.002857075314273,0.0,5.38414302796026e-05,0.03018137093103036
42683,1225,H2_30,0,0.000718653725925833,0.014518430456519127,0.000895259843673557,0.0005644906195811927,0.01579343155026436,0.0018739374354481697,0.34330713748931885,0.0009116734145209193,0.004712156460714202,0.0249581461276933,0.018972432238882977,0.0007810362002880497,0.03320750068738682
42684,1225,H2_30,0,0.0010882942005991936,0.002034978475421667,0.0005734903970733285,0.0007597683579660952,0.015669120475649834,0.0007203480345197022,0.34330713748931885,0.0005978146218694746,0.0033304497629687503,0.014502520679505701,0.017150014386965187,0.00011758153552556211,0.032369773249375074
42685,1225,H2_30,0,0.0004560958768706769,0.005534166935831308,0.00044041519868187606,0.000518727523740381,0.0018355331849306822,0.002076335484161973,0.34330713748931885,0.00027016678359359503,0.0005891991806459334,0.02040607271166789,0.015555167973388748,5.612633752103932e-05,0.03263291348145361
42687,1225,H2_30,0,0.0010979159269481897,0.04344862699508667,0.0008564766030758619,0.0014568668557330966,0.18460360169410706,0.00039820949314162135,0.34330713748931885,0.0008896767976693809,0.15388665872884133,0.052605816803687845,0.04023002983061488,0.0001403421908286851,0.035450116887739885
42689,1225,H2_30,0,0.006478241179138422,0.10966561734676361,0.0037241564132273197,0.011875906959176064,0.07392163574695587,0.0026890761218965054,0.34330713748931885,0.017322963103652,0.0019598601956875724,0.19963806379354518,0.12067915680818073,0.0049378575398725194,0.06743462562685226
42690,1225,H2_30,0,0.008697789162397385,0.02519283816218376,0.009294280782341957,0.008871601894497871,0.31720975041389465,0.002052554627880454,0.34330713748931885,0.012532757595181465,0.0076411084884965815,0.1357243233819504,0.14991973958279034,0.001968155058318708,0.06500968947604034
42691,1225,H2_30,0,0.2322595864534378,0.32803696393966675,0.20399951934814453,0.21784837543964386,0.1232079565525055,0.7320840954780579,0.007343289442360401,0.17621061205863953,0.939445958796065,0.1874458238228089,0.2713926960640825,0.055731367535548554,0.06890792264067147
42693,1225,H2_30,0,0.001343334442935884,0.0015806170413270593,0.0010014595463871956,0.0018593568820506334,0.005262813996523619,0.0010372274555265903,0.34330713748931885,0.001953989500179887,0.009057626898208476,0.013394194940247918,0.021470109958226808,0.00122597737772039,0.03263476544265345
42695,1225,H2_30,0,0.02047180011868477,0.07056963443756104,0.011681574396789074,0.01623033545911312,0.048870522528886795,0.005822589620947838,0.34330713748931885,0.04177675023674965,0.10114817907198725,0.06161809758722853,0.08583168576047054,0.004916474497369053,0.04181257030542974
42704,1225,H2_30,0,0.0009698300273157656,0.0010557888308539987,0.0007639224641025066,0.000914533156901598,0.0006192467408254743,0.0007432873244397342,0.2174251824617386,0.0005439446540549397,9.088608080475836e-05,0.0,0.0,0.00013662740566439246,0.03001551132142452
42705,1225,H2_30,0,0.0038439936470240355,0.013972294516861439,0.006113902665674686,0.0065384129993617535,0.0019418355077505112,0.005293481983244419,0.2174251824617386,0.005748368334025145,0.07634054814074175,0.022224111440998714,0.03091037169017411,0.003580427096975581,0.033337067211252326
42706,1225,H2_30,0,0.002082733903080225,0.0033073967788368464,0.0019065275555476546,0.0017579048871994019,0.00450933026149869,0.008907156996428967,0.2174251824617386,0.0011833248427137733,0.016759096738249015,0.04967195832139904,0.03455580808236326,0.001478603341354056,0.0363852963757015
42707,1225,H2_30,0,0.001635549240745604,0.0054497504606842995,0.0021856208331882954,0.0017117343377321959,0.0013072616420686245,0.0005962000577710569,0.2174251824617386,0.0022470324765890837,7.31611249558033e-05,0.0029950495049504947,0.008487259934701117,0.001511862241214582,0.03090691040998873
42709,1225,H2_30,0,0.0033076026011258364,0.015248370356857777,0.0012761105317622423,0.005059479735791683,0.002149230567738414,0.005833328701555729,0.2174251824617386,0.002379525685682893,0.013090985620409059,0.09745609253879098,0.06689487332148342,0.0008594557645568584,0.04451597085906067
42710,1225,H2_30,0,0.06811352074146271,0.04401233792304993,0.07287212461233139,0.07830797135829926,0.026322605088353157,0.03261198103427887,0.5047366619110107,0.03199773281812668,0.4143768127087208,0.176384949425416,0.16527289165663742,0.015844472288165608,0.061467333970590086
42712,1225,H2_30,0,0.009162021800875664,0.06959416717290878,0.006928693037480116,0.012947367504239082,0.006391439586877823,0.015595602802932262,0.2174251824617386,0.0031113058794289827,0.9083605177111057,0.135027148582606,0.09521841280693441,0.0007536656901262249,0.038069198346571485
42713,1225,H2_30,0,0.0004600452957674861,0.00826557632535696,0.00047338142758235335,0.0005063629359938204,0.0009901182493194938,0.0010084813693538308,0.2174251824617386,0.0003755151992663741,0.00017029721114980565,0.004354600066748247,0.012261991315102241,7.87729317348632e-05,0.031326244341574105
42715,1225,H2_30,0,0.004332174081355333,0.0935218557715416,0.004714755807071924,0.0013327758060768247,0.0029061781242489815,0.0028580285143107176,0.2174251824617386,0.0035280759911984205,0.011724617735298811,0.04920239680032213,0.052050452672198405,0.0031162696263846855,0.03840765662953016
42716,1225,H2_30,0,0.012187023647129536,0.1456795185804367,0.008347410708665848,0.014935147017240524,0.0192632507532835,0.008284073323011398,0.2174251824617386,0.024810664355754852,0.003987125443673226,0.18030131279155417,0.11024766764822701,0.01106867035222976,0.061919379417373265
42717,1225,H2_30,0,0.06954117119312286,0.13771548867225647,0.08604880422353745,0.07517822086811066,0.054849229753017426,0.004672938026487827,0.2174251824617386,0.11354894191026688,0.06395721525976711,0.14851136199596893,0.11317701362855245,0.04367108082284878,0.05519375674728603
42727,1225,H2_30,0,0.0021056020632386208,0.1205325722694397,0.0029005666729062796,0.003140543820336461,0.001700970227830112,0.00305933621712029,0.07951267808675766,0.0010287071345373988,0.21055362399701422,0.060523800306232604,0.03104925236824614,0.00036675839371049136,0.03440941774757525
42682,1225,H2_45,0,0.0012181155616417527,0.001072874409146607,0.0009672563755884767,0.0016312507214024663,0.007341266609728336,0.0016830979147925973,0.28676512837409973,0.0010410784743726254,0.003151676667226196,0.005697274025281774,0.012312367421975062,0.00021498421980257852,0.03137667516752856
42683,1225,H2_45,0,0.0007612620247527957,0.008662334643304348,0.002239447319880128,0.0012870591599494219,0.004323121625930071,0.0004820629255846143,0.28676512837409973,0.001222851686179638,0.1459155553673297,0.01651928027905888,0.018124155353357905,0.00021691627457030944,0.031108015100619488
42684,1225,H2_45,0,0.00013894436415284872,0.0617036335170269,0.00017119193216785789,0.00011937969975406304,0.003214699449017644,0.0006593040889129043,0.28676512837409973,0.0002198634174419567,0.0006723159070494897,0.05607826051792989,0.023923085145952348,4.4737553526554604e-05,0.035908214414984534
42685,1225,H2_45,0,0.0013410206884145737,0.013272139243781567,0.0005790391005575657,0.00131046655587852,0.004651739727705717,0.00271251006051898,0.28676512837409973,0.000540102191735059,0.0024012057446071476,0.024117323752861363,0.014556205849789838,0.0003903371976889831,0.03275890114041317
42687,1225,H2_45,0,0.0003573840076569468,0.01203539501875639,0.00031027605291455984,0.00046975791337899864,0.04268403723835945,0.00027327367570251226,0.28676512837409973,0.0009042498422786593,0.011007323743946714,0.03425202519076461,0.04138698355820812,0.00015097242034684024,0.03606778248281689
42689,1225,H2_45,0,0.017786653712391853,0.043456774204969406,0.00792786106467247,0.015042678453028202,0.04116707667708397,0.00984478835016489,0.28676512837409973,0.013005088083446026,0.03769914849351845,0.1411861067234062,0.12767503418593654,0.003604900833839209,0.0596630774660117
42690,1225,H2_45,0,0.043266214430332184,0.02730133756995201,0.06569752842187881,0.03304434195160866,0.17558148503303528,0.009984234347939491,0.28676512837409973,0.07230136543512344,0.07718246812069923,0.18447364676192027,0.16369977086369647,0.01665208234139652,0.07245717772517839
42691,1225,H2_45,0,0.23682600259780884,0.09627686440944672,0.40598270297050476,0.38349905610084534,0.04708061367273331,0.39339518547058105,0.013713055290281773,0.1766790896654129,0.4885747777475417,0.1543901061084102,0.21436739117457174,0.06755293814355448,0.06463226717795693
42693,1225,H2_45,0,0.0011825580149888992,0.001251545618288219,0.0005091281491331756,0.0014323123032227159,0.011389320716261864,0.0005471133626997471,0.28676512837409973,0.0007000647019594908,0.0008927408442440614,0.022488114803007914,0.029257136938545848,0.0001947386284203469,0.034094742546994336
42695,1225,H2_45,0,0.007145867217332125,0.023505298420786858,0.004196440801024437,0.003820883110165596,0.013014810159802437,0.0018482174491509795,0.28676512837409973,0.006684759631752968,0.8093634779014383,0.11773163823628822,0.08214967678100966,0.0014758530498171424,0.03661220275745621
42704,1225,H2_45,0,0.0008407463319599628,0.0010557888308539987,0.0006729615270160139,0.0008907154551707208,0.00048505570157431066,0.0006837883847765625,0.1820986419916153,0.0003955633146688342,8.371991672914027e-05,0.0,0.0,0.00013266583782602025,0.030017045936533353
42705,1225,H2_45,0,0.01548384316265583,0.01131922286003828,0.008369836024940014,0.021649746224284172,0.03090052679181099,0.00647654477506876,0.1820986419916153,0.01501326635479927,0.04897475323506535,0.04253518418824658,0.04777208358262996,0.01909549271719737,0.03688402995755543
42707,1225,H2_45,0,0.0005299371550790966,0.018866002559661865,0.0007970849401317537,0.00036223523784428835,0.003995180130004883,0.0007312698289752007,0.1820986419916153,0.0009650021675042808,2.3484452022615272e-05,0.004354600066748248,0.010462365831550373,0.0004297051687864696,0.03116592671809672
42709,1225,H2_45,0,0.008555716834962368,0.01435002125799656,0.0055591329000890255,0.01803133264183998,0.03893132507801056,0.0043395813554525375,0.1820986419916153,0.006172691471874714,0.8028479701619005,0.20855764309276562,0.1069807189507308,0.006536473849667931,0.04689998573363973
42710,1225,H2_45,0,0.1164785772562027,0.05201246961951256,0.13818788528442383,0.11999234557151794,0.06978881359100342,0.10913365334272385,0.15054549276828766,0.11217232048511505,0.8410342019266985,0.1423652383822769,0.19382381707905336,0.03544894316625446,0.05126034056193054
42711,1225,H2_45,0,0.23741616308689117,0.04707756265997887,0.27831628918647766,0.2936388850212097,0.2921980023384094,0.2221313714981079,0.2415359765291214,0.08229561895132065,0.16621134585053032,0.22850039768162703,0.26461646348629575,0.08996004734882375,0.11415336859165522
42712,1225,H2_45,0,0.09797025471925735,0.07189832627773285,0.06452757865190506,0.09975012391805649,0.1234193816781044,0.034461669623851776,0.1820986419916153,0.09693481773138046,0.9769530188010828,0.12229230508517995,0.1224518925043109,0.0938723767113754,0.039190311274799626
42713,1225,H2_45,0,0.0001527427084511146,0.007222574204206467,0.00020901058451272547,0.00023107972810976207,0.000653289258480072,0.0007073388551361859,0.1820986419916153,0.00020298888557590544,0.0003136889427611272,0.004420255629803262,0.006563616796613175,7.979402358724417e-05,0.030832374876688533
42715,1225,H2_45,0,0.0009878582786768675,0.022097986191511154,0.0008312846184708178,0.0005316122551448643,0.001221117447130382,0.00301980203948915,0.1820986419916153,0.0006691059097647667,7.679169220574969e-05,0.03249889483796274,0.023524749123041207,0.00010524591310187834,0.03421145984657563
42717,1225,H2_45,0,0.008848617784678936,0.05800022557377815,0.0074274130165576935,0.014301051385700703,0.008901833556592464,0.006865025497972965,0.1820986419916153,0.006777109578251839,0.00021231855198978317,0.18149676875831625,0.09243059337461332,0.002217132993618873,0.058596998348993616
42722,1225,H2_45,0,0.000671123678330332,0.01175959687680006,0.0009688879363238811,0.0007905071252025664,0.003400244517251849,0.00039625982753932476,0.2561461627483368,0.0012078897561877966,0.06641337273190433,0.012833518188242375,0.03380853369316093,0.0002639806276118347,0.033129620101958135
42727,1225,H2_45,0,0.0015740793896839023,0.13215762376785278,0.0015096492134034634,0.0034478434827178717,0.010585281066596508,0.007607892621308565,0.09936107695102692,0.003029261715710163,0.3535309731026796,0.07778149334085536,0.0576865971516845,0.00095173276735026,0.03660128574617522
42682,1225,ET1_15,0,0.001215604948811233,0.001072874409146607,0.0010163820115849376,0.0014060790417715907,0.0016434493009001017,0.0017722506308928132,0.34499675035476685,0.0008291762205772102,8.358113000489393e-05,0.0,0.002331345811243417,0.00018100057788716196,0.030207095949943964
42683,1225,ET1_15,0,0.0016816515708342195,0.04276568815112114,0.0012604172807186842,0.0025401199236512184,0.021828139200806618,0.000433236884418875,0.34499675035476685,0.002536611631512642,0.07199018257110114,0.0299216502222278,0.01737497593724003,0.0010392800707301924,0.03262124952743467
42684,1225,ET1_15,0,0.0003456492268014699,0.00590033084154129,0.00046095598372630775,0.0003735706559382379,0.0017882738029584289,0.0006200132193043828,0.34499675035476685,0.00037634323234669864,0.024355822470001818,0.09991393553404533,0.0434682417148783,7.828699883967613e-05,0.04132820088295873
42685,1225,ET1_15,0,0.0007338787545450032,0.021234771236777306,0.000485662225401029,0.0008059108513407409,0.0009752598125487566,0.0018154520075768232,0.34499675035476685,0.0003508907393552363,0.002532325307201561,0.014317264564477605,0.0037136359614596986,5.817452309451572e-05,0.031159337144070712
42688,1225,ET1_15,0,0.017769841477274895,0.0049736821092665195,0.012806586921215057,0.010946208611130714,0.013694694265723228,0.01152823120355606,0.0244812723249197,0.009207707829773426,0.24530311667494903,0.10247383204760253,0.12061756336623405,0.0025183734369623196,0.048679997421848094
42691,1225,ET1_15,0,0.06337001919746399,0.015553061850368977,0.07011789083480835,0.20451952517032623,0.007904318161308765,0.09380996972322464,0.02377469278872013,0.06829612702131271,0.8436182024545057,0.09071952848834502,0.1207584801546278,0.04085018930189215,0.03791168206892294
42693,1225,ET1_15,0,0.0007196125225163996,0.009908640757203102,0.0007341575110331178,0.0004133775655645877,0.0020472754258662462,0.0004180143296252936,0.34499675035476685,0.0007631599437445402,0.01293055626513069,0.022299666311437337,0.03283636615216687,0.0001521980619687877,0.03429747934626693
42697,1225,ET1_15,0,0.0015897548291832209,0.008663526736199856,0.001851129811257124,0.002217340050265193,0.0027748739812523127,0.00525694340467453,0.0244812723249197,0.0015165588119998574,0.0036227947955646497,0.08806782455296647,0.05468484694799043,0.00023756956172539472,0.04211532395365567
42701,1225,ET1_15,0,0.012381364591419697,0.2802833616733551,0.010456403717398643,0.024391915649175644,0.010560967959463596,0.02194880321621895,0.016742412000894547,0.019412502646446228,0.12084684285413838,0.10729466000941064,0.08102022007633851,0.009585842309873891,0.04535065835473614
42702,1225,ET1_15,0,0.011725172400474548,0.23031361401081085,0.005910317879170179,0.008775640279054642,0.012274212203919888,0.015512819401919842,0.016742412000894547,0.007427391596138477,0.48622285966289097,0.07772447131093414,0.055005350115162416,0.001421777554341172,0.03476180221907657
42704,1225,ET1_15,0,0.0006627788534387946,0.002621601801365614,0.00044766455539502203,0.0005639910814352334,0.0010478711919859052,0.00047716221888549626,0.2135504186153412,0.0003881820884998888,0.0005235707817533403,0.001577574967405476,0.002764064837349205,0.00020257707890175146,0.03033654888861796
42705,1225,ET1_15,0,0.0038204670418053865,0.008781781420111656,0.002246598480269313,0.003215033793821931,0.0065833632834255695,0.001804390805773437,0.2135504186153412,0.0015152443666011095,0.1559026294361194,0.04128499335780473,0.03231212800035711,0.001701857689071214,0.0338684806219396
42707,1225,ET1_15,0,0.0007114011677913368,0.0005018432857468724,0.0006445689941756427,0.0007412098348140717,0.0001459169725421816,0.00019094037998002023,0.2135504186153412,0.0004112856404390186,7.1995660540303335e-06,0.013688877343808208,0.013419642993029302,0.00020593202372181914,0.03201336989062951
42710,1225,ET1_15,0,0.07813503593206406,0.08996322751045227,0.0525759719312191,0.042349133640527725,0.043660398572683334,0.01784650608897209,0.26691803336143494,0.018674910068511963,0.015795215321550184,0.254572539069883,0.2024258385506598,0.005923212739563745,0.10477692526836574
42711,1225,ET1_15,0,0.11115560680627823,0.029567435383796692,0.17367790639400482,0.04371515288949013,0.050334203988313675,0.15078432857990265,0.30899134278297424,0.09282606095075607,0.2219576382750441,0.2512075571501501,0.20401567520352745,0.1535165982344283,0.09203898551855172
42712,1225,ET1_15,0,0.04804060608148575,0.07107116281986237,0.05902910232543945,0.05603144317865372,0.032863423228263855,0.04854239523410797,0.2135504186153412,0.05818092077970505,0.9966608423931014,0.18390324832816282,0.13239822764857356,0.011671828200058664,0.04434793940052389
42713,1225,ET1_15,0,0.0006476450944319367,0.005628193728625774,0.0007539582438766956,0.0007913169683888555,0.004517662338912487,0.000594603770878166,0.2135504186153412,0.0010547919664531946,0.00020711313345216054,0.012831288683780065,0.03575622069370267,0.00030171614088437025,0.03409521374511105
42715,1225,ET1_15,0,0.00645584799349308,0.0785411149263382,0.006805767770856619,0.0020985552109777927,0.0233733132481575,0.0035888899583369493,0.2135504186153412,0.002333397977054119,0.0008560666234008532,0.11468520351037732,0.06526989507577652,0.003352474105460614,0.04618869717231947
42717,1225,ET1_15,0,0.013558429665863514,0.04686485975980759,0.011799057014286518,0.013717448338866234,0.04450799897313118,0.011251878924667835,0.2135504186153412,0.03224907070398331,0.026045073032530744,0.23448535188514422,0.16136125407628402,0.014131254051444244,0.08399930397028832
42719,1225,ET1_15,0,0.6450554132461548,0.0836842954158783,0.67094486951828,0.7237333655357361,0.2648009955883026,0.23661915957927704,0.32479628920555115,0.8223071694374084,0.8940344391292597,0.43705727625730467,0.2807584362935059,0.8773256719641632,0.12016586298091442
42722,1225,ET1_15,0,0.004937528632581234,0.004309344105422497,0.0039809993468225,0.0034588577691465616,0.002896510763093829,0.006968819536268711,0.20157422125339508,0.0012980124447494745,0.0196498374122147,0.036834654075756174,0.018190626619941686,0.0005390577745048094,0.0337428708312791
42727,1225,ET1_15,0,0.0030541294254362583,0.036805007606744766,0.0033239093609154224,0.003687693504616618,0.04324977844953537,0.003913442138582468,0.1648203283548355,0.002026058267802,0.4529751452115573,0.07153340472670479,0.03875393806339784,0.0009504112019774882,0.03326850305220616
43972,1237,H1_15,0,0.004490600898861885,0.0023207124322652817,0.004058151971548796,0.0039026110898703337,0.0012281166855245829,0.00625964580103755,0.32273921370506287,0.0010560473892837763,0.00103704258362543,0.0,0.0,0.000394001967166069,0.03428820341922623
43973,1237,H1_15,0,0.04792359471321106,0.08295939117670059,0.028307661414146423,0.035102564841508865,0.12536877393722534,0.05271197482943535,0.32273921370506287,0.04876048117876053,0.6692585746301098,0.15890235444109185,0.16340674384959636,0.015120191307776948,0.06238467585546444
43974,1237,H1_15,0,0.010108373127877712,0.12159830331802368,0.007462974637746811,0.005473760887980461,0.04289854317903519,0.00428787199780345,0.32273921370506287,0.012976444326341152,0.1451196011107996,0.057146677230419926,0.08765345608365911,0.0028060632800844137,0.046934912147202607
43975,1237,H1_15,0,0.02184876799583435,0.14831674098968506,0.02462984248995781,0.016717711463570595,0.019452417269349098,0.024073945358395576,0.32273921370506287,0.01584765315055847,0.25087483593775445,0.11343957238166591,0.08093099251384261,0.005516161188019691,0.05087243580767146
43976,1237,H1_15,1,0.751571774482727,0.03554108738899231,0.7300037145614624,0.7026591897010803,0.46471577882766724,0.9049663543701172,0.32273921370506287,0.505029022693634,0.974786738165614,0.29807219212474767,0.33919010829692525,0.239610045883127,0.15180455323868255
43977,1237,H1_15,0,0.01850825920701027,0.7487871050834656,0.018037188798189163,0.008507146500051022,0.022624127566814423,0.028069766238331795,0.32273921370506287,0.011508099734783173,0.48282865641750067,0.17248708223984144,0.10888140132743075,0.001833332570355998,0.05808431035515965
43978,1237,H1_15,0,0.042061783373355865,0.2432103157043457,0.057674143463373184,0.04633922874927521,0.025889646261930466,0.07340691238641739,0.32273921370506287,0.055953335016965866,0.07504776159792498,0.0920219203144837,0.11134467938621427,0.01568947289302181,0.05568753397865897
43979,1237,H1_15,0,0.10386427491903305,0.16393472254276276,0.11017171293497086,0.08807837218046188,0.12296918779611588,0.0948452278971672,0.32273921370506287,0.1806272268295288,0.4417869613587137,0.28108688936073695,0.3131232541368812,0.10682333920939018,0.1367212410076387
43982,1237,H1_15,0,0.056465670466423035,0.23220667243003845,0.08421624451875687,0.07290852069854736,0.27855923771858215,0.032935719937086105,0.32273921370506287,0.09779048711061478,0.5561238167428603,0.24786030442434717,0.21874540189317657,0.08027299640553429,0.0966092476298197
43985,1237,H1_15,0,0.012035820633172989,0.03558461368083954,0.007256115321069956,0.008972647599875927,0.03124947100877762,0.003263961523771286,0.32273921370506287,0.005968306213617325,0.8309526069696498,0.20831456725391825,0.11482305451845692,0.0017385214755382813,0.05815903020867339
43986,1237,H1_15,0,0.009962637908756733,0.1664016842842102,0.007821496576070786,0.0050428868271410465,0.011300912126898766,0.01763264648616314,0.32273921370506287,0.0069923861883580685,0.033539835833393906,0.06701024723610294,0.07880103916771446,0.0024758706276094456,0.04846558630136766
43987,1237,H1_15,0,0.013221366330981255,0.052730072289705276,0.008063127286732197,0.011129871942102909,0.02086585946381092,0.01581125147640705,0.6143956184387207,0.006695155519992113,0.015694207254594902,0.02579306756553848,0.016301425696838817,0.002286593789558861,0.03781646894668039
43988,1237,H1_15,0,0.014395400881767273,0.0771879255771637,0.01634974218904972,0.006495069246739149,0.03632897138595581,0.008601125329732895,0.6143956184387207,0.021724605932831764,0.4319424998647973,0.07974949252549873,0.0726020504415205,0.005056379802675876,0.043831508185251285
43989,1237,H1_15,0,0.05433729290962219,0.06869325041770935,0.02761257439851761,0.07151374220848083,0.0639105960726738,0.050254836678504944,0.6143956184387207,0.016166890040040016,0.36878070121564227,0.0859444963900608,0.09513497303947316,0.004621595064287703,0.04793499573621498
43990,1237,H1_15,0,0.007477788254618645,0.09390825778245926,0.011815330013632774,0.011393595486879349,0.02783595584332943,0.003633751766756177,0.6143956184387207,0.015125763602554798,0.618580916926746,0.08131448353378022,0.06900665813148592,0.0018457039287375816,0.04122882482295329
43993,1237,H1_15,0,0.2152411788702011,0.3714599311351776,0.2818049490451813,0.3226490318775177,0.7403877973556519,0.12585756182670593,0.6143956184387207,0.6164034008979797,0.9938339283770797,0.5317079360231631,0.35700586239938553,0.7211770734209333,0.38430686339738934
43994,1237,H1_15,0,0.036343757063150406,0.03145342320203781,0.04121318832039833,0.05590609833598137,0.39668208360671997,0.010798702947795391,0.6143956184387207,0.1266285628080368,0.8100466284229332,0.2975352958450387,0.1954238230834114,0.07082047921659977,0.09381953494472002
43996,1237,H1_15,0,0.008013388141989708,0.01406231801956892,0.007550148759037256,0.004840751178562641,0.0634576752781868,0.008725985884666443,0.6143956184387207,0.006773693021386862,0.2563794392994539,0.11346352510417722,0.07493646019801235,0.0030209561346387376,0.04990223337430344
43997,1237,H1_15,0,0.2846639156341553,0.6880592107772827,0.25693389773368835,0.19297944009304047,0.032138898968696594,0.04343399778008461,0.6143956184387207,0.3811092674732208,0.9768230872322691,0.2740323973094942,0.20330951501252412,0.16361617747435359,0.0963751786723676
43998,1237,H1_15,0,0.6582242846488953,0.06987497955560684,0.5925375819206238,0.6387870907783508,0.451477974653244,0.3500713109970093,0.6143956184387207,0.3668113052845001,0.3820184443786068,0.3229973239471291,0.3599639170371363,0.8223800434077291,0.35522967791377297
43999,1237,H1_15,0,0.0080724461004138,0.02999354526400566,0.006461916491389275,0.012416906654834747,0.033725105226039886,0.0051255011931061745,0.6143956184387207,0.012961647473275661,0.26463734703403663,0.2342573995250376,0.13726143721889802,0.007151390921003572,0.07632135193301352
44001,1237,H1_15,0,0.009017939679324627,0.4540477395057678,0.012278623878955841,0.008512981235980988,0.06719916313886642,0.005950053222477436,0.6143956184387207,0.015988031402230263,0.9638519524339265,0.1880294521866437,0.19503391400231948,0.004258052107557413,0.06599475179926723
43972,1237,H1_30,0,0.0028331491630524397,0.0023207124322652817,0.003408229909837246,0.002646378008648753,0.0013485579984262586,0.0036565216723829508,0.19855882227420807,0.0008628626819700003,0.000717692406990359,0.0,0.0,0.0003242488362672797,0.0342890498819653
43973,1237,H1_30,0,0.0067179822362959385,0.00614195317029953,0.004129257518798113,0.00133353506680578,0.007657591253519058,0.011763173155486584,0.19855882227420807,0.0017488310113549232,0.013728570041988821,0.04775839011850581,0.05103050498134329,0.0002475126330256362,0.043386211751410976
43974,1237,H1_30,0,0.0003953623818233609,0.07783930748701096,0.0004376428260002285,0.00033277078182436526,0.022668838500976562,0.0006699248333461583,0.19855882227420807,0.0007465402595698833,0.024783621056981488,0.049880635447516544,0.01140223493430701,0.00014511503028624456,0.03922575058778873
43975,1237,H1_30,0,0.012252621352672577,0.05803336575627327,0.012951085343956947,0.018233828246593475,0.016181647777557373,0.06695150583982468,0.19855882227420807,0.007367659360170364,0.2614170210176642,0.038549011900243416,0.05946676434698235,0.0018754795092304974,0.040445252993878404
43976,1237,H1_30,1,0.24854445457458496,0.056249648332595825,0.2307586371898651,0.32514047622680664,0.4386645257472992,0.14189444482326508,0.19855882227420807,0.19683364033699036,0.508449230794511,0.1487531175465447,0.19135399359644764,0.05548767993009471,0.07100332523719119
43977,1237,H1_30,0,0.007827912457287312,0.02165411040186882,0.010988947004079819,0.00499688321724534,0.07914518564939499,0.012411399744451046,0.19855882227420807,0.0037510741967707872,0.018071048299566832,0.1168189814110908,0.09640945819550105,0.0005413608596920677,0.05674624158451581
43978,1237,H1_30,0,0.012139362283051014,0.09304486215114594,0.02421696111559868,0.008931055665016174,0.020151687785983086,0.014426358975470066,0.19855882227420807,0.008506949990987778,0.004954351593286238,0.06526715037132626,0.07772653113769618,0.002836269495010989,0.04857157432061068
43979,1237,H1_30,0,0.06901168823242188,0.4450407028198242,0.08705160766839981,0.03810373693704605,0.1768483966588974,0.10549576580524445,0.19855882227420807,0.08554903417825699,0.03940824359449479,0.2718253769472261,0.22052185142408798,0.017030083951394846,0.10855093346657102
43982,1237,H1_30,0,0.03220084682106972,0.12206369638442993,0.021771445870399475,0.018797891214489937,0.05328192189335823,0.020560896024107933,0.19855882227420807,0.018804075196385384,0.30439954693966237,0.11604988818686868,0.1720489527611322,0.0048815385095354645,0.06346665884093593
43985,1237,H1_30,0,0.014526715502142906,0.03605801239609718,0.009725086390972137,0.007723907940089703,0.007106010802090168,0.015581883490085602,0.19855882227420807,0.0030043073929846287,0.017388784328651274,0.07572380099005345,0.06261609401520203,0.0016672114110118103,0.047601864377590807
43986,1237,H1_30,0,0.00648058345541358,0.09727300703525543,0.004719074349850416,0.0040961382910609245,0.006612526252865791,0.0041716028936207294,0.19855882227420807,0.00622771680355072,0.10084848937346064,0.04447439571680497,0.03659204596009322,0.001682986818815741,0.04048954707623365
43987,1237,H1_30,0,0.004534861072897911,0.003635589499026537,0.002688703825697303,0.0014456110075116158,0.0030917387921363115,0.0011762684443965554,0.6368104815483093,0.0014671925455331802,0.010781845093667511,0.01745226244006676,0.020913740959944842,0.0006115235574117076,0.03755090269273997
43988,1237,H1_30,0,0.07047661393880844,0.07505708932876587,0.10388990491628647,0.03631725534796715,0.1304197460412979,0.04372237250208855,0.6368104815483093,0.08213583379983902,0.5625783257602255,0.14760568991892262,0.1410212604591089,0.021827655689275804,0.059505865567129355
43989,1237,H1_30,0,0.024095255881547928,0.006290584336966276,0.02983766794204712,0.037451405078172684,0.13398009538650513,0.006222242023795843,0.6368104815483093,0.034125689417123795,0.9676515323847671,0.09923014328385703,0.13602146138371377,0.03795396915537457,0.04869339748085261
43990,1237,H1_30,0,0.004619081504642963,0.10132104903459549,0.003987912088632584,0.0033950498327612877,0.045305490493774414,0.0020239592995494604,0.6368104815483093,0.008350769989192486,0.538852453242414,0.13330752970490026,0.06763058325624585,0.002666198791870655,0.04725555212509872
43993,1237,H1_30,0,0.06912878900766373,0.34502625465393066,0.06864207237958908,0.10175228118896484,0.20835864543914795,0.04947790876030922,0.6368104815483093,0.16964520514011383,0.955078943032444,0.41082183864599797,0.2586358569134905,0.06087787332658204,0.13116110733072173
43994,1237,H1_30,0,0.029451502487063408,0.1021200567483902,0.028483537957072258,0.01717301458120346,0.0229951161891222,0.04653400555253029,0.6368104815483093,0.01794130727648735,0.8682268476876228,0.21692721496150005,0.13062051900955923,0.004458663661472486,0.06124582082162227
43996,1237,H1_30,0,0.0025630651507526636,0.10417177528142929,0.004009786527603865,0.0030853389762341976,0.01135928276926279,0.001235464820638299,0.6368104815483093,0.007916299626231194,0.5107850766345414,0.04170151198238419,0.050822078334349055,0.001063902056495051,0.03705786548512705
43997,1237,H1_30,0,0.04485888034105301,0.4870162904262543,0.04773719608783722,0.017387619242072105,0.05821183696389198,0.010944251902401447,0.6368104815483093,0.06280028074979782,0.928780933401775,0.2301259843601528,0.15389341470182336,0.023211200803886545,0.06717119799371726
43998,1237,H1_30,0,0.1138869971036911,0.18974339962005615,0.07192056626081467,0.10658200085163116,0.08663839101791382,0.07844945788383484,0.6368104815483093,0.05498216673731804,0.7906795858721394,0.27974340258316577,0.1962019141451593,0.028778236939473636,0.08671925335281011
43999,1237,H1_30,0,0.006967357359826565,0.06922692060470581,0.005278886761516333,0.006316366605460644,0.0079326331615448,0.0009046894265338778,0.6368104815483093,0.0022963164374232292,0.8138453803477279,0.1082973993753743,0.06572260711334485,0.001009820710583035,0.04120384997292346
44001,1237,H1_30,0,0.008729991503059864,0.06332148611545563,0.00863957405090332,0.007283279672265053,0.02571406029164791,0.003578142961487174,0.6368104815483093,0.008492687717080116,0.37327833950864675,0.0724192452930251,0.03320510135116578,0.0025741963695905777,0.03951791754632198
43972,1237,H1_45,0,0.0046295663341879845,0.0023207124322652817,0.005227968562394381,0.004486707970499992,0.003243018174543977,0.0035068411380052567,0.18694087862968445,0.0009859453421086073,9.569863159508652e-05,0.0013185132909903552,0.0037144888662388135,0.0003646806920486551,0.03473269598481945
43973,1237,H1_45,0,0.012506330385804176,0.008252500556409359,0.013866386376321316,0.005032924935221672,0.03779033198952675,0.023167964071035385,0.18694087862968445,0.009397853165864944,0.015984660698053224,0.039282866339573015,0.05923593315814697,0.0015592756299499144,0.04349798432960846
43974,1237,H1_45,0,0.003562551224604249,0.28706032037734985,0.004104859661310911,0.0018640024354681373,0.015500095672905445,0.001613516011275351,0.18694087862968445,0.006690927315503359,0.528807284812291,0.0539362837283252,0.045007242863398446,0.0005387918785712293,0.03731276879777042
43975,1237,H1_45,0,0.004762869793921709,0.14529083669185638,0.0068638199009001255,0.00659416476264596,0.07760199159383774,0.010209469124674797,0.18694087862968445,0.004718792624771595,0.07309182086377108,0.032000375033189164,0.05188072940762835,0.001955199525335588,0.04131439847507383
43976,1237,H1_45,0,0.1270076483488083,0.10325626283884048,0.11246256530284882,0.10168943554162979,0.20163199305534363,0.12667323648929596,0.18694087862968445,0.1448497772216797,0.3204080571135472,0.20751197364149288,0.21810690988986034,0.027288466493498347,0.08791141511435963
43977,1237,H1_45,0,0.017524467781186104,0.027452778071165085,0.02949974127113819,0.031962715089321136,0.1841294914484024,0.06723324954509735,0.18694087862968445,0.01982136443257332,0.07894147731360263,0.15783314544099392,0.13738139236152158,0.010054392191488563,0.06834285329420177
43978,1237,H1_45,0,0.002496167318895459,0.004495679400861263,0.003067069686949253,0.002552088350057602,0.0023058271035552025,0.006503117736428976,0.18694087862968445,0.003322926815599203,2.0546392481008074e-06,0.08619383480181281,0.08538318177721442,0.0014684354800389245,0.051896874714805
43979,1237,H1_45,0,0.025720110163092613,0.014425070025026798,0.018866010010242462,0.02566910907626152,0.044993337243795395,0.08716511726379395,0.18694087862968445,0.006626830901950598,0.0014142800639857227,0.2211529275832373,0.21032609119626774,0.008481551181151788,0.09576743771932102
43982,1237,H1_45,0,0.01595296710729599,0.029927317053079605,0.008116262964904308,0.007680505979806185,0.01619199849665165,0.012645895592868328,0.18694087862968445,0.006151601672172546,0.020385707622042556,0.09385192524172506,0.12537783117829748,0.0022872184842558383,0.05813239648124067
43985,1237,H1_45,0,0.00796335469931364,0.12798625230789185,0.009782521985471249,0.007878581993281841,0.061775755137205124,0.011481096036732197,0.18694087862968445,0.005573999136686325,0.02261801564678715,0.10305018679261432,0.08980296525547511,0.0013809370561940106,0.054104766405136555
43986,1237,H1_45,0,0.0067840819247066975,0.12165054678916931,0.005158661399036646,0.005232019815593958,0.055439919233322144,0.0030390729662030935,0.18694087862968445,0.008568844757974148,0.09409127525124673,0.057481171614840655,0.04205266166480184,0.0013007266463305204,0.04233783906955437
43987,1237,H1_45,0,0.001985619543120265,0.0014347053365781903,0.002432827139273286,0.0016769934445619583,0.003333008149638772,0.001140157226473093,0.6195884943008423,0.0006090843235142529,0.0009126035868721817,0.0,0.006133608265561836,0.0002334250461261756,0.03483435686471841
43988,1237,H1_45,0,0.09529460221529007,0.0690259262919426,0.11883603036403656,0.04462524503469467,0.05180121958255768,0.06331383436918259,0.6195884943008423,0.08325903117656708,0.2422568895188614,0.09786594545877034,0.11281224218492314,0.023038005124818163,0.05433385259430262
43989,1237,H1_45,0,0.001917611574754119,0.005202497821301222,0.0020811804570257664,0.003105959389358759,0.00540637644007802,0.009419344365596771,0.6195884943008423,0.0019708683248609304,0.15395387052766119,0.050388950582931365,0.041231443416287324,0.0006208763778536836,0.0408378849145391
43990,1237,H1_45,0,0.00398658262565732,0.011489481665194035,0.0024238715413957834,0.0026401306968182325,0.007371779065579176,0.002111087553203106,0.6195884943008423,0.0038950000889599323,0.13731957888613394,0.062164127504761676,0.02809002169413983,0.0033505403887635504,0.04086373318129135
43993,1237,H1_45,0,0.1031593382358551,0.22217005491256714,0.07985080778598785,0.06114545091986656,0.033845625817775726,0.03529655560851097,0.6195884943008423,0.055831268429756165,0.9252088312012412,0.2724803439702372,0.13597518117513013,0.0079630202736048,0.06916072580951425
43994,1237,H1_45,0,0.005831934977322817,0.014047826640307903,0.009063641540706158,0.0078041753731667995,0.019512536004185677,0.0063966200686991215,0.6195884943008423,0.006527633871883154,0.5955998835367602,0.12655966466683288,0.07310488157636276,0.0012551377680377876,0.0464002640643608
43996,1237,H1_45,0,0.0009558434830978513,0.0598837248980999,0.0014099683612585068,0.00033537091803736985,0.00854656845331192,0.0006318908417597413,0.6195884943008423,0.0015461102593690157,0.18556890426296946,0.041468567485236564,0.027843403863898893,0.00038896432485076597,0.03829782628495105
43997,1237,H1_45,0,0.007294893264770508,0.3263428509235382,0.008622975088655949,0.0049566542729735374,0.041999489068984985,0.010592474602162838,0.6195884943008423,0.009820211678743362,0.9168655160012855,0.2198107638880866,0.16362553902711557,0.0012695244040329145,0.0659299275161865
43998,1237,H1_45,0,0.15131309628486633,0.13924266397953033,0.1606285274028778,0.22516024112701416,0.09733721613883972,0.11511719226837158,0.6195884943008423,0.2007712870836258,0.1470074816921786,0.2650633740141354,0.2229494406407326,0.031369471580458455,0.10546498352268092
43999,1237,H1_45,0,0.006858734879642725,0.011916778981685638,0.007177421823143959,0.004267016425728798,0.025858065113425255,0.003311385400593281,0.6195884943008423,0.004175481386482716,0.31360754495234516,0.13724990570286935,0.07850883155305803,0.0012606365225881224,0.052130516256588454
44001,1237,H1_45,0,0.0025812305975705385,0.24291330575942993,0.003586044767871499,0.0030354419723153114,0.17901311814785004,0.005542300641536713,0.6195884943008423,0.00465174438431859,0.19158313675695537,0.16657956355061423,0.0757094858750624,0.0011770455957246897,0.05718302234187028
43972,1237,H2_15,0,0.006159516051411629,0.014843463897705078,0.007549959700554609,0.004360557533800602,0.019063059240579605,0.0029536262154579163,0.06761042028665543,0.0034699304960668087,0.00699586077185448,0.002835017619994684,0.013027758838261003,0.0012722038087175905,0.0356635638631099
43973,1237,H2_15,0,0.006067084148526192,0.004853447433561087,0.007198346313089132,0.004021452274173498,0.017665807157754898,0.004217363428324461,0.06761042028665543,0.00982766505330801,0.06746913691813634,0.026620795145333918,0.04919981132916634,0.0008972377023753502,0.04053914190966609
43974,1237,H2_15,0,0.006030508782714605,0.013840706087648869,0.009858383797109127,0.005065952427685261,0.008618650957942009,0.010853176936507225,0.06761042028665543,0.005195245146751404,0.06826410931526967,0.06424999551683742,0.07529135390406798,0.0012512648818603315,0.047185564360222976
43975,1237,H2_15,0,0.012002446688711643,0.04371171444654465,0.01546557992696762,0.011883010156452656,0.023269951343536377,0.0450315959751606,0.06761042028665543,0.0059457095339894295,0.015925175546162407,0.03492516846584845,0.0473945525837699,0.006389832470843215,0.042035842669374955
43976,1237,H2_15,0,0.12915587425231934,0.4062504172325134,0.082717165350914,0.11950033158063889,0.0033519314602017403,0.17400901019573212,0.06761042028665543,0.08066166192293167,0.7656823169496775,0.1454724377571791,0.12702446176872015,0.028571060443496166,0.054619212134451305
43977,1237,H2_15,0,0.059142131358385086,0.10764515399932861,0.08684691786766052,0.06226537749171257,0.0639636218547821,0.2518528401851654,0.06761042028665543,0.04667545482516289,0.01981519896836151,0.17657134197293603,0.14452632356644354,0.034979859273030905,0.07578657764876955
43979,1237,H2_15,0,0.010219573974609375,0.178682342171669,0.005982391070574522,0.0063583869487047195,0.025290997698903084,0.03285933658480644,0.06761042028665543,0.004132802132517099,0.18147392848755345,0.14470616647150072,0.15950378571219834,0.00201231851528812,0.06760738552905406
43980,1237,H2_15,0,0.04474537447094917,0.2306157946586609,0.053032275289297104,0.02468993328511715,0.08515311032533646,0.07025586068630219,0.5849013924598694,0.023398220539093018,3.91017215700693e-05,0.16422303360244836,0.1725862505549107,0.0050052548573636425,0.07691592809703264
43981,1237,H2_15,0,0.0633840337395668,0.37323707342147827,0.06989557296037674,0.07402677834033966,0.3240531086921692,0.06558538228273392,0.5849013924598694,0.0861879512667656,0.47187193166341057,0.19170629228991698,0.1659127786516222,0.009730536308737252,0.07042637596426639
43985,1237,H2_15,0,0.005232282914221287,0.011673782020807266,0.005032618995755911,0.007881802506744862,0.005812082439661026,0.0034801634028553963,0.06761042028665543,0.005527928005903959,0.04127553730509052,0.08970981280070885,0.09174207369473897,0.0025514046040683034,0.052574825214367876
43986,1237,H2_15,0,0.0012993537820875645,0.007365856785327196,0.0023303073830902576,0.0008467939915135503,0.0021709464490413666,0.003630121471360326,0.06761042028665543,0.001205986482091248,0.010042321363063732,0.021238931587247795,0.020757276025297287,0.00016346347417403375,0.037845544246537584
43987,1237,H2_15,0,0.00138712371699512,0.0015051292721182108,0.001503156265243888,0.0015044829342514277,0.0010725157335400581,0.0010543916141614318,0.5771340131759644,0.0006032897508703172,0.0011957246045572014,0.0014722878907276072,0.002311361681401103,0.000206975441940491,0.03460107795615507
43988,1237,H2_15,0,0.00678370613604784,0.0021703410893678665,0.009307906031608582,0.0066519808024168015,0.023064512759447098,0.0036562765017151833,0.5771340131759644,0.003910241182893515,0.046776479945922225,0.03730772710280419,0.03936533572551784,0.0017924280790429395,0.04079264520951822
43989,1237,H2_15,0,0.01886674389243126,0.03423214703798294,0.018394775688648224,0.01784639060497284,0.05541535094380379,0.0028618238866329193,0.5771340131759644,0.004261590074747801,0.5207579372311307,0.05773082293852554,0.07267699506664894,0.0042581531411034065,0.040723065962446396
43990,1237,H2_15,0,0.009901901707053185,0.02660970762372017,0.010043679736554623,0.00856389943510294,0.04762768745422363,0.007939533330500126,0.5771340131759644,0.013815452344715595,0.04511095131965867,0.0724782033022611,0.041173373119417586,0.01808391122722918,0.045224762654993915
43991,1237,H2_15,1,0.04917784780263901,0.13234086334705353,0.044216450303792953,0.023705026134848595,0.08101289719343185,0.0794333666563034,0.3610820174217224,0.037768665701150894,0.6779797618795188,0.22121135874694375,0.17678145202897533,0.005678360557007919,0.07294009850406803
43992,1237,H2_15,0,0.013814352452754974,0.04786067083477974,0.013644848950207233,0.006630030460655689,0.0339946486055851,0.008309890516102314,0.405869722366333,0.008181620389223099,0.2620048278140782,0.15092368814668483,0.09381702332678166,0.002268982791505999,0.05674603377709483
43993,1237,H2_15,0,0.0934247151017189,0.3405179977416992,0.11336934566497803,0.08711635321378708,0.2611655592918396,0.022899527102708817,0.5771340131759644,0.0659574642777443,0.988851794314253,0.18219960752414574,0.1793186496917723,0.037539195278186756,0.06469984826160378
43996,1237,H2_15,0,0.001065653283149004,0.04484374448657036,0.0016273793298751116,0.0010238586692139506,0.005499042104929686,0.0004523186362348497,0.5771340131759644,0.0014146158937364817,0.12288843802636358,0.05756685213818671,0.02257564657619618,0.0004994397814491564,0.03990917966994173
43997,1237,H2_15,0,0.009739520959556103,0.007726999931037426,0.010315366089344025,0.00655602291226387,0.07273399084806442,0.0053179883398115635,0.5771340131759644,0.006950993090867996,0.7031200576159773,0.1748104211546296,0.08648973183560281,0.002176762672928698,0.051994223143359684
43998,1237,H2_15,0,0.02613872103393078,0.039049457758665085,0.029270222410559654,0.026385359466075897,0.011283621191978455,0.029094628989696503,0.5771340131759644,0.01625858247280121,0.42031613857867234,0.2667207772336367,0.12583285555154064,0.005634079187075418,0.07610141317532872
44001,1237,H2_15,0,0.011853789910674095,0.19014865159988403,0.019547464326024055,0.009379005990922451,0.10684482008218765,0.007880846969783306,0.5771340131759644,0.023593008518218994,0.19524927294364325,0.07773826497077763,0.054769838216942035,0.003349792100213476,0.04450020851266837
43972,1237,H2_30,0,0.001855023787356913,0.0014878878137096763,0.002448605140671134,0.0015691358130425215,0.001671027159318328,0.002037542639300227,0.020507007837295532,0.0009499512962065637,0.003141758824355428,0.0,0.0,0.00031433387589500293,0.034263245264449856
43973,1237,H2_30,0,0.0012434788513928652,0.0007617395021952689,0.002666643587872386,0.0012959395535290241,0.025300603359937668,0.003784937784075737,0.020507007837295532,0.0026562130078673363,0.06711143972813742,0.04211088405015326,0.044544415570557626,0.0007525043546548322,0.041487874771837366
43974,1237,H2_30,0,0.001774228410795331,0.0008493175846524537,0.0018804998835548759,0.0027213050052523613,0.002256902167573571,0.005530625581741333,0.020507007837295532,0.0008253094274550676,0.17634415188564487,0.07622226175948214,0.061384317081732254,0.00033740926332306316,0.04526605542676145
43975,1237,H2_30,0,0.014783324673771858,0.025240391492843628,0.04458149895071983,0.019470112398266792,0.029858451336622238,0.05632535368204117,0.020507007837295532,0.012331023812294006,0.06557363172082947,0.033634137755332284,0.03517059910959506,0.003369755016348097,0.03985161526995701
43976,1237,H2_30,0,0.05146592855453491,0.11307208240032196,0.09783917665481567,0.07202862203121185,0.024842368438839912,0.10393761843442917,0.020507007837295532,0.0703810602426529,0.5907787591899815,0.18727117673200427,0.1257759008197503,0.0172320182418907,0.061706234416043136
43980,1237,H2_30,0,0.0034850931260734797,0.020490143448114395,0.004568702075630426,0.005203805863857269,0.13062481582164764,0.00769414659589529,0.2147267460823059,0.006533923093229532,0.0011781542637600178,0.1539974277681853,0.1780051989826066,0.0045385746451006735,0.07627454484166081
43981,1237,H2_30,0,0.018954617902636528,0.12824910879135132,0.01719300076365471,0.012338721193373203,0.04781371355056763,0.07623167335987091,0.2147267460823059,0.013661948963999748,0.017891414648962607,0.06635691329288837,0.10285421398819065,0.009073099793619662,0.05209127918383954
43984,1237,H2_30,0,0.38423416018486023,0.4833604097366333,0.3636524975299835,0.39482611417770386,0.45159584283828735,0.4791349172592163,0.6233144402503967,0.4529186487197876,0.5596116975868075,0.6131078815537533,0.31781833422181627,0.3738008643785338,0.3250652481148868
43985,1237,H2_30,0,0.0067841303534805775,0.009214448742568493,0.006508982740342617,0.005117852706462145,0.005597924813628197,0.0047977389767766,0.020507007837295532,0.0029415006283670664,3.3301563201038067e-06,0.0629957606411454,0.07771491398369584,0.0015480540939006584,0.04833948267572268
43986,1237,H2_30,0,0.000194716383703053,0.0029279536101967096,0.00013710666098631918,0.00017355421732645482,0.0034483778290450573,0.0005369569407775998,0.020507007837295532,0.00013083939848002046,0.001196801881802107,0.03237097849488719,0.01858261903457992,6.998322033681784e-05,0.0386890610052545
43987,1237,H2_30,0,0.0011026511201635003,0.0015051292721182108,0.0015557573642581701,0.001203573658131063,0.0014962487621232867,0.0011445704149082303,0.25091931223869324,0.0004574240592774004,0.00025917952287399557,0.0,0.0044069538891107676,0.00015563513164849752,0.03468244582361286
43988,1237,H2_30,0,0.0033669197000563145,0.017945367842912674,0.004219204653054476,0.0021811476908624172,0.016033871099352837,0.0021815099753439426,0.25091931223869324,0.0019344543106853962,0.03666224540344447,0.03810040725408239,0.01318686979097604,0.001180050934501162,0.03828485549133325
43989,1237,H2_30,0,0.004417419899255037,0.016953978687524796,0.0027462479192763567,0.0026730340905487537,0.0158237237483263,0.0030637371819466352,0.25091931223869324,0.0013484732480719686,0.060963671402217645,0.04504287860136294,0.029494070230816054,0.0005888011927815544,0.040239641710616475
43990,1237,H2_30,0,0.005294107366353273,0.020927678793668747,0.0023138215765357018,0.0036022213753312826,0.009688724763691425,0.004388520028442144,0.25091931223869324,0.002736638765782118,0.1185537511106092,0.0426351230974212,0.03579744223628019,0.0007475355956491977,0.039993299385305714
43991,1237,H2_30,1,0.013374381698668003,0.02182122878730297,0.017726091668009758,0.014042472466826439,0.00644035404548049,0.014882422983646393,0.3112334609031677,0.012404276989400387,0.3606679656288955,0.08615824936292676,0.04913590934510592,0.00994597995595788,0.043005923816582504
43992,1237,H2_30,0,0.002000638050958514,0.09168484061956406,0.002858089515939355,0.0020257332362234592,0.027245884761214256,0.00598977692425251,0.3167247772216797,0.0014979636762291193,0.005006859861750294,0.1760581074124442,0.09491843335292308,0.0006173888026548426,0.06465858298514958
43995,1237,H2_30,0,0.05241487920284271,0.1567697674036026,0.035281069576740265,0.05117111653089523,0.043510209769010544,0.03470580279827118,0.32050442695617676,0.05195214971899986,0.8077465810012482,0.11210170000448391,0.11513922065816266,0.020247547164687477,0.048257297773916956
43996,1237,H2_30,0,0.0006099577876739204,0.037051890045404434,0.0011105563025921583,0.0005387309938669205,0.002729889005422592,0.0006419561104848981,0.25091931223869324,0.0005798034253530204,0.005742161142423814,0.03533376052710688,0.011129694963195979,0.00022231556791586007,0.03815797999572982
43997,1237,H2_30,0,0.01669630967080593,0.005717198830097914,0.020068073645234108,0.015712518244981766,0.030919045209884644,0.00932988990098238,0.25091931223869324,0.02190556935966015,0.7072537167767693,0.11348621708068869,0.06951470111277759,0.008571299121353093,0.04366817258391573
44001,1237,H2_30,0,0.03881940245628357,0.016600174829363823,0.0309901125729084,0.03534344583749771,0.018313227221369743,0.012626714073121548,0.25091931223869324,0.011420604772865772,1.5197313993468914e-05,0.0952417340298975,0.03039409048676392,0.008758247773122336,0.04638939936532391
44003,1237,H2_30,0,0.01212280709296465,0.048435792326927185,0.014963614754378796,0.010418638586997986,0.0699605643749237,0.021756941452622414,0.6233144402503967,0.019014041870832443,0.5004200730602992,0.11134344050592712,0.07913030198780069,0.002507882987043377,0.04678665319233061
44010,1237,H2_30,0,0.4925214648246765,0.1671076864004135,0.5092975497245789,0.451545387506485,0.7571068406105042,0.6915360689163208,0.32050442695617676,0.3283039927482605,0.8070139340097174,0.3032054082608017,0.40477045553963037,0.0930421262888357,0.15693427787835962
